NUM_POSTE;NOM_USUEL;LAT;LON;ALTI;AAAAMMJJ;RR;QRR;TN;QTN;HTN;QHTN;TX;QTX;HTX;QHTX;TM;QTM;TNTXM;QTNTXM;TAMPLI;QTAMPLI;TNSOL;QTNSOL;TN50;QTN50;DG;QDG;FFM;QFFM;FF2M;QFF2M;FXY;QFXY;DXY;QDXY;HXY;QHXY;FXI;QFXI;DXI;QDXI;HXI;QHXI;FXI2;QFXI2;DXI2;QDXI2;HXI2;QHXI2;FXI3S;QFXI3S;DXI3S;QDXI3S;HXI3S;QHXI3S;DRR;QDRR;STATUS_FXI3S;STATUS_DXI3S
75106001;LUXEMBOURG;48.844833;2.338500;50;20250101;13.3;1;4.6;1;1801;9;9.0;1;144;9;6.7;1;6.8;1;4.4;1;;;;;0;9;;;;;;;;;;;;;;;;;;;;;;;;;;;;;;;;
75106001;LUXEMBOURG;48.844833;2.338500;50;20250102;7.4;1;3.1;1;836;9;5.2;1;601;9;4.8;1;4.2;1;2.1;1;;;;;0;9;;;;;;;;;;;;;;;;;;;;;;;;;;;;;;;;
75106001;LUXEMBOURG;48.844833;2.338500;50;20250103;0.2;1;-0.1;1;653;9;5.5;1;1202;9;1.6;1;2.7;1;5.6;1;;;;;153;9;;;;;;;;;;;;;;;;;;;;;;;;;;;;;;;;
75106001;LUXEMBOURG;48.844833;2.338500;50;20250104;10.7;1;-2.2;1;547;9;11.5;1;525;9;0.4;1;4.7;1;13.7;1;;;;;626;9;;;;;;;;;;;;;;;;;;;;;;;;;;;;;;;;
75106001;LUXEMBOURG;48.844833;2.338500;50;20250105;2.2;1;1.0;1;1857;9;13.2;1;1316;9;11.3;1;7.1;1;12.2;1;;;;;0;9;;;;;;;;;;;;;;;;;;;;;;;;;;;;;;;;
75106001;LUXEMBOURG;48.844833;2.338500;50;20250106;2.8;1;7.5;1;1504;9;12.4;1;656;9;9.9;1;10.0;1;4.9;1;;;;;0;9;;;;;;;;;;;;;;;;;;;;;;;;;;;;;;;;
75106001;LUXEMBOURG;48.844833;2.338500;50;20250107;0.0;1;4.6;1;714;9;8.1;1;1218;9;6.3;1;6.4;1;3.5;1;;;;;0;9;;;;;;;;;;;;;;;;;;;;;;;;;;;;;;;;
75106001;LUXEMBOURG;48.844833;2.338500;50;20250108;14.9;1;4.2;1;1044;9;12.5;1;1859;9;7.6;1;8.4;1;8.3;1;;;;;0;9;;;;;;;;;;;;;;;;;;;;;;;;;;;;;;;;
75106001;LUXEMBOURG;48.844833;2.338500;50;20250109;1.0;1;2.8;1;944;9;11.1;1;640;9;6.4;1;7.0;1;8.3;1;;;;;0;9;;;;;;;;;;;;;;;;;;;;;;;;;;;;;;;;
75106001;LUXEMBOURG;48.844833;2.338500;50;20250110;0.0;1;3.0;1;1747;9;6.6;1;1422;9;4.0;1;4.8;1;3.6;1;;;;;0;9;;;;;;;;;;;;;;;;;;;;;;;;;;;;;;;;
75106001;LUXEMBOURG;48.844833;2.338500;50;20250111;0.0;1;-0.2;1;826;9;3.5;1;1350;9;1.4;1;1.7;1;3.7;1;;;;;143;9;;;;;;;;;;;;;;;;;;;;;;;;;;;;;;;;
75106001;LUXEMBOURG;48.844833;2.338500;50;20250112;0.0;1;1.4;1;1801;9;5.2;1;1311;9;3.1;1;3.3;1;3.8;1;;;;;0;9;;;;;;;;;;;;;;;;;;;;;;;;;;;;;;;;
75106001;LUXEMBOURG;48.844833;2.338500;50;20250113;0.0;1;0.8;1;825;9;5.9;1;1219;9;2.0;1;3.4;1;5.1;1;;;;;207;9;;;;;;;;;;;;;;;;;;;;;;;;;;;;;;;;
75106001;LUXEMBOURG;48.844833;2.338500;50;20250114;0.0;1;-3.0;1;656;9;6.1;1;1354;9;0.7;1;1.6;1;9.1;1;;;;;599;9;;;;;;;;;;;;;;;;;;;;;;;;;;;;;;;;
75106001;LUXEMBOURG;48.844833;2.338500;50;20250115;0.6;1;0.7;1;1801;9;7.1;1;1446;9;5.0;1;3.9;1;6.4;1;;;;;0;9;;;;;;;;;;;;;;;;;;;;;;;;;;;;;;;;
75106001;LUXEMBOURG;48.844833;2.338500;50;20250116;0.0;1;2.1;1;551;9;5.2;1;1147;9;4.2;1;3.7;1;3.1;1;;;;;0;9;;;;;;;;;;;;;;;;;;;;;;;;;;;;;;;;
75106001;LUXEMBOURG;48.844833;2.338500;50;20250117;0.0;1;0.3;1;518;9;1.9;1;1249;9;0.9;1;1.1;1;1.6;1;;;;;51;9;;;;;;;;;;;;;;;;;;;;;;;;;;;;;;;;
75106001;LUXEMBOURG;48.844833;2.338500;50;20250118;0.0;1;-0.1;1;2358;9;2.3;1;1450;9;1.1;1;1.1;1;2.4;1;;;;;226;9;;;;;;;;;;;;;;;;;;;;;;;;;;;;;;;;
75106001;LUXEMBOURG;48.844833;2.338500;50;20250119;0.0;1;-1.3;1;2343;9;2.3;1;1333;9;1.2;1;0.5;1;3.6;1;;;;;67;9;;;;;;;;;;;;;;;;;;;;;;;;;;;;;;;;
75106001;LUXEMBOURG;48.844833;2.338500;50;20250120;0.0;1;-0.4;1;754;9;0.9;1;1053;9;0.0;1;0.3;1;1.3;1;;;;;833;9;;;;;;;;;;;;;;;;;;;;;;;;;;;;;;;;
75106001;LUXEMBOURG;48.844833;2.338500;50;20250121;0.0;1;-0.8;1;632;9;5.9;1;1357;9;1.9;1;2.6;1;6.7;1;;;;;589;9;;;;;;;;;;;;;;;;;;;;;;;;;;;;;;;;
75106001;LUXEMBOURG;48.844833;2.338500;50;20250122;20.3;1;1.9;1;1814;9;9.4;1;1437;9;6.8;1;5.7;1;7.5;1;;;;;0;9;;;;;;;;;;;;;;;;;;;;;;;;;;;;;;;;
75106001;LUXEMBOURG;48.844833;2.338500;50;20250123;0.4;1;5.2;1;842;9;9.1;1;2258;9;7.2;1;7.2;1;3.9;1;;;;;0;9;;;;;;;;;;;;;;;;;;;;;;;;;;;;;;;;
75106001;LUXEMBOURG;48.844833;2.338500;50;20250124;3.2;1;7.7;1;1801;9;13.3;1;2107;9;10.4;1;10.5;1;5.6;1;;;;;0;9;;;;;;;;;;;;;;;;;;;;;;;;;;;;;;;;
75106001;LUXEMBOURG;48.844833;2.338500;50;20250125;9.0;1;8.4;1;1749;9;12.8;1;601;9;9.6;1;10.6;1;4.4;1;;;;;0;9;;;;;;;;;;;;;;;;;;;;;;;;;;;;;;;;
75106001;LUXEMBOURG;48.844833;2.338500;50;20250126;3.8;1;2.2;1;733;9;12.5;1;234;9;6.1;1;7.4;1;10.3;1;;;;;0;9;;;;;;;;;;;;;;;;;;;;;;;;;;;;;;;;
75106001;LUXEMBOURG;48.844833;2.338500;50;20250127;0.2;1;9.1;1;2304;9;12.4;1;1315;9;10.5;1;10.8;1;3.3;1;;;;;0;9;;;;;;;;;;;;;;;;;;;;;;;;;;;;;;;;
75106001;LUXEMBOURG;48.844833;2.338500;50;20250128;1.4;1;7.1;1;819;9;12.3;1;1543;9;9.3;1;9.7;1;5.2;1;;;;;0;9;;;;;;;;;;;;;;;;;;;;;;;;;;;;;;;;
75106001;LUXEMBOURG;48.844833;2.338500;50;20250129;14.7;1;6.9;1;748;9;8.4;1;1118;9;8.1;1;7.7;1;1.5;1;;;;;0;9;;;;;;;;;;;;;;;;;;;;;;;;;;;;;;;;
75106001;LUXEMBOURG;48.844833;2.338500;50;20250130;0.0;1;6.3;1;418;9;9.0;1;1102;9;6.9;1;7.7;1;2.7;1;;;;;0;9;;;;;;;;;;;;;;;;;;;;;;;;;;;;;;;;
75106001;LUXEMBOURG;48.844833;2.338500;50;20250131;4.4;1;1.4;1;307;9;7.0;1;1120;9;3.8;1;4.2;1;5.6;1;;;;;0;9;;;;;;;;;;;;;;;;;;;;;;;;;;;;;;;;
75106001;LUXEMBOURG;48.844833;2.338500;50;20250201;0.2;1;0.0;1;736;9;9.1;1;1442;9;3.6;1;4.6;1;9.1;1;;;;;6;9;;;;;;;;;;;;;;;;;;;;;;;;;;;;;;;;
75106001;LUXEMBOURG;48.844833;2.338500;50;20250202;0.0;1;-0.7;1;622;9;9.8;1;1435;9;3.5;1;4.6;1;10.5;1;;;;;189;9;;;;;;;;;;;;;;;;;;;;;;;;;;;;;;;;
75106001;LUXEMBOURG;48.844833;2.338500;50;20250203;0.2;1;0.3;1;502;9;9.4;1;1312;9;2.9;1;4.9;1;9.1;1;;;;;0;9;;;;;;;;;;;;;;;;;;;;;;;;;;;;;;;;
75106001;LUXEMBOURG;48.844833;2.338500;50;20250204;0.2;1;-0.7;1;552;9;3.7;1;558;9;1.2;1;1.5;1;4.4;1;;;;;472;9;;;;;;;;;;;;;;;;;;;;;;;;;;;;;;;;
75106001;LUXEMBOURG;48.844833;2.338500;50;20250205;0.0;1;2.4;1;1941;9;7.3;1;1430;9;4.9;1;4.9;1;4.9;1;;;;;0;9;;;;;;;;;;;;;;;;;;;;;;;;;;;;;;;;
75106001;LUXEMBOURG;48.844833;2.338500;50;20250206;0.2;1;2.9;1;809;9;5.2;1;1838;9;4.2;1;4.1;1;2.3;1;;;;;0;9;;;;;;;;;;;;;;;;;;;;;;;;;;;;;;;;
75106001;LUXEMBOURG;48.844833;2.338500;50;20250207;1.2;1;2.7;1;814;9;7.7;1;509;9;4.8;1;5.2;1;5.0;1;;;;;0;9;;;;;;;;;;;;;;;;;;;;;;;;;;;;;;;;
75106001;LUXEMBOURG;48.844833;2.338500;50;20250208;3.8;1;4.1;1;853;9;7.8;1;1247;9;6.4;1;6.0;1;3.7;1;;;;;0;9;;;;;;;;;;;;;;;;;;;;;;;;;;;;;;;;
75106001;LUXEMBOURG;48.844833;2.338500;50;20250209;0.4;1;4.4;1;55;9;7.6;1;1522;9;5.9;1;6.0;1;3.2;1;;;;;0;9;;;;;;;;;;;;;;;;;;;;;;;;;;;;;;;;
75106001;LUXEMBOURG;48.844833;2.338500;50;20250210;5.8;1;4.9;1;745;9;6.2;1;1535;9;5.1;1;5.6;1;1.3;1;;;;;0;9;;;;;;;;;;;;;;;;;;;;;;;;;;;;;;;;
75106001;LUXEMBOURG;48.844833;2.338500;50;20250211;0.0;1;3.3;1;2048;9;6.7;1;1510;9;4.6;1;5.0;1;3.4;1;;;;;0;9;;;;;;;;;;;;;;;;;;;;;;;;;;;;;;;;
75106001;LUXEMBOURG;48.844833;2.338500;50;20250212;0.2;1;1.5;1;138;9;6.3;1;1358;9;4.7;1;3.9;1;4.8;1;;;;;0;9;;;;;;;;;;;;;;;;;;;;;;;;;;;;;;;;
75106001;LUXEMBOURG;48.844833;2.338500;50;20250213;0.0;1;3.4;1;655;9;6.6;1;1147;9;4.8;1;5.0;1;3.2;1;;;;;0;9;;;;;;;;;;;;;;;;;;;;;;;;;;;;;;;;
75106001;LUXEMBOURG;48.844833;2.338500;50;20250214;0.0;1;-0.4;1;711;9;7.6;1;1354;9;2.8;1;3.6;1;8.0;1;;;;;197;9;;;;;;;;;;;;;;;;;;;;;;;;;;;;;;;;
75106001;LUXEMBOURG;48.844833;2.338500;50;20250215;0.0;1;-1.2;1;402;9;5.6;1;1342;9;1.8;1;2.2;1;6.8;1;;;;;407;9;;;;;;;;;;;;;;;;;;;;;;;;;;;;;;;;
75106001;LUXEMBOURG;48.844833;2.338500;50;20250216;0.0;1;-0.9;1;643;9;8.3;1;1306;9;3.1;1;3.7;1;9.2;1;;;;;346;9;;;;;;;;;;;;;;;;;;;;;;;;;;;;;;;;
75106001;LUXEMBOURG;48.844833;2.338500;50;20250217;0.2;1;-1.1;1;610;9;8.9;1;1437;9;3.2;1;3.9;1;10.0;1;;;;;280;9;;;;;;;;;;;;;;;;;;;;;;;;;;;;;;;;
75106001;LUXEMBOURG;48.844833;2.338500;50;20250218;0.0;1;0.5;1;659;9;9.7;1;1425;9;4.4;1;5.1;1;9.2;1;;;;;0;9;;;;;;;;;;;;;;;;;;;;;;;;;;;;;;;;
75106001;LUXEMBOURG;48.844833;2.338500;50;20250219;0.0;1;1.3;1;547;9;10.8;1;1642;9;6.3;1;6.1;1;9.5;1;;;;;0;9;;;;;;;;;;;;;;;;;;;;;;;;;;;;;;;;
75106001;LUXEMBOURG;48.844833;2.338500;50;20250220;1.0;1;6.9;1;2313;9;14.2;1;1343;9;11.0;1;10.6;1;7.3;1;;;;;0;9;;;;;;;;;;;;;;;;;;;;;;;;;;;;;;;;
75106001;LUXEMBOURG;48.844833;2.338500;50;20250221;0.8;1;10.6;1;623;9;16.4;1;1515;9;13.8;1;13.5;1;5.8;1;;;;;0;9;;;;;;;;;;;;;;;;;;;;;;;;;;;;;;;;
75106001;LUXEMBOURG;48.844833;2.338500;50;20250222;1.2;1;10.4;1;711;9;14.9;1;1512;9;11.7;1;12.7;1;4.5;1;;;;;0;9;;;;;;;;;;;;;;;;;;;;;;;;;;;;;;;;
75106001;LUXEMBOURG;48.844833;2.338500;50;20250223;0.0;1;6.0;1;621;9;15.8;1;1409;9;11.0;1;10.9;1;9.8;1;;;;;0;9;;;;;;;;;;;;;;;;;;;;;;;;;;;;;;;;
75106001;LUXEMBOURG;48.844833;2.338500;50;20250224;1.0;1;10.8;1;409;9;13.9;1;1210;9;11.6;1;12.4;1;3.1;1;;;;;0;9;;;;;;;;;;;;;;;;;;;;;;;;;;;;;;;;
75106001;LUXEMBOURG;48.844833;2.338500;50;20250225;22.3;1;6.9;1;1754;9;10.0;1;839;9;8.9;1;8.5;1;3.1;1;;;;;0;9;;;;;;;;;;;;;;;;;;;;;;;;;;;;;;;;
75106001;LUXEMBOURG;48.844833;2.338500;50;20250226;2.8;1;5.1;1;635;9;11.1;1;1357;9;8.0;1;8.1;1;6.0;1;;;;;0;9;;;;;;;;;;;;;;;;;;;;;;;;;;;;;;;;
75106001;LUXEMBOURG;48.844833;2.338500;50;20250227;0.0;1;5.2;1;622;9;10.4;1;1453;9;7.5;1;7.8;1;5.2;1;;;;;0;9;;;;;;;;;;;;;;;;;;;;;;;;;;;;;;;;
75106001;LUXEMBOURG;48.844833;2.338500;50;20250228;0.0;1;5.4;1;419;9;10.2;1;1107;9;7.0;1;7.8;1;4.8;1;;;;;0;9;;;;;;;;;;;;;;;;;;;;;;;;;;;;;;;;
75106001;LUXEMBOURG;48.844833;2.338500;50;20250301;0.0;1;2.0;1;613;9;9.9;1;1343;9;4.8;1;6.0;1;7.9;1;;;;;0;9;;;;;;;;;;;;;;;;;;;;;;;;;;;;;;;;
75106001;LUXEMBOURG;48.844833;2.338500;50;20250302;0.0;1;1.0;1;441;9;13.8;1;1418;9;6.3;1;7.4;1;12.8;1;;;;;0;9;;;;;;;;;;;;;;;;;;;;;;;;;;;;;;;;
75106001;LUXEMBOURG;48.844833;2.338500;50;20250303;0.2;1;1.1;1;626;9;14.9;1;1458;9;7.0;1;8.0;1;13.8;1;;;;;0;9;;;;;;;;;;;;;;;;;;;;;;;;;;;;;;;;
75106001;LUXEMBOURG;48.844833;2.338500;50;20250304;0.0;1;2.7;1;640;9;15.9;1;1540;9;7.7;1;9.3;1;13.2;1;;;;;0;9;;;;;;;;;;;;;;;;;;;;;;;;;;;;;;;;
75106001;LUXEMBOURG;48.844833;2.338500;50;20250305;0.0;1;2.7;1;650;9;20.1;1;1521;9;10.1;1;11.4;1;17.4;1;;;;;0;9;;;;;;;;;;;;;;;;;;;;;;;;;;;;;;;;
75106001;LUXEMBOURG;48.844833;2.338500;50;20250306;0.0;1;6.1;1;619;9;19.3;1;1510;9;11.9;1;12.7;1;13.2;1;;;;;0;9;;;;;;;;;;;;;;;;;;;;;;;;;;;;;;;;
75106001;LUXEMBOURG;48.844833;2.338500;50;20250307;0.0;1;8.5;1;703;9;19.3;1;1455;9;13.2;1;13.9;1;10.8;1;;;;;0;9;;;;;;;;;;;;;;;;;;;;;;;;;;;;;;;;
75106001;LUXEMBOURG;48.844833;2.338500;50;20250308;0.0;1;10.0;1;445;9;20.5;1;1457;9;14.3;1;15.3;1;10.5;1;;;;;0;9;;;;;;;;;;;;;;;;;;;;;;;;;;;;;;;;
75106001;LUXEMBOURG;48.844833;2.338500;50;20250309;0.0;1;9.6;1;607;9;19.5;1;1416;9;14.1;1;14.6;1;9.9;1;;;;;0;9;;;;;;;;;;;;;;;;;;;;;;;;;;;;;;;;
75106001;LUXEMBOURG;48.844833;2.338500;50;20250310;2.0;1;11.2;1;856;9;13.4;1;1558;9;11.5;1;12.3;1;2.2;1;;;;;0;9;;;;;;;;;;;;;;;;;;;;;;;;;;;;;;;;
75106001;LUXEMBOURG;48.844833;2.338500;50;20250311;0.6;1;6.1;1;536;9;11.8;1;1425;9;8.3;1;9.0;1;5.7;1;;;;;0;9;;;;;;;;;;;;;;;;;;;;;;;;;;;;;;;;
75106001;LUXEMBOURG;48.844833;2.338500;50;20250312;0.6;1;3.6;1;627;9;9.0;1;1413;9;6.1;1;6.3;1;5.4;1;;;;;0;9;;;;;;;;;;;;;;;;;;;;;;;;;;;;;;;;
75106001;LUXEMBOURG;48.844833;2.338500;50;20250313;0.0;1;3.3;1;632;9;11.1;1;1236;9;5.8;1;7.2;1;7.8;1;;;;;0;9;;;;;;;;;;;;;;;;;;;;;;;;;;;;;;;;
75106001;LUXEMBOURG;48.844833;2.338500;50;20250314;0.2;1;1.7;1;344;9;8.6;1;1614;9;4.9;1;5.2;1;6.9;1;;;;;0;9;;;;;;;;;;;;;;;;;;;;;;;;;;;;;;;;
75106001;LUXEMBOURG;48.844833;2.338500;50;20250315;0.0;1;1.7;1;613;9;10.6;1;1334;9;5.5;1;6.2;1;8.9;1;;;;;0;9;;;;;;;;;;;;;;;;;;;;;;;;;;;;;;;;
75106001;LUXEMBOURG;48.844833;2.338500;50;20250316;0.0;1;3.6;1;311;9;13.5;1;1448;9;7.4;1;8.6;1;9.9;1;;;;;0;9;;;;;;;;;;;;;;;;;;;;;;;;;;;;;;;;
75106001;LUXEMBOURG;48.844833;2.338500;50;20250317;0.0;1;1.4;1;552;9;14.2;1;1408;9;7.7;1;7.8;1;12.8;1;;;;;0;9;;;;;;;;;;;;;;;;;;;;;;;;;;;;;;;;
75106001;LUXEMBOURG;48.844833;2.338500;50;20250318;0.0;1;2.8;1;630;9;15.1;1;1535;9;8.7;1;9.0;1;12.3;1;;;;;0;9;;;;;;;;;;;;;;;;;;;;;;;;;;;;;;;;
75106001;LUXEMBOURG;48.844833;2.338500;50;20250319;0.0;1;7.2;1;618;9;19.6;1;1517;9;12.8;1;13.4;1;12.4;1;;;;;0;9;;;;;;;;;;;;;;;;;;;;;;;;;;;;;;;;
75106001;LUXEMBOURG;48.844833;2.338500;50;20250320;0.0;1;7.8;1;545;9;21.0;1;1442;9;14.0;1;14.4;1;13.2;1;;;;;0;9;;;;;;;;;;;;;;;;;;;;;;;;;;;;;;;;
75106001;LUXEMBOURG;48.844833;2.338500;50;20250321;4.8;1;11.5;1;2319;9;19.9;1;1446;9;15.2;1;15.7;1;8.4;1;;;;;0;9;;;;;;;;;;;;;;;;;;;;;;;;;;;;;;;;
75106001;LUXEMBOURG;48.844833;2.338500;50;20250322;5.0;1;11.8;1;728;9;19.4;1;1459;9;13.6;1;15.6;1;7.6;1;;;;;0;9;;;;;;;;;;;;;;;;;;;;;;;;;;;;;;;;
75106001;LUXEMBOURG;48.844833;2.338500;50;20250323;1.4;1;8.3;1;229;9;14.8;1;1515;9;10.8;1;11.6;1;6.5;1;;;;;0;9;;;;;;;;;;;;;;;;;;;;;;;;;;;;;;;;
75106001;LUXEMBOURG;48.844833;2.338500;50;20250324;0.0;1;8.1;1;542;9;18.7;1;1328;9;12.9;1;13.4;1;10.6;1;;;;;0;9;;;;;;;;;;;;;;;;;;;;;;;;;;;;;;;;
75106001;LUXEMBOURG;48.844833;2.338500;50;20250325;0.0;1;8.6;1;801;9;17.3;1;1428;9;11.7;1;13.0;1;8.7;1;;;;;0;9;;;;;;;;;;;;;;;;;;;;;;;;;;;;;;;;
75106001;LUXEMBOURG;48.844833;2.338500;50;20250326;0.0;1;9.5;1;19;9;17.9;1;1436;9;11.2;1;13.7;1;8.4;1;;;;;0;9;;;;;;;;;;;;;;;;;;;;;;;;;;;;;;;;
75106001;LUXEMBOURG;48.844833;2.338500;50;20250327;0.2;1;4.7;1;516;9;19.4;1;1551;9;11.5;1;12.1;1;14.7;1;;;;;0;9;;;;;;;;;;;;;;;;;;;;;;;;;;;;;;;;
75106001;LUXEMBOURG;48.844833;2.338500;50;20250328;4.6;1;5.5;1;623;9;14.0;1;1337;9;9.5;1;9.8;1;8.5;1;;;;;0;9;;;;;;;;;;;;;;;;;;;;;;;;;;;;;;;;
75106001;LUXEMBOURG;48.844833;2.338500;50;20250329;0.0;1;7.2;1;546;9;16.5;1;1424;9;11.2;1;11.9;1;9.3;1;;;;;0;9;;;;;;;;;;;;;;;;;;;;;;;;;;;;;;;;
75106001;LUXEMBOURG;48.844833;2.338500;50;20250330;0.0;1;7.5;1;2308;9;18.9;1;1427;9;12.5;1;13.2;1;11.4;1;;;;;0;9;;;;;;;;;;;;;;;;;;;;;;;;;;;;;;;;
75106001;LUXEMBOURG;48.844833;2.338500;50;20250331;0.0;1;6.7;1;608;9;18.2;1;1525;9;11.7;1;12.5;1;11.5;1;;;;;0;9;;;;;;;;;;;;;;;;;;;;;;;;;;;;;;;;
75106001;LUXEMBOURG;48.844833;2.338500;50;20250401;0.0;1;6.5;1;305;9;17.6;1;1246;9;11.4;1;12.1;1;11.1;1;;;;;0;9;;;;;;;;;;;;;;;;;;;;;;;;;;;;;;;;
75106001;LUXEMBOURG;48.844833;2.338500;50;20250402;0.0;1;6.7;1;515;9;19.8;1;1557;9;13.5;1;13.3;1;13.1;1;;;;;0;9;;;;;;;;;;;;;;;;;;;;;;;;;;;;;;;;
75106001;LUXEMBOURG;48.844833;2.338500;50;20250403;0.0;1;9.3;1;540;9;23.3;1;1456;9;16.5;1;16.3;1;14.0;1;;;;;0;9;;;;;;;;;;;;;;;;;;;;;;;;;;;;;;;;
75106001;LUXEMBOURG;48.844833;2.338500;50;20250404;0.0;1;12.0;1;300;9;26.3;1;1339;9;18.2;1;19.2;1;14.3;1;;;;;0;9;;;;;;;;;;;;;;;;;;;;;;;;;;;;;;;;
75106001;LUXEMBOURG;48.844833;2.338500;50;20250405;0.0;1;10.4;1;538;9;27.5;1;1426;9;18.3;1;19.0;1;17.1;1;;;;;0;9;;;;;;;;;;;;;;;;;;;;;;;;;;;;;;;;
75106001;LUXEMBOURG;48.844833;2.338500;50;20250406;0.0;1;8.8;1;559;9;21.3;1;1418;9;14.5;1;15.1;1;12.5;1;;;;;0;9;;;;;;;;;;;;;;;;;;;;;;;;;;;;;;;;
75106001;LUXEMBOURG;48.844833;2.338500;50;20250407;0.0;1;5.1;1;510;9;20.3;1;1453;9;12.5;1;12.7;1;15.2;1;;;;;0;9;;;;;;;;;;;;;;;;;;;;;;;;;;;;;;;;
75106001;LUXEMBOURG;48.844833;2.338500;50;20250408;0.0;1;4.8;1;543;9;21.4;1;1547;9;13.3;1;13.1;1;16.6;1;;;;;0;9;;;;;;;;;;;;;;;;;;;;;;;;;;;;;;;;
75106001;LUXEMBOURG;48.844833;2.338500;50;20250409;0.0;1;7.3;1;446;9;21.5;1;1423;9;13.8;1;14.4;1;14.2;1;;;;;0;9;;;;;;;;;;;;;;;;;;;;;;;;;;;;;;;;
75106001;LUXEMBOURG;48.844833;2.338500;50;20250410;0.0;1;5.4;1;537;9;19.7;1;1553;9;11.9;1;12.6;1;14.3;1;;;;;0;9;;;;;;;;;;;;;;;;;;;;;;;;;;;;;;;;
75106001;LUXEMBOURG;48.844833;2.338500;50;20250411;0.0;1;6.0;1;505;9;23.8;1;1510;9;14.5;1;14.9;1;17.8;1;;;;;0;9;;;;;;;;;;;;;;;;;;;;;;;;;;;;;;;;
75106001;LUXEMBOURG;48.844833;2.338500;50;20250412;4.2;1;8.1;1;458;9;22.7;1;1246;9;14.7;1;15.4;1;14.6;1;;;;;0;9;;;;;;;;;;;;;;;;;;;;;;;;;;;;;;;;
75106001;LUXEMBOURG;48.844833;2.338500;50;20250413;0.0;1;13.3;1;602;9;18.7;1;1512;9;14.6;1;16.0;1;5.4;1;;;;;0;9;;;;;;;;;;;;;;;;;;;;;;;;;;;;;;;;
75106001;LUXEMBOURG;48.844833;2.338500;50;20250414;0.6;1;7.8;1;437;9;21.2;1;1535;9;14.6;1;14.5;1;13.4;1;;;;;0;9;;;;;;;;;;;;;;;;;;;;;;;;;;;;;;;;
75106001;LUXEMBOURG;48.844833;2.338500;50;20250415;0.0;1;12.7;1;503;9;18.9;1;1055;9;14.8;1;15.8;1;6.2;1;;;;;0;9;;;;;;;;;;;;;;;;;;;;;;;;;;;;;;;;
75106001;LUXEMBOURG;48.844833;2.338500;50;20250416;0.0;1;8.7;1;541;9;15.3;1;1454;9;11.3;1;12.0;1;6.6;1;;;;;0;9;;;;;;;;;;;;;;;;;;;;;;;;;;;;;;;;
75106001;LUXEMBOURG;48.844833;2.338500;50;20250417;0.0;1;6.0;1;510;9;18.2;1;1001;9;12.6;1;12.1;1;12.2;1;;;;;0;9;;;;;;;;;;;;;;;;;;;;;;;;;;;;;;;;
75106001;LUXEMBOURG;48.844833;2.338500;50;20250418;0.0;1;7.1;1;436;9;19.8;1;1403;9;13.7;1;13.5;1;12.7;1;;;;;0;9;;;;;;;;;;;;;;;;;;;;;;;;;;;;;;;;
75106001;LUXEMBOURG;48.844833;2.338500;50;20250419;5.0;1;9.3;1;515;9;21.6;1;1527;9;14.0;1;15.5;1;12.3;1;;;;;0;9;;;;;;;;;;;;;;;;;;;;;;;;;;;;;;;;
75106001;LUXEMBOURG;48.844833;2.338500;50;20250420;4.4;1;11.2;1;650;9;17.4;1;1344;9;13.1;1;14.3;1;6.2;1;;;;;0;9;;;;;;;;;;;;;;;;;;;;;;;;;;;;;;;;
75106001;LUXEMBOURG;48.844833;2.338500;50;20250421;4.6;1;10.0;1;2350;9;16.0;1;1445;9;12.1;1;13.0;1;6.0;1;;;;;0;9;;;;;;;;;;;;;;;;;;;;;;;;;;;;;;;;
75106001;LUXEMBOURG;48.844833;2.338500;50;20250422;1.2;1;8.9;1;123;9;18.4;1;1258;9;13.4;1;13.7;1;9.5;1;;;;;0;9;;;;;;;;;;;;;;;;;;;;;;;;;;;;;;;;
75106001;LUXEMBOURG;48.844833;2.338500;50;20250423;11.1;1;8.9;1;639;9;17.0;1;1243;9;12.1;1;13.0;1;8.1;1;;;;;0;9;;;;;;;;;;;;;;;;;;;;;;;;;;;;;;;;
75106001;LUXEMBOURG;48.844833;2.338500;50;20250424;0.0;1;10.5;1;2240;9;16.9;1;1006;9;13.0;1;13.7;1;6.4;1;;;;;0;9;;;;;;;;;;;;;;;;;;;;;;;;;;;;;;;;
75106001;LUXEMBOURG;48.844833;2.338500;50;20250425;0.0;1;8.0;1;136;9;16.6;1;1247;9;12.2;1;12.3;1;8.6;1;;;;;0;9;;;;;;;;;;;;;;;;;;;;;;;;;;;;;;;;
75106001;LUXEMBOURG;48.844833;2.338500;50;20250426;0.0;1;8.0;1;439;9;22.0;1;1433;9;14.9;1;15.0;1;14.0;1;;;;;0;9;;;;;;;;;;;;;;;;;;;;;;;;;;;;;;;;
75106001;LUXEMBOURG;48.844833;2.338500;50;20250427;0.0;1;10.9;1;401;9;23.8;1;1335;9;16.5;1;17.4;1;12.9;1;;;;;0;9;;;;;;;;;;;;;;;;;;;;;;;;;;;;;;;;
75106001;LUXEMBOURG;48.844833;2.338500;50;20250428;0.0;1;10.2;1;453;9;26.9;1;1511;9;18.8;1;18.6;1;16.7;1;;;;;0;9;;;;;;;;;;;;;;;;;;;;;;;;;;;;;;;;
75106001;LUXEMBOURG;48.844833;2.338500;50;20250429;0.0;1;10.9;1;518;9;27.7;1;1302;9;19.8;1;19.3;1;16.8;1;;;;;0;9;;;;;;;;;;;;;;;;;;;;;;;;;;;;;;;;
75106001;LUXEMBOURG;48.844833;2.338500;50;20250430;0.0;1;11.8;1;435;9;29.9;1;1346;9;21.3;1;20.9;1;18.1;1;;;;;0;9;;;;;;;;;;;;;;;;;;;;;;;;;;;;;;;;
75106001;LUXEMBOURG;48.844833;2.338500;50;20250501;0.0;1;13.3;1;451;9;30.0;1;1432;9;22.0;1;21.7;1;16.7;1;;;;;0;9;;;;;;;;;;;;;;;;;;;;;;;;;;;;;;;;
75106001;LUXEMBOURG;48.844833;2.338500;50;20250502;0.0;1;14.5;1;410;9;29.7;1;1326;9;22.6;1;22.1;1;15.2;1;;;;;0;9;;;;;;;;;;;;;;;;;;;;;;;;;;;;;;;;
75106001;LUXEMBOURG;48.844833;2.338500;50;20250503;3.0;1;16.1;1;348;9;27.3;1;1320;9;19.6;1;21.7;1;11.2;1;;;;;0;9;;;;;;;;;;;;;;;;;;;;;;;;;;;;;;;;
75106001;LUXEMBOURG;48.844833;2.338500;50;20250504;0.0;1;9.8;1;519;9;19.3;1;1327;9;13.3;1;14.6;1;9.5;1;;;;;0;9;;;;;;;;;;;;;;;;;;;;;;;;;;;;;;;;
75106001;LUXEMBOURG;48.844833;2.338500;50;20250505;0.0;1;6.7;1;349;9;16.9;1;1108;9;11.7;1;11.8;1;10.2;1;;;;;0;9;;;;;;;;;;;;;;;;;;;;;;;;;;;;;;;;
75106001;LUXEMBOURG;48.844833;2.338500;50;20250506;0.0;1;7.8;1;432;9;19.2;1;1340;9;12.9;1;13.5;1;11.4;1;;;;;0;9;;;;;;;;;;;;;;;;;;;;;;;;;;;;;;;;
75106001;LUXEMBOURG;48.844833;2.338500;50;20250507;0.0;1;9.0;1;212;9;18.4;1;1617;9;12.6;1;13.7;1;9.4;1;;;;;0;9;;;;;;;;;;;;;;;;;;;;;;;;;;;;;;;;
75106001;LUXEMBOURG;48.844833;2.338500;50;20250508;0.0;1;8.7;1;414;9;20.6;1;1436;9;14.4;1;14.7;1;11.9;1;;;;;0;9;;;;;;;;;;;;;;;;;;;;;;;;;;;;;;;;
75106001;LUXEMBOURG;48.844833;2.338500;50;20250509;0.0;1;9.7;1;505;9;21.6;1;1223;9;16.1;1;15.7;1;11.9;1;;;;;0;9;;;;;;;;;;;;;;;;;;;;;;;;;;;;;;;;
75106001;LUXEMBOURG;48.844833;2.338500;50;20250510;0.0;1;9.8;1;431;9;24.9;1;1414;9;18.2;1;17.4;1;15.1;1;;;;;0;9;;;;;;;;;;;;;;;;;;;;;;;;;;;;;;;;
75106001;LUXEMBOURG;48.844833;2.338500;50;20250511;5.0;1;14.1;1;453;9;24.9;1;1406;9;18.9;1;19.5;1;10.8;1;;;;;0;9;;;;;;;;;;;;;;;;;;;;;;;;;;;;;;;;
75106001;LUXEMBOURG;48.844833;2.338500;50;20250512;1.0;1;13.3;1;352;9;21.3;1;1513;9;15.7;1;17.3;1;8.0;1;;;;;0;9;;;;;;;;;;;;;;;;;;;;;;;;;;;;;;;;
75106001;LUXEMBOURG;48.844833;2.338500;50;20250513;0.0;1;11.0;1;401;9;23.7;1;1345;9;17.0;1;17.4;1;12.7;1;;;;;0;9;;;;;;;;;;;;;;;;;;;;;;;;;;;;;;;;
75106001;LUXEMBOURG;48.844833;2.338500;50;20250514;0.2;1;11.7;1;354;9;27.2;1;1351;9;19.4;1;19.5;1;15.5;1;;;;;0;9;;;;;;;;;;;;;;;;;;;;;;;;;;;;;;;;
75106001;LUXEMBOURG;48.844833;2.338500;50;20250515;0.0;1;9.4;1;434;9;19.5;1;1311;9;13.8;1;14.5;1;10.1;1;;;;;0;9;;;;;;;;;;;;;;;;;;;;;;;;;;;;;;;;
75106001;LUXEMBOURG;48.844833;2.338500;50;20250516;0.0;1;8.4;1;414;9;22.8;1;1403;9;15.6;1;15.6;1;14.4;1;;;;;0;9;;;;;;;;;;;;;;;;;;;;;;;;;;;;;;;;
75106001;LUXEMBOURG;48.844833;2.338500;50;20250517;0.0;1;9.4;1;52;9;19.7;1;1417;9;14.1;1;14.6;1;10.3;1;;;;;0;9;;;;;;;;;;;;;;;;;;;;;;;;;;;;;;;;
75106001;LUXEMBOURG;48.844833;2.338500;50;20250518;0.0;1;9.1;1;450;9;22.8;1;1550;9;15.0;1;16.0;1;13.7;1;;;;;0;9;;;;;;;;;;;;;;;;;;;;;;;;;;;;;;;;
75106001;LUXEMBOURG;48.844833;2.338500;50;20250519;0.0;1;8.2;1;355;9;25.1;1;1554;9;17.2;1;16.7;1;16.9;1;;;;;0;9;;;;;;;;;;;;;;;;;;;;;;;;;;;;;;;;
75106001;LUXEMBOURG;48.844833;2.338500;50;20250520;0.0;1;12.1;1;348;9;27.3;1;1259;9;20.0;1;19.7;1;15.2;1;;;;;0;9;;;;;;;;;;;;;;;;;;;;;;;;;;;;;;;;
75106001;LUXEMBOURG;48.844833;2.338500;50;20250521;9.0;1;12.9;1;1758;9;19.9;1;925;9;14.4;1;16.4;1;7.0;1;;;;;0;9;;;;;;;;;;;;;;;;;;;;;;;;;;;;;;;;
75106001;LUXEMBOURG;48.844833;2.338500;50;20250522;0.0;1;8.8;1;320;9;21.8;1;1543;9;14.9;1;15.3;1;13.0;1;;;;;0;9;;;;;;;;;;;;;;;;;;;;;;;;;;;;;;;;
75106001;LUXEMBOURG;48.844833;2.338500;50;20250523;0.0;1;7.9;1;428;9;20.3;1;1528;9;14.4;1;14.1;1;12.4;1;;;;;0;9;;;;;;;;;;;;;;;;;;;;;;;;;;;;;;;;
75106001;LUXEMBOURG;48.844833;2.338500;50;20250524;0.0;1;9.9;1;258;9;20.9;1;1514;9;16.6;1;15.4;1;11.0;1;;;;;0;9;;;;;;;;;;;;;;;;;;;;;;;;;;;;;;;;
75106001;LUXEMBOURG;48.844833;2.338500;50;20250525;1.0;1;15.5;1;552;9;23.2;1;1455;9;17.6;1;19.4;1;7.7;1;;;;;0;9;;;;;;;;;;;;;;;;;;;;;;;;;;;;;;;;
75106001;LUXEMBOURG;48.844833;2.338500;50;20250526;0.0;1;11.6;1;437;9;20.3;1;1231;9;16.4;1;16.0;1;8.7;1;;;;;0;9;;;;;;;;;;;;;;;;;;;;;;;;;;;;;;;;
75106001;LUXEMBOURG;48.844833;2.338500;50;20250527;1.0;1;13.3;1;451;9;19.5;1;1751;9;16.9;1;16.4;1;6.2;1;;;;;0;9;;;;;;;;;;;;;;;;;;;;;;;;;;;;;;;;
75106001;LUXEMBOURG;48.844833;2.338500;50;20250528;0.0;1;14.5;1;429;9;23.5;1;1604;9;17.8;1;19.0;1;9.0;1;;;;;0;9;;;;;;;;;;;;;;;;;;;;;;;;;;;;;;;;
75106001;LUXEMBOURG;48.844833;2.338500;50;20250529;0.0;1;13.0;1;242;9;25.4;1;1347;9;19.9;1;19.2;1;12.4;1;;;;;0;9;;;;;;;;;;;;;;;;;;;;;;;;;;;;;;;;
75106001;LUXEMBOURG;48.844833;2.338500;50;20250530;0.0;1;14.3;1;431;9;31.2;1;1524;9;23.1;1;22.8;1;16.9;1;;;;;0;9;;;;;;;;;;;;;;;;;;;;;;;;;;;;;;;;
75106001;LUXEMBOURG;48.844833;2.338500;50;20250531;0.0;1;16.1;1;355;9;30.4;1;1608;9;22.5;1;23.3;1;14.3;1;;;;;0;9;;;;;;;;;;;;;;;;;;;;;;;;;;;;;;;;
75106001;LUXEMBOURG;48.844833;2.338500;50;20250601;0.0;1;16.8;1;352;9;24.0;1;1455;9;19.7;1;20.4;1;7.2;1;;;;;0;9;;;;;;;;;;;;;;;;;;;;;;;;;;;;;;;;
75106001;LUXEMBOURG;48.844833;2.338500;50;20250602;0.0;1;15.2;1;2341;9;24.0;1;1615;9;18.7;1;19.6;1;8.8;1;;;;;0;9;;;;;;;;;;;;;;;;;;;;;;;;;;;;;;;;
75106001;LUXEMBOURG;48.844833;2.338500;50;20250603;0.0;1;12.7;1;118;9;24.9;1;1301;9;19.9;1;18.8;1;12.2;1;;;;;0;9;;;;;;;;;;;;;;;;;;;;;;;;;;;;;;;;
75106001;LUXEMBOURG;48.844833;2.338500;50;20250604;0.5;1;14.5;1;701;9;21.4;1;1546;9;16.8;1;18.0;1;6.9;1;;;;;0;9;;;;;;;;;;;;;;;;;;;;;;;;;;;;;;;;
75106001;LUXEMBOURG;48.844833;2.338500;50;20250605;13.0;1;14.5;1;432;9;19.7;1;1159;9;16.5;1;17.1;1;5.2;1;;;;;0;9;;;;;;;;;;;;;;;;;;;;;;;;;;;;;;1;;
75106001;LUXEMBOURG;48.844833;2.338500;50;20250606;0.2;1;13.6;1;231;9;22.5;1;1436;9;17.6;1;18.1;1;8.9;1;;;;;0;9;;;;;;;;;;;;;;;;;;;;;;;;;;;;;;;;
75106001;LUXEMBOURG;48.844833;2.338500;50;20250607;2.6;1;14.5;1;403;9;20.6;1;1431;9;17.1;1;17.6;1;6.1;1;;;;;0;9;;;;;;;;;;;;;;;;;;;;;;;;;;;;;;;;
75106001;LUXEMBOURG;48.844833;2.338500;50;20250608;0.0;1;13.0;1;422;9;21.3;1;1420;9;16.2;1;17.2;1;8.3;1;;;;;0;9;;;;;;;;;;;;;;;;;;;;;;;;;;;;;;;;
75106001;LUXEMBOURG;48.844833;2.338500;50;20250609;0.0;1;11.2;1;321;9;24.0;1;1526;9;17.6;1;17.6;1;12.8;1;;;;;0;9;;;;;;;;;;;;;;;;;;;;;;;;;;;;;;;;
75106001;LUXEMBOURG;48.844833;2.338500;50;20250610;0.0;1;11.9;1;325;9;26.7;1;1419;9;19.4;1;19.3;1;14.8;1;;;;;0;9;;;;;;;;;;;;;;;;;;;;;;;;;;;;;;;;
75106001;LUXEMBOURG;48.844833;2.338500;50;20250611;0.0;1;14.3;1;221;9;28.9;1;1442;9;22.2;1;21.6;1;14.6;1;;;;;0;9;;;;;;;;;;;;;;;;;;;;;;;;;;;;;;;;
75106001;LUXEMBOURG;48.844833;2.338500;50;20250612;0.0;1;16.8;1;412;9;32.6;1;1501;9;25.0;1;24.7;1;15.8;1;;;;;0;9;;;;;;;;;;;;;;;;;;;;;;;;;;;;;;;;
75106001;LUXEMBOURG;48.844833;2.338500;50;20250613;4.7;1;20.1;1;135;9;34.5;1;1356;9;27.3;1;27.3;1;14.4;1;;;;;0;9;;;;;;;;;;;;;;;;;;;;;;;;;;;;;;;;
75106001;LUXEMBOURG;48.844833;2.338500;50;20250614;0.0;1;19.3;1;151;9;30.0;1;1400;9;24.1;1;24.7;1;10.7;1;;;;;0;9;;;;;;;;;;;;;;;;;;;;;;;;;;;;;;;;
75106001;LUXEMBOURG;48.844833;2.338500;50;20250615;0.0;1;17.2;1;427;9;24.6;1;1536;9;19.1;1;20.9;1;7.4;1;;;;;0;9;;;;;;;;;;;;;;;;;;;;;;;;;;;;;;;;
75106001;LUXEMBOURG;48.844833;2.338500;50;20250616;0.0;1;12.8;1;348;9;27.8;1;1557;9;20.6;1;20.3;1;15.0;1;;;;;0;9;;;;;;;;;;;;;;;;;;;;;;;;;;;;;;;;
75106001;LUXEMBOURG;48.844833;2.338500;50;20250617;0.0;1;15.5;1;406;9;30.3;1;1610;9;23.3;1;22.9;1;14.8;1;;;;;0;9;;;;;;;;;;;;;;;;;;;;;;;;;;;;;;;;
75106001;LUXEMBOURG;48.844833;2.338500;50;20250618;0.0;1;16.4;1;309;9;31.0;1;1416;9;24.0;1;23.7;1;14.6;1;;;;;0;9;;;;;;;;;;;;;;;;;;;;;;;;;;;;;;;;
75106001;LUXEMBOURG;48.844833;2.338500;50;20250619;0.0;1;17.1;1;426;9;32.9;1;1451;9;25.6;1;25.0;1;15.8;1;;;;;0;9;;;;;;;;;;;;;;;;;;;;;;;;;;;;;;;;
75106001;LUXEMBOURG;48.844833;2.338500;50;20250620;0.0;1;18.3;1;426;9;33.3;1;1522;9;25.7;1;25.8;1;15.0;1;;;;;0;9;;;;;;;;;;;;;;;;;;;;;;;;;;;;;;;;
75106001;LUXEMBOURG;48.844833;2.338500;50;20250621;0.0;1;18.6;1;353;9;36.2;1;1523;9;27.7;1;27.4;1;17.6;1;;;;;;;;;;;;;;;;;;;;;;;;;;;;;;;;;;;;;;
75106001;LUXEMBOURG;48.844833;2.338500;50;20250622;0.0;1;22.4;1;223;9;30.7;1;1618;9;25.1;1;26.6;1;8.3;1;;;;;0;9;;;;;;;;;;;;;;;;;;;;;;;;;;;;;;;;
75106001;LUXEMBOURG;48.844833;2.338500;50;20250623;0.2;1;18.2;1;415;9;26.8;1;1605;9;21.1;1;22.5;1;8.6;1;;;;;0;9;;;;;;;;;;;;;;;;;;;;;;;;;;;;;;;;
75106001;LUXEMBOURG;48.844833;2.338500;50;20250624;0.0;1;15.3;1;152;9;31.5;1;1559;9;22.8;1;23.4;1;16.2;1;;;;;0;9;;;;;;;;;;;;;;;;;;;;;;;;;;;;;;;;
75106001;LUXEMBOURG;48.844833;2.338500;50;20250625;19.1;1;18.7;1;403;9;36.5;1;1540;9;26.1;1;27.6;1;17.8;1;;;;;0;9;;;;;;;;;;;;;;;;;;;;;;;;;;;;;;;;
75106001;LUXEMBOURG;48.844833;2.338500;50;20250626;1.4;1;19.3;1;353;9;27.3;1;1656;9;23.1;1;23.3;1;8.0;1;;;;;0;9;;;;;;;;;;;;;;;;;;;;;;;;;;;;;;;;
75106001;LUXEMBOURG;48.844833;2.338500;50;20250627;0.0;1;20.6;1;40;9;28.9;1;1408;9;23.9;1;24.8;1;8.3;1;;;;;0;9;;;;;;;;;;;;;;;;;;;;;;;;;;;;;;;;
75106001;LUXEMBOURG;48.844833;2.338500;50;20250628;0.0;1;18.8;1;311;9;31.7;1;1536;9;25.1;1;25.3;1;12.9;1;;;;;0;9;;;;;;;;;;;;;;;;;;;;;;;;;;;;;;;;
75106001;LUXEMBOURG;48.844833;2.338500;50;20250629;0.0;1;18.5;1;422;9;32.3;1;1554;9;25.2;1;25.4;1;13.8;1;;;;;0;9;;;;;;;;;;;;;;;;;;;;;;;;;;;;;;;;
75106001;LUXEMBOURG;48.844833;2.338500;50;20250630;0.0;1;20.2;1;428;9;36.7;1;1440;9;28.1;1;28.5;1;16.5;1;;;;;0;9;;;;;;;;;;;;;;;;;;;;;;;;;;;;;;;;
75106001;LUXEMBOURG;48.844833;2.338500;50;20250701;0.0;1;21.1;1;317;9;39.1;1;1518;9;30.7;1;30.1;1;18.0;1;;;;;0;9;;;;;;;;;;;;;;;;;;;;;;;;;;;;;;1;;
75106001;LUXEMBOURG;48.844833;2.338500;50;20250702;0.0;1;21.7;1;1719;9;34.3;1;1246;9;25.4;1;28.0;1;12.6;1;;;;;0;9;;;;;;;;;;;;;;;;;;;;;;;;;;;;;;;;
75106001;LUXEMBOURG;48.844833;2.338500;50;20250703;0.0;1;16.7;1;426;9;28.3;1;1442;9;22.1;1;22.5;1;11.6;1;;;;;0;9;;;;;;;;;;;;;;;;;;;;;;;;;;;;;;;;
75106001;LUXEMBOURG;48.844833;2.338500;50;20250704;0.0;1;14.5;1;427;9;29.5;1;1620;9;22.3;1;22.0;1;15.0;1;;;;;0;9;;;;;;;;;;;;;;;;;;;;;;;;;;;;;;;;
75106001;LUXEMBOURG;48.844833;2.338500;50;20250705;14.9;1;16.1;1;348;9;28.7;1;1441;9;21.8;1;22.4;1;12.6;1;;;;;0;9;;;;;;;;;;;;;;;;;;;;;;;;;;;;;;;;
75106001;LUXEMBOURG;48.844833;2.338500;50;20250706;9.6;1;13.8;1;532;9;20.2;1;1720;9;16.7;1;17.0;1;6.4;1;;;;;0;9;;;;;;;;;;;;;;;;;;;;;;;;;;;;;;;;
75106001;LUXEMBOURG;48.844833;2.338500;50;20250707;8.0;1;15.0;1;837;9;21.9;1;1430;9;16.8;1;18.5;1;6.9;1;;;;;0;9;;;;;;;;;;;;;;;;;;;;;;;;;;;;;;;;
75106001;LUXEMBOURG;48.844833;2.338500;50;20250708;2.0;1;14.2;1;438;9;24.3;1;1513;9;18.4;1;19.3;1;10.1;1;;;;;0;9;;;;;;;;;;;;;;;;;;;;;;;;;;;;;;;;
75106001;LUXEMBOURG;48.844833;2.338500;50;20250709;0.0;1;11.7;1;358;9;27.7;1;1622;9;20.2;1;19.7;1;16.0;1;;;;;0;9;;;;;;;;;;;;;;;;;;;;;;;;;;;;;;;;
75106001;LUXEMBOURG;48.844833;2.338500;50;20250710;0.0;1;14.2;1;324;9;29.5;1;1652;9;22.7;1;21.9;1;15.3;1;;;;;0;9;;;;;;;;;;;;;;;;;;;;;;;;;;;;;;;;
75106001;LUXEMBOURG;48.844833;2.338500;50;20250711;0.0;1;17.3;1;412;9;31.2;1;1524;9;24.5;1;24.3;1;13.9;1;;;;;0;9;;;;;;;;;;;;;;;;;;;;;;;;;;;;;;;;
75106001;LUXEMBOURG;48.844833;2.338500;50;20250712;0.0;1;17.1;1;420;9;30.7;1;1554;9;24.1;1;23.9;1;13.6;1;;;;;0;9;;;;;;;;;;;;;;;;;;;;;;;;;;;;;;;;
75106001;LUXEMBOURG;48.844833;2.338500;50;20250713;0.0;1;16.0;1;435;9;32.9;1;1615;9;25.3;1;24.5;1;16.9;1;;;;;0;9;;;;;;;;;;;;;;;;;;;;;;;;;;;;;;;;
75106001;LUXEMBOURG;48.844833;2.338500;50;20250714;0.0;1;20.5;1;454;9;29.2;1;1444;9;23.4;1;24.9;1;8.7;1;;;;;0;9;;;;;;;;;;;;;;;;;;;;;;;;;;;;;;;;
75106001;LUXEMBOURG;48.844833;2.338500;50;20250715;0.0;1;17.4;1;416;9;25.0;1;1232;9;21.6;1;21.2;1;7.6;1;;;;;0;9;;;;;;;;;;;;;;;;;;;;;;;;;;;;;;;;
75106001;LUXEMBOURG;48.844833;2.338500;50;20250716;1.2;1;19.3;1;239;9;23.4;1;1221;9;20.4;1;21.4;1;4.1;1;;;;;0;9;;;;;;;;;;;;;;;;;;;;;;;;;;;;;;;;
75106001;LUXEMBOURG;48.844833;2.338500;50;20250717;0.2;1;16.4;1;306;9;29.3;1;1559;9;21.6;1;22.9;1;12.9;1;;;;;0;9;;;;;;;;;;;;;;;;;;;;;;;;;;;;;;;;
75106001;LUXEMBOURG;48.844833;2.338500;50;20250718;0.2;1;18.6;1;144;9;32.3;1;1405;9;25.5;1;25.5;1;13.7;1;;;;;0;9;;;;;;;;;;;;;;;;;;;;;;;;;;;;;;;;
75106001;LUXEMBOURG;48.844833;2.338500;50;20250719;4.2;1;21.2;1;1049;9;28.0;1;1538;9;23.2;1;24.6;1;6.8;1;;;;;0;9;;;;;;;;;;;;;;;;;;;;;;;;;;;;;;;;
75106001;LUXEMBOURG;48.844833;2.338500;50;20250720;8.0;1;16.7;1;933;9;24.9;1;1534;9;20.5;1;20.8;1;8.2;1;;;;;0;9;;;;;;;;;;;;;;;;;;;;;;;;;;;;;;;;
75106001;LUXEMBOURG;48.844833;2.338500;50;20250721;28.0;1;16.7;1;544;9;23.8;1;1547;9;19.0;1;20.3;1;7.1;1;;;;;0;9;;;;;;;;;;;;;;;;;;;;;;;;;;;;;;;;
75106001;LUXEMBOURG;48.844833;2.338500;50;20250722;0.0;1;17.3;1;32;9;23.4;1;1459;9;19.8;1;20.4;1;6.1;1;;;;;0;9;;;;;;;;;;;;;;;;;;;;;;;;;;;;;;;;
75106001;LUXEMBOURG;48.844833;2.338500;50;20250723;20.4;1;17.3;1;515;9;23.6;1;1042;9;19.4;1;20.5;1;6.3;1;;;;;0;9;;;;;;;;;;;;;;;;;;;;;;;;;;;;;;;;
75106001;LUXEMBOURG;48.844833;2.338500;50;20250724;2.0;1;16.1;1;428;9;25.0;1;1350;9;18.6;1;20.6;1;8.9;1;;;;;0;9;;;;;;;;;;;;;;;;;;;;;;;;;;;;;;;;
75106001;LUXEMBOURG;48.844833;2.338500;50;20250725;0.0;1;15.8;1;453;9;28.7;1;1613;9;21.7;1;22.3;1;12.9;1;;;;;0;9;;;;;;;;;;;;;;;;;;;;;;;;;;;;;;;;
75106001;LUXEMBOURG;48.844833;2.338500;50;20250726;4.2;1;16.6;1;425;9;28.5;1;1516;9;22.2;1;22.6;1;11.9;1;;;;;0;9;;;;;;;;;;;;;;;;;;;;;;;;;;;;;;;;
75106001;LUXEMBOURG;48.844833;2.338500;50;20250727;2.0;1;16.6;1;1754;9;25.3;1;1426;9;18.9;1;21.0;1;8.7;1;;;;;0;9;;;;;;;;;;;;;;;;;;;;;;;;;;;;;;;;
75106001;LUXEMBOURG;48.844833;2.338500;50;20250728;0.0;1;16.0;1;510;9;24.3;1;1417;9;19.4;1;20.2;1;8.3;1;;;;;0;9;;;;;;;;;;;;;;;;;;;;;;;;;;;;;;;;
75106001;LUXEMBOURG;48.844833;2.338500;50;20250729;0.0;1;13.9;1;328;9;24.4;1;1147;9;19.1;1;19.2;1;10.5;1;;;;;0;9;;;;;;;;;;;;;;;;;;;;;;;;;;;;;;;;
75106001;LUXEMBOURG;48.844833;2.338500;50;20250730;0.0;1;17.8;1;441;9;25.3;1;1559;9;21.1;1;21.6;1;7.5;1;;;;;0;9;;;;;;;;;;;;;;;;;;;;;;;;;;;;;;;;
75106001;LUXEMBOURG;48.844833;2.338500;50;20250731;10.2;1;16.6;1;408;9;26.6;1;1147;9;21.4;1;21.6;1;10.0;1;;;;;0;9;;;;;;;;;;;;;;;;;;;;;;;;;;;;;;;;
75106001;LUXEMBOURG;48.844833;2.338500;50;20250801;0.2;1;17.7;1;524;9;25.5;1;1427;9;20.1;1;21.6;1;7.8;1;;;;;0;9;;;;;;;;;;;;;;;;;;;;;;;;;;;;;;;;
75106001;LUXEMBOURG;48.844833;2.338500;50;20250802;0.0;1;14.1;1;326;9;24.4;1;1214;9;18.6;1;19.3;1;10.3;1;;;;;0;9;;;;;;;;;;;;;;;;;;;;;;;;;;;;;;;;
75106001;LUXEMBOURG;48.844833;2.338500;50;20250803;0.0;1;13.6;1;227;9;27.1;1;1523;9;20.6;1;20.4;1;13.5;1;;;;;0;9;;;;;;;;;;;;;;;;;;;;;;;;;;;;;;;;
75106001;LUXEMBOURG;48.844833;2.338500;50;20250804;2.8;1;18.6;1;433;9;30.1;1;1529;9;23.9;1;24.4;1;11.5;1;;;;;0;9;;;;;;;;;;;;;;;;;;;;;;;;;;;;;;;;
75106001;LUXEMBOURG;48.844833;2.338500;50;20250805;0.0;1;17.0;1;642;9;25.0;1;1453;9;20.3;1;21.0;1;8.0;1;;;;;0;9;;;;;;;;;;;;;;;;;;;;;;;;;;;;;;;;
75106001;LUXEMBOURG;48.844833;2.338500;50;20250806;0.0;1;13.3;1;500;9;26.0;1;1518;9;19.3;1;19.7;1;12.7;1;;;;;0;9;;;;;;;;;;;;;;;;;;;;;;;;;;;;;;;;
75106001;LUXEMBOURG;48.844833;2.338500;50;20250807;0.0;1;15.6;1;30;9;30.6;1;1447;9;22.8;1;23.1;1;15.0;1;;;;;0;9;;;;;;;;;;;;;;;;;;;;;;;;;;;;;;;;
75106001;LUXEMBOURG;48.844833;2.338500;50;20250808;0.0;1;15.9;1;322;9;30.1;1;1334;9;22.8;1;23.0;1;14.2;1;;;;;0;9;;;;;;;;;;;;;;;;;;;;;;;;;;;;;;;;
75106001;LUXEMBOURG;48.844833;2.338500;50;20250809;0.0;1;17.3;1;358;9;29.6;1;1527;9;22.8;1;23.5;1;12.3;1;;;;;0;9;;;;;;;;;;;;;;;;;;;;;;;;;;;;;;;;
75106001;LUXEMBOURG;48.844833;2.338500;50;20250810;0.0;1;13.8;1;458;9;30.1;1;1454;9;21.3;1;22.0;1;16.3;1;;;;;;;;;;;;;;;;;;;;;;;;;;;;;;;;;;;;;;
75106001;LUXEMBOURG;48.844833;2.338500;50;20250811;0.0;1;15.3;1;448;9;33.2;1;1356;9;24.7;1;24.3;1;17.9;1;;;;;0;9;;;;;;;;;;;;;;;;;;;;;;;;;;;;;;;;
75106001;LUXEMBOURG;48.844833;2.338500;50;20250812;0.0;1;18.7;1;405;9;36.5;1;1444;9;27.4;1;27.6;1;17.8;1;;;;;0;9;;;;;;;;;;;;;;;;;;;;;;;;;;;;;;;;
75106001;LUXEMBOURG;48.844833;2.338500;50;20250813;1.6;1;20.5;1;519;9;35.6;1;1327;9;26.1;1;28.1;1;15.1;1;;;;;0;9;;;;;;;;;;;;;;;;;;;;;;;;;;;;;;;;
75106001;LUXEMBOURG;48.844833;2.338500;50;20250814;0.0;1;21.0;1;351;9;32.6;1;1502;9;25.6;1;26.8;1;11.6;1;;;;;0;9;;;;;;;;;;;;;;;;;;;;;;;;;;;;;;;;
75106001;LUXEMBOURG;48.844833;2.338500;50;20250815;0.0;1;18.0;1;445;9;33.2;1;1438;9;25.0;1;25.6;1;15.2;1;;;;;0;9;;;;;;;;;;;;;;;;;;;;;;;;;;;;;;;;
75106001;LUXEMBOURG;48.844833;2.338500;50;20250816;0.0;1;18.5;1;503;9;29.9;1;1509;9;22.7;1;24.2;1;11.4;1;;;;;0;9;;;;;;;;;;;;;;;;;;;;;;;;;;;;;;;;
75106001;LUXEMBOURG;48.844833;2.338500;50;20250817;0.0;1;16.1;1;458;9;29.5;1;1505;9;21.7;1;22.8;1;13.4;1;;;;;0;9;;;;;;;;;;;;;;;;;;;;;;;;;;;;;;;;
75106001;LUXEMBOURG;48.844833;2.338500;50;20250818;0.0;1;15.4;1;500;9;30.5;1;1448;9;22.7;1;23.0;1;15.1;1;;;;;0;9;;;;;;;;;;;;;;;;;;;;;;;;;;;;;;;;
75106001;LUXEMBOURG;48.844833;2.338500;50;20250819;0.6;1;16.7;1;430;9;29.5;1;1149;9;22.3;1;23.1;1;12.8;1;;;;;0;9;;;;;;;;;;;;;;;;;;;;;;;;;;;;;;;;
75106001;LUXEMBOURG;48.844833;2.338500;50;20250820;1.0;1;18.7;1;1545;9;20.3;1;1024;9;18.7;1;19.5;1;1.6;1;;;;;0;9;;;;;;;;;;;;;;;;;;;;;;;;;;;;;;;;
75106001;LUXEMBOURG;48.844833;2.338500;50;20250821;0.0;1;15.7;1;15;9;26.4;1;1354;9;19.9;1;21.1;1;10.7;1;;;;;0;9;;;;;;;;;;;;;;;;;;;;;;;;;;;;;;;;
75106001;LUXEMBOURG;48.844833;2.338500;50;20250822;0.0;1;12.8;1;503;9;25.1;1;1349;9;18.3;1;19.0;1;12.3;1;;;;;0;9;;;;;;;;;;;;;;;;;;;;;;;;;;;;;;;;
75106001;LUXEMBOURG;48.844833;2.338500;50;20250823;0.0;1;12.1;1;408;9;27.2;1;1425;9;18.9;1;19.7;1;15.1;1;;;;;0;9;;;;;;;;;;;;;;;;;;;;;;;;;;;;;;;;
75106001;LUXEMBOURG;48.844833;2.338500;50;20250824;0.0;1;13.0;1;539;9;26.8;1;1527;9;19.1;1;19.9;1;13.8;1;;;;;0;9;;;;;;;;;;;;;;;;;;;;;;;;;;;;;;;;
75106001;LUXEMBOURG;48.844833;2.338500;50;20250825;0.0;1;11.8;1;415;9;29.7;1;1421;9;20.8;1;20.8;1;17.9;1;;;;;0;9;;;;;;;;;;;;;;;;;;;;;;;;;;;;;;;;
75106001;LUXEMBOURG;48.844833;2.338500;50;20250826;0.0;1;17.4;1;2341;9;30.4;1;1459;9;23.4;1;23.9;1;13.0;1;;;;;0;9;;;;;;;;;;;;;;;;;;;;;;;;;;;;;;;;
75106001;LUXEMBOURG;48.844833;2.338500;50;20250827;0.0;1;17.5;1;418;9;26.6;1;1325;9;22.4;1;22.1;1;9.1;1;;;;;0;9;;;;;;;;;;;;;;;;;;;;;;;;;;;;;;;;
75106001;LUXEMBOURG;48.844833;2.338500;50;20250828;0.0;1;17.8;1;706;9;25.4;1;1551;9;20.7;1;21.6;1;7.6;1;;;;;0;9;;;;;;;;;;;;;;;;;;;;;;;;;;;;;;;;
75106001;LUXEMBOURG;48.844833;2.338500;50;20250829;16.0;1;15.7;1;1749;9;21.9;1;1326;9;17.1;1;18.8;1;6.2;1;;;;;0;9;;;;;;;;;;;;;;;;;;;;;;;;;;;;;;;;
75106001;LUXEMBOURG;48.844833;2.338500;50;20250830;0.6;1;14.0;1;359;9;23.0;1;1500;9;18.4;1;18.5;1;9.0;1;;;;;0;9;;;;;;;;;;;;;;;;;;;;;;;;;;;;;;;;
75106001;LUXEMBOURG;48.844833;2.338500;50;20250831;1.8;1;18.2;1;618;9;22.8;1;1010;9;18.8;1;20.5;1;4.6;1;;;;;0;9;;;;;;;;;;;;;;;;;;;;;;;;;;;;;;;;
75106001;LUXEMBOURG;48.844833;2.338500;50;20250901;3.6;1;14.4;1;455;9;24.6;1;1454;9;17.6;1;19.5;1;10.2;1;;;;;0;9;;;;;;;;;;;;;;;;;;;;;;;;;;;;;;;;
75106001;LUXEMBOURG;48.844833;2.338500;50;20250902;3.2;1;13.0;1;521;9;18.7;1;1351;9;16.5;1;15.9;1;5.7;1;;;;;0;9;;;;;;;;;;;;;;;;;;;;;;;;;;;;;;;;
75106001;LUXEMBOURG;48.844833;2.338500;50;20250903;1.8;1;17.3;1;237;9;25.6;1;1533;9;20.2;1;21.5;1;8.3;1;;;;;0;9;;;;;;;;;;;;;;;;;;;;;;;;;;;;;;;;
75106001;LUXEMBOURG;48.844833;2.338500;50;20250904;3.0;1;15.6;1;433;9;23.7;1;1526;9;18.2;1;19.7;1;8.1;1;;;;;0;9;;;;;;;;;;;;;;;;;;;;;;;;;;;;;;;;
75106001;LUXEMBOURG;48.844833;2.338500;50;20250905;0.0;1;13.8;1;528;9;24.6;1;1522;9;17.9;1;19.2;1;10.8;1;;;;;0;9;;;;;;;;;;;;;;;;;;;;;;;;;;;;;;;;
75106001;LUXEMBOURG;48.844833;2.338500;50;20250906;0.0;1;11.4;1;515;9;26.8;1;1458;9;19.1;1;19.1;1;15.4;1;;;;;0;9;;;;;;;;;;;;;;;;;;;;;;;;;;;;;;;;
75106001;LUXEMBOURG;48.844833;2.338500;50;20250907;0.0;1;15.9;1;212;9;31.8;1;1415;9;23.0;1;23.9;1;15.9;1;;;;;0;9;;;;;;;;;;;;;;;;;;;;;;;;;;;;;;;;
75106001;LUXEMBOURG;48.844833;2.338500;50;20250908;0.0;1;18.4;1;616;9;26.0;1;1407;9;20.0;1;22.2;1;7.6;1;;;;;0;9;;;;;;;;;;;;;;;;;;;;;;;;;;;;;;1;;
75106001;LUXEMBOURG;48.844833;2.338500;50;20250909;0.0;1;13.4;1;434;9;24.3;1;1457;9;18.3;1;18.9;1;10.9;1;;;;;0;9;;;;;;;;;;;;;;;;;;;;;;;;;;;;;;;;
75106001;LUXEMBOURG;48.844833;2.338500;50;20250910;5.2;1;13.1;1;506;9;21.2;1;1243;9;16.9;1;17.2;1;8.1;1;;;;;0;9;;;;;;;;;;;;;;;;;;;;;;;;;;;;;;;;
75106001;LUXEMBOURG;48.844833;2.338500;50;20250911;2.8;1;13.9;1;511;9;21.2;1;1237;9;16.0;1;17.6;1;7.3;1;;;;;0;9;;;;;;;;;;;;;;;;;;;;;;;;;;;;;;;;
75106001;LUXEMBOURG;48.844833;2.338500;50;20250912;0.2;1;12.4;1;511;9;22.3;1;1527;9;16.9;1;17.4;1;9.9;1;;;;;0;9;;;;;;;;;;;;;;;;;;;;;;;;;;;;;;;;
75106001;LUXEMBOURG;48.844833;2.338500;50;20250913;4.2;1;14.1;1;446;9;20.0;1;1122;9;16.3;1;17.1;1;5.9;1;;;;;0;9;;;;;;;;;;;;;;;;;;;;;;;;;;;;;;;;
75106001;LUXEMBOURG;48.844833;2.338500;50;20250914;1.6;1;14.0;1;510;9;20.9;1;2008;9;17.6;1;17.5;1;6.9;1;;;;;0;9;;;;;;;;;;;;;;;;;;;;;;;;;;;;;;;;
75106001;LUXEMBOURG;48.844833;2.338500;50;20250915;0.0;1;16.1;1;553;9;22.4;1;1324;9;18.4;1;19.3;1;6.3;1;;;;;0;9;;;;;;;;;;;;;;;;;;;;;;;;;;;;;;;;
75106001;LUXEMBOURG;48.844833;2.338500;50;20250916;0.0;1;13.2;1;444;9;20.2;1;1340;9;16.2;1;16.7;1;7.0;1;;;;;0;9;;;;;;;;;;;;;;;;;;;;;;;;;;;;;;;;
75106001;LUXEMBOURG;48.844833;2.338500;50;20250917;0.0;1;13.1;1;317;9;24.5;1;1515;9;18.0;1;18.8;1;11.4;1;;;;;0;9;;;;;;;;;;;;;;;;;;;;;;;;;;;;;;;;
75106001;LUXEMBOURG;48.844833;2.338500;50;20250918;0.0;1;12.3;1;442;9;26.9;1;1437;9;18.3;1;19.6;1;14.6;1;;;;;0;9;;;;;;;;;;;;;;;;;;;;;;;;;;;;;;;;
75106001;LUXEMBOURG;48.844833;2.338500;50;20250919;0.2;1;12.5;1;425;9;31.9;1;1527;9;21.7;1;22.2;1;19.4;1;;;;;0;9;;;;;;;;;;;;;;;;;;;;;;;;;;;;;;;;
75106001;LUXEMBOURG;48.844833;2.338500;50;20250920;7.0;1;18.9;1;837;9;21.7;1;1628;9;19.9;1;20.3;1;2.8;1;;;;;0;9;;;;;;;;;;;;;;;;;;;;;;;;;;;;;;;;
75106001;LUXEMBOURG;48.844833;2.338500;50;20250921;0.0;1;14.2;1;451;9;21.4;1;1518;9;15.3;1;17.8;1;7.2;1;;;;;0;9;;;;;;;;;;;;;;;;;;;;;;;;;;;;;;1;;
75106001;LUXEMBOURG;48.844833;2.338500;50;20250922;2.0;1;9.8;1;608;9;19.6;1;1413;9;13.7;1;14.7;1;9.8;1;;;;;0;9;;;;;;;;;;;;;;;;;;;;;;;;;;;;;;;;
75106001;LUXEMBOURG;48.844833;2.338500;50;20250923;8.2;1;10.0;1;557;9;16.0;1;1326;9;12.1;1;13.0;1;6.0;1;;;;;0;9;;;;;;;;;;;;;;;;;;;;;;;;;;;;;;;;
75106001;LUXEMBOURG;48.844833;2.338500;50;20250924;6.2;1;10.2;1;2108;9;10.8;1;944;9;10.5;1;10.5;1;0.6;1;;;;;0;9;;;;;;;;;;;;;;;;;;;;;;;;;;;;;;;;
75106001;LUXEMBOURG;48.844833;2.338500;50;20250925;0.4;1;9.6;1;539;9;13.3;1;1323;9;11.3;1;11.5;1;3.7;1;;;;;0;9;;;;;;;;;;;;;;;;;;;;;;;;;;;;;;;;
75106001;LUXEMBOURG;48.844833;2.338500;50;20250926;0.6;1;9.9;1;415;9;17.1;1;1452;9;11.9;1;13.5;1;7.2;1;;;;;0;9;;;;;;;;;;;;;;;;;;;;;;;;;;;;;;;;
75106001;LUXEMBOURG;48.844833;2.338500;50;20250927;0.2;1;10.1;1;2332;9;18.1;1;1445;9;12.4;1;14.1;1;8.0;1;;;;;0;9;;;;;;;;;;;;;;;;;;;;;;;;;;;;;;;;
75106001;LUXEMBOURG;48.844833;2.338500;50;20250928;0.0;1;7.6;1;559;9;22.4;1;1440;9;14.1;1;15.0;1;14.8;1;;;;;0;9;;;;;;;;;;;;;;;;;;;;;;;;;;;;;;;;
75106001;LUXEMBOURG;48.844833;2.338500;50;20250929;0.0;1;9.1;1;529;9;24.0;1;1334;9;15.3;1;16.6;1;14.9;1;;;;;0;9;;;;;;;;;;;;;;;;;;;;;;;;;;;;;;;;
75106001;LUXEMBOURG;48.844833;2.338500;50;20250930;0.0;1;9.9;1;451;9;21.9;1;1410;9;14.7;1;15.9;1;12.0;1;;;;;0;9;;;;;;;;;;;;;;;;;;;;;;;;;;;;;;;;
75106001;LUXEMBOURG;48.844833;2.338500;50;20251001;0.0;1;9.2;1;528;9;22.5;1;1234;9;14.9;1;15.9;1;13.3;1;;;;;0;9;;;;;;;;;;;;;;;;;;;;;;;;;;;;;;;;
75106001;LUXEMBOURG;48.844833;2.338500;50;20251002;0.2;1;9.1;1;433;9;20.5;1;1208;9;14.5;1;14.8;1;11.4;1;;;;;0;9;;;;;;;;;;;;;;;;;;;;;;;;;;;;;;;;
75106001;LUXEMBOURG;48.844833;2.338500;50;20251003;4.6;1;12.3;1;549;9;19.0;1;417;9;14.7;1;15.7;1;6.7;1;;;;;0;9;;;;;;;;;;;;;;;;;;;;;;;;;;;;;;;;
75106001;LUXEMBOURG;48.844833;2.338500;50;20251004;10.8;1;11.3;1;1754;9;18.4;1;1421;9;15.1;1;14.9;1;7.1;1;;;;;0;9;;;;;;;;;;;;;;;;;;;;;;;;;;;;;;;;
75106001;LUXEMBOURG;48.844833;2.338500;50;20251005;0.0;1;10.8;1;544;9;19.8;1;1305;9;14.0;1;15.3;1;9.0;1;;;;;0;9;;;;;;;;;;;;;;;;;;;;;;;;;;;;;;;;
75106001;LUXEMBOURG;48.844833;2.338500;50;20251006;0.0;1;10.9;1;609;9;16.9;1;1441;9;13.5;1;13.9;1;6.0;1;;;;;0;9;;;;;;;;;;;;;;;;;;;;;;;;;;;;;;;;
75106001;LUXEMBOURG;48.844833;2.338500;50;20251007;0.0;1;9.2;1;244;9;21.9;1;1435;9;14.6;1;15.6;1;12.7;1;;;;;0;9;;;;;;;;;;;;;;;;;;;;;;;;;;;;;;;;
75106001;LUXEMBOURG;48.844833;2.338500;50;20251008;0.0;1;10.7;1;348;9;19.1;1;1505;9;13.4;1;14.9;1;8.4;1;;;;;0;9;;;;;;;;;;;;;;;;;;;;;;;;;;;;;;;;
75106001;LUXEMBOURG;48.844833;2.338500;50;20251009;0.0;1;11.5;1;1946;9;21.9;1;1335;9;16.3;1;16.7;1;10.4;1;;;;;0;9;;;;;;;;;;;;;;;;;;;;;;;;;;;;;;;;
75106001;LUXEMBOURG;48.844833;2.338500;50;20251010;0.0;1;10.5;1;515;9;15.5;1;1018;9;13.1;1;13.0;1;5.0;1;;;;;0;9;;;;;;;;;;;;;;;;;;;;;;;;;;;;;;;;
75106001;LUXEMBOURG;48.844833;2.338500;50;20251011;0.0;1;10.6;1;624;9;21.7;1;1414;9;14.8;1;16.2;1;11.1;1;;;;;0;9;;;;;;;;;;;;;;;;;;;;;;;;;;;;;;;;
75106001;LUXEMBOURG;48.844833;2.338500;50;20251012;0.2;1;8.7;1;556;9;21.1;1;1251;9;13.9;1;14.9;1;12.4;1;;;;;0;9;;;;;;;;;;;;;;;;;;;;;;;;;;;;;;;;
75106001;LUXEMBOURG;48.844833;2.338500;50;20251013;0.0;1;9.7;1;320;9;16.8;1;1525;9;13.3;1;13.3;1;7.1;1;;;;;0;9;;;;;;;;;;;;;;;;;;;;;;;;;;;;;;;;
75106001;LUXEMBOURG;48.844833;2.338500;50;20251014;0.0;1;12.0;1;2323;9;20.4;1;1229;9;15.0;1;16.2;1;8.4;1;;;;;0;9;;;;;;;;;;;;;;;;;;;;;;;;;;;;;;;;
75106001;LUXEMBOURG;48.844833;2.338500;50;20251015;0.2;1;10.4;1;132;9;16.4;1;1018;9;13.7;1;13.4;1;6.0;1;;;;;0;9;;;;;;;;;;;;;;;;;;;;;;;;;;;;;;;;
75106001;LUXEMBOURG;48.844833;2.338500;50;20251016;0.0;1;9.7;1;433;9;15.5;1;1056;9;12.8;1;12.6;1;5.8;1;;;;;0;9;;;;;;;;;;;;;;;;;;;;;;;;;;;;;;;;
75106001;LUXEMBOURG;48.844833;2.338500;50;20251017;0.0;1;8.7;1;548;9;19.9;1;1134;9;13.1;1;14.3;1;11.2;1;;;;;0;9;;;;;;;;;;;;;;;;;;;;;;;;;;;;;;;;
75106001;LUXEMBOURG;48.844833;2.338500;50;20251018;0.0;1;8.4;1;616;9;18.3;1;1221;9;13.0;1;13.4;1;9.9;1;;;;;0;9;;;;;;;;;;;;;;;;;;;;;;;;;;;;;;;;
75106001;LUXEMBOURG;48.844833;2.338500;50;20251019;3.2;1;9.2;1;559;9;16.1;1;1345;9;13.0;1;12.7;1;6.9;1;;;;;0;9;;;;;;;;;;;;;;;;;;;;;;;;;;;;;;;;
75106001;LUXEMBOURG;48.844833;2.338500;50;20251020;2.0;1;13.8;1;1801;9;18.5;1;1213;9;15.5;1;16.2;1;4.7;1;;;;;0;9;;;;;;;;;;;;;;;;;;;;;;;;;;;;;;;;
75106001;LUXEMBOURG;48.844833;2.338500;50;20251021;0.0;1;12.1;1;536;9;18.7;1;1335;9;14.8;1;15.4;1;6.6;1;;;;;;;;;;;;;;;;;;;;;;;;;;;;;;;;;;;;;;
75106001;LUXEMBOURG;48.844833;2.338500;50;20251022;5.4;1;13.3;1;533;9;17.5;1;1223;9;15.3;1;15.4;1;4.2;1;;;;;0;9;;;;;;;;;;;;;;;;;;;;;;;;;;;;;;;;
75106001;LUXEMBOURG;48.844833;2.338500;50;20251023;3.4;1;10.9;1;1014;9;15.6;1;1439;9;12.4;1;13.3;1;4.7;1;;;;;0;9;;;;;;;;;;;;;;;;;;;;;;;;;;;;;;;;
75106001;LUXEMBOURG;48.844833;2.338500;50;20251024;0.0;1;7.1;1;656;9;15.0;1;1205;9;10.6;1;11.1;1;7.9;1;;;;;0;9;;;;;;;;;;;;;;;;;;;;;;;;;;;;;;;;
75106001;LUXEMBOURG;48.844833;2.338500;50;20251025;2.8;1;9.9;1;40;9;15.9;1;1426;9;11.7;1;12.9;1;6.0;1;;;;;0;9;;;;;;;;;;;;;;;;;;;;;;;;;;;;;;;;
75106001;LUXEMBOURG;48.844833;2.338500;50;20251026;1.0;1;7.6;1;705;9;14.2;1;1159;9;10.3;1;10.9;1;6.6;1;;;;;0;9;;;;;;;;;;;;;;;;;;;;;;;;;;;;;;;;
75106001;LUXEMBOURG;48.844833;2.338500;50;20251027;1.0;1;9.3;1;2310;9;17.3;1;1349;9;12.9;1;13.3;1;8.0;1;;;;;0;9;;;;;;;;;;;;;;;;;;;;;;;;;;;;;;;;
75106001;LUXEMBOURG;48.844833;2.338500;50;20251028;0.0;1;11.2;1;2300;9;15.8;1;1146;9;13.7;1;13.5;1;4.6;1;;;;;0;9;;;;;;;;;;;;;;;;;;;;;;;;;;;;;;;;
75106001;LUXEMBOURG;48.844833;2.338500;50;20251029;11.1;1;11.0;1;629;9;15.4;1;1447;9;12.9;1;13.2;1;4.4;1;;;;;0;9;;;;;;;;;;;;;;;;;;;;;;;;;;;;;;;;
75106001;LUXEMBOURG;48.844833;2.338500;50;20251030;0.2;1;8.3;1;703;9;15.0;1;1138;9;11.2;1;11.7;1;6.7;1;;;;;0;9;;;;;;;;;;;;;;;;;;;;;;;;;;;;;;;;
75106001;LUXEMBOURG;48.844833;2.338500;50;20251031;0.0;1;8.6;1;540;9;17.8;1;1513;9;12.9;1;13.2;1;9.2;1;;;;;0;9;;;;;;;;;;;;;;;;;;;;;;;;;;;;;;;;
75106001;LUXEMBOURG;48.844833;2.338500;50;20251101;4.2;1;13.3;1;1759;9;15.9;1;821;9;14.0;1;14.6;1;2.6;1;;;;;0;9;;;;;;;;;;;;;;;;;;;;;;;;;;;;;;;;
75106001;LUXEMBOURG;48.844833;2.338500;50;20251102;1.0;1;10.9;1;636;9;14.7;1;1258;9;12.1;1;12.8;1;3.8;1;;;;;0;9;;;;;;;;;;;;;;;;;;;;;;;;;;;;;;;;
75106001;LUXEMBOURG;48.844833;2.338500;50;20251103;0.0;1;7.4;1;405;9;15.6;1;1449;9;12.3;1;11.5;1;8.2;1;;;;;0;9;;;;;;;;;;;;;;;;;;;;;;;;;;;;;;;;
75106001;LUXEMBOURG;48.844833;2.338500;50;20251104;0.0;1;9.2;1;557;9;18.6;1;1427;9;13.5;1;13.9;1;9.4;1;;;;;0;9;;;;;;;;;;;;;;;;;;;;;;;;;;;;;;;;
75106001;LUXEMBOURG;48.844833;2.338500;50;20251105;0.0;1;11.7;1;624;9;19.2;1;1354;9;14.8;1;15.5;1;7.5;1;;;;;0;9;;;;;;;;;;;;;;;;;;;;;;;;;;;;;;;;
75106001;LUXEMBOURG;48.844833;2.338500;50;20251106;1.2;1;13.3;1;120;9;15.2;1;944;9;14.0;1;14.3;1;1.9;1;;;;;0;9;;;;;;;;;;;;;;;;;;;;;;;;;;;;;;;;
75106001;LUXEMBOURG;48.844833;2.338500;50;20251107;0.0;1;10.3;1;431;9;14.5;1;1242;9;12.4;1;12.4;1;4.2;1;;;;;0;9;;;;;;;;;;;;;;;;;;;;;;;;;;;;;;;;
75106001;LUXEMBOURG;48.844833;2.338500;50;20251108;1.4;1;10.7;1;111;9;14.6;1;1359;9;12.0;1;12.7;1;3.9;1;;;;;0;9;;;;;;;;;;;;;;;;;;;;;;;;;;;;;;;;
75106001;LUXEMBOURG;48.844833;2.338500;50;20251109;0.0;1;8.6;1;702;9;13.5;1;1359;9;10.3;1;11.1;1;4.9;1;;;;;0;9;;;;;;;;;;;;;;;;;;;;;;;;;;;;;;;;
75106001;LUXEMBOURG;48.844833;2.338500;50;20251110;0.2;1;7.7;1;714;9;12.6;1;1400;9;10.5;1;10.2;1;4.9;1;;;;;0;9;;;;;;;;;;;;;;;;;;;;;;;;;;;;;;;;
75106001;LUXEMBOURG;48.844833;2.338500;50;20251111;0.0;1;9.5;1;259;9;16.4;1;1415;9;12.3;1;13.0;1;6.9;1;;;;;0;9;;;;;;;;;;;;;;;;;;;;;;;;;;;;;;;;
75106001;LUXEMBOURG;48.844833;2.338500;50;20251112;0.0;1;8.7;1;501;9;16.0;1;1423;9;12.5;1;12.4;1;7.3;1;;;;;0;9;;;;;;;;;;;;;;;;;;;;;;;;;;;;;;;;
75106001;LUXEMBOURG;48.844833;2.338500;50;20251113;0.0;1;10.7;1;356;9;17.3;1;1309;9;14.8;1;14.0;1;6.6;1;;;;;0;9;;;;;;;;;;;;;;;;;;;;;;;;;;;;;;;;
75106001;LUXEMBOURG;48.844833;2.338500;50;20251114;0.2;1;14.5;1;2139;9;20.4;1;1339;9;16.8;1;17.5;1;5.9;1;;;;;0;9;;;;;;;;;;;;;;;;;;;;;;;;;;;;;;;;
75106001;LUXEMBOURG;48.844833;2.338500;50;20251115;4.8;1;11.8;1;725;9;15.3;1;1050;9;13.1;1;13.6;1;3.5;1;;;;;0;9;;;;;;;;;;;;;;;;;;;;;;;;;;;;;;;;
75106001;LUXEMBOURG;48.844833;2.338500;50;20251116;0.0;1;9.9;1;812;9;12.5;1;1359;9;10.8;1;11.2;1;2.6;1;;;;;0;9;;;;;;;;;;;;;;;;;;;;;;;;;;;;;;;;
75106001;LUXEMBOURG;48.844833;2.338500;50;20251117;0.4;1;5.5;1;410;9;12.1;1;1319;9;6.9;1;8.8;1;6.6;1;;;;;0;9;;;;;;;;;;;;;;;;;;;;;;;;;;;;;;;;
75106001;LUXEMBOURG;48.844833;2.338500;50;20251118;0.2;1;0.9;1;624;9;10.3;1;1352;9;5.8;1;5.6;1;9.4;1;;;;;0;9;;;;;;;;;;;;;;;;;;;;;;;;;;;;;;;;
75106001;LUXEMBOURG;48.844833;2.338500;50;20251119;7.6;1;4.5;1;1747;9;9.0;1;1306;9;6.0;1;6.8;1;4.5;1;;;;;0;9;;;;;;;;;;;;;;;;;;;;;;;;;;;;;;;;
75106001;LUXEMBOURG;48.844833;2.338500;50;20251120;0.0;1;2.9;1;705;9;7.7;1;1315;9;4.0;1;5.3;1;4.8;1;;;;;0;9;;;;;;;;;;;;;;;;;;;;;;;;;;;;;;;;
75106001;LUXEMBOURG;48.844833;2.338500;50;20251121;0.4;1;1.4;1;134;9;3.9;1;1450;9;2.4;1;2.7;1;2.5;1;;;;;5;9;;;;;;;;;;;;;;;;;;;;;;;;;;;;;;;;
75106001;LUXEMBOURG;48.844833;2.338500;50;20251122;1.0;1;-1.5;1;438;9;1.2;1;532;9;0.1;1;-0.2;1;2.7;1;;;;;472;9;;;;;;;;;;;;;;;;;;;;;;;;;;;;;;;;
75106001;LUXEMBOURG;48.844833;2.338500;50;20251123;4.0;1;0.0;1;2344;9;8.2;1;103;9;4.4;1;4.1;1;8.2;1;;;;;20;9;;;;;;;;;;;;;;;;;;;;;;;;;;;;;;;;
75106001;LUXEMBOURG;48.844833;2.338500;50;20251124;3.4;1;6.0;1;2004;9;11.4;1;1340;9;8.4;1;8.7;1;5.4;1;;;;;0;9;;;;;;;;;;;;;;;;;;;;;;;;;;;;;;;;
75106001;LUXEMBOURG;48.844833;2.338500;50;20251125;0.8;1;6.2;1;141;9;8.4;1;1435;9;6.8;1;7.3;1;2.2;1;;;;;0;9;;;;;;;;;;;;;;;;;;;;;;;;;;;;;;;;
75106001;LUXEMBOURG;48.844833;2.338500;50;20251126;0.0;1;4.8;1;646;9;9.2;1;1143;9;6.0;1;7.0;1;4.4;1;;;;;0;9;;;;;;;;;;;;;;;;;;;;;;;;;;;;;;;;
75106001;LUXEMBOURG;48.844833;2.338500;50;20251127;3.6;1;2.9;1;2226;9;8.3;1;9;9;6.5;1;5.6;1;5.4;1;;;;;0;9;;;;;;;;;;;;;;;;;;;;;;;;;;;;;;;;
75106001;LUXEMBOURG;48.844833;2.338500;50;20251128;2.4;1;7.7;1;1801;9;10.9;1;1706;9;9.2;1;9.3;1;3.2;1;;;;;0;9;;;;;;;;;;;;;;;;;;;;;;;;;;;;;;;;
75106001;LUXEMBOURG;48.844833;2.338500;50;20251129;5.2;1;8.0;1;2212;9;12.3;1;1333;9;10.2;1;10.2;1;4.3;1;;;;;0;9;;;;;;;;;;;;;;;;;;;;;;;;;;;;;;;;
75106001;LUXEMBOURG;48.844833;2.338500;50;20251130;0.0;1;6.5;1;1639;9;10.4;1;1330;9;7.4;1;8.5;1;3.9;1;;;;;0;9;;;;;;;;;;;;;;;;;;;;;;;;;;;;;;;;
75106001;LUXEMBOURG;48.844833;2.338500;50;20251201;0.0;1;2.6;1;401;9;8.4;1;118;9;6.0;1;5.5;1;5.8;1;;;;;0;9;;;;;;;;;;;;;;;;;;;;;;;;;;;;;;;;
75106001;LUXEMBOURG;48.844833;2.338500;50;20251202;0.0;1;7.3;1;1820;9;10.5;1;1239;9;8.9;1;8.9;1;3.2;1;;;;;0;9;;;;;;;;;;;;;;;;;;;;;;;;;;;;;;;;
75106001;LUXEMBOURG;48.844833;2.338500;50;20251203;0.0;1;7.5;1;725;9;10.4;1;1127;9;8.6;1;9.0;1;2.9;1;;;;;0;9;;;;;;;;;;;;;;;;;;;;;;;;;;;;;;;;
75106001;LUXEMBOURG;48.844833;2.338500;50;20251204;1.0;1;5.9;1;121;9;10.4;1;1404;9;7.5;1;8.2;1;4.5;1;;;;;0;9;;;;;;;;;;;;;;;;;;;;;;;;;;;;;;;;
75106001;LUXEMBOURG;48.844833;2.338500;50;20251205;2.2;1;2.2;1;616;9;9.7;1;437;9;4.8;1;6.0;1;7.5;1;;;;;0;9;;;;;;;;;;;;;;;;;;;;;;;;;;;;;;;;
75106001;LUXEMBOURG;48.844833;2.338500;50;20251206;2.0;1;6.4;1;1801;9;13.9;1;1327;9;11.0;1;10.2;1;7.5;1;;;;;0;9;;;;;;;;;;;;;;;;;;;;;;;;;;;;;;;;
75106001;LUXEMBOURG;48.844833;2.338500;50;20251207;9.4;1;11.0;1;2343;9;15.1;1;1903;9;13.3;1;13.1;1;4.1;1;;;;;0;9;;;;;;;;;;;;;;;;;;;;;;;;;;;;;;;;
75106001;LUXEMBOURG;48.844833;2.338500;50;20251208;0.0;1;14.4;1;1754;9;16.5;1;1312;9;14.5;1;15.5;1;2.1;1;;;;;0;9;;;;;;;;;;;;;;;;;;;;;;;;;;;;;;;;
75106001;LUXEMBOURG;48.844833;2.338500;50;20251209;0.8;1;9.8;1;637;9;16.0;1;1325;9;13.0;1;12.9;1;6.2;1;;;;;0;9;;;;;;;;;;;;;;;;;;;;;;;;;;;;;;;;
75106001;LUXEMBOURG;48.844833;2.338500;50;20251210;0.0;1;12.5;1;1751;9;15.0;1;1347;9;12.6;1;13.8;1;2.5;1;;;;;0;9;;;;;;;;;;;;;;;;;;;;;;;;;;;;;;;;
75106001;LUXEMBOURG;48.844833;2.338500;50;20251211;0.0;1;5.6;1;532;9;10.9;1;113;9;8.7;1;8.3;1;5.3;1;;;;;0;9;;;;;;;;;;;;;;;;;;;;;;;;;;;;;;;;
75106001;LUXEMBOURG;48.844833;2.338500;50;20251212;0.0;1;10.1;1;1929;9;12.1;1;1317;9;10.8;1;11.1;1;2.0;1;;;;;0;9;;;;;;;;;;;;;;;;;;;;;;;;;;;;;;;;
75106001;LUXEMBOURG;48.844833;2.338500;50;20251213;0.0;1;8.9;1;901;9;10.8;1;1338;9;9.4;1;9.9;1;1.9;1;;;;;0;9;;;;;;;;;;;;;;;;;;;;;;;;;;;;;;;;
75106001;LUXEMBOURG;48.844833;2.338500;50;20251214;0.0;1;6.7;1;1748;9;8.1;1;1143;9;7.0;1;7.4;1;1.4;1;;;;;0;9;;;;;;;;;;;;;;;;;;;;;;;;;;;;;;;;
75106001;LUXEMBOURG;48.844833;2.338500;50;20251215;0.2;1;5.0;1;2357;9;12.1;1;2313;9;8.7;1;8.6;1;7.1;1;;;;;0;9;;;;;;;;;;;;;;;;;;;;;;;;;;;;;;;;
75106001;LUXEMBOURG;48.844833;2.338500;50;20251216;0.0;1;10.1;1;1748;9;14.7;1;1314;9;11.5;1;12.4;1;4.6;1;;;;;0;9;;;;;;;;;;;;;;;;;;;;;;;;;;;;;;;;
75106001;LUXEMBOURG;48.844833;2.338500;50;20251217;0.0;1;9.6;1;1623;9;11.2;1;1331;9;10.0;1;10.4;1;1.6;1;;;;;0;9;;;;;;;;;;;;;;;;;;;;;;;;;;;;;;;;
75106001;LUXEMBOURG;48.844833;2.338500;50;20251218;3.0;1;7.7;1;37;9;15.4;1;1408;9;12.2;1;11.6;1;7.7;1;;;;;0;9;;;;;;;;;;;;;;;;;;;;;;;;;;;;;;;;
75106001;LUXEMBOURG;48.844833;2.338500;50;20251219;2.2;1;9.8;1;1757;9;11.9;1;623;9;10.8;1;10.9;1;2.1;1;;;;;0;9;;;;;;;;;;;;;;;;;;;;;;;;;;;;;;;;
75106001;LUXEMBOURG;48.844833;2.338500;50;20251220;2.4;1;7.7;1;2149;9;10.6;1;1844;9;9.4;1;9.2;1;2.9;1;;;;;0;9;;;;;;;;;;;;;;;;;;;;;;;;;;;;;;;;
75106001;LUXEMBOURG;48.844833;2.338500;50;20251221;16.1;1;8.9;1;653;9;11.4;1;1342;9;10.3;1;10.2;1;2.5;1;;;;;0;9;;;;;;;;;;;;;;;;;;;;;;;;;;;;;;;;
75106001;LUXEMBOURG;48.844833;2.338500;50;20251222;0.2;1;8.5;1;721;9;10.3;1;1305;9;9.4;1;9.4;1;1.8;1;;;;;0;9;;;;;;;;;;;;;;;;;;;;;;;;;;;;;;;;
75106001;LUXEMBOURG;48.844833;2.338500;50;20251223;0.0;1;3.8;1;1012;9;5.9;1;601;9;5.3;1;4.9;1;2.1;1;;;;;0;9;;;;;;;;;;;;;;;;;;;;;;;;;;;;;;;;
75106001;LUXEMBOURG;48.844833;2.338500;50;20251224;0.0;1;1.8;1;1758;9;5.9;1;711;9;3.5;1;3.9;1;4.1;1;;;;;0;9;;;;;;;;;;;;;;;;;;;;;;;;;;;;;;;;
75106001;LUXEMBOURG;48.844833;2.338500;50;20251225;0.0;1;-0.6;1;759;9;3.0;1;1340;9;0.4;1;1.2;1;3.6;1;;;;;531;9;;;;;;;;;;;;;;;;;;;;;;;;;;;;;;;;
75106001;LUXEMBOURG;48.844833;2.338500;50;20251226;0.0;1;-2.0;1;203;9;3.7;1;1337;9;0.0;1;0.9;1;5.7;1;;;;;789;9;;;;;;;;;;;;;;;;;;;;;;;;;;;;;;;;
75106001;LUXEMBOURG;48.844833;2.338500;50;20251227;0.2;1;-1.3;1;154;9;2.7;1;1207;9;0.2;1;0.7;1;4.0;1;;;;;927;9;;;;;;;;;;;;;;;;;;;;;;;;;;;;;;;;
75106001;LUXEMBOURG;48.844833;2.338500;50;20251228;0.0;1;-1.1;1;103;9;3.2;1;1049;9;1.0;1;1.1;1;4.3;1;;;;;440;9;;;;;;;;;;;;;;;;;;;;;;;;;;;;;;;;
75106001;LUXEMBOURG;48.844833;2.338500;50;20251229;0.2;1;-2.8;1;742;9;3.4;1;2303;9;0.3;1;0.3;1;6.2;1;;;;;666;9;;;;;;;;;;;;;;;;;;;;;;;;;;;;;;;;
75106001;LUXEMBOURG;48.844833;2.338500;50;20251230;0.0;1;1.1;1;1801;9;5.8;1;1332;9;2.9;1;3.5;1;4.7;1;;;;;0;9;;;;;;;;;;;;;;;;;;;;;;;;;;;;;;;;
75106001;LUXEMBOURG;48.844833;2.338500;50;20251231;0.0;1;-1.4;1;725;9;5.1;1;1349;9;1.2;1;1.9;1;6.5;1;;;;;597;9;;;;;;;;;;;;;;;;;;;;;;;;;;;;;;;;
75106001;LUXEMBOURG;48.844833;2.338500;50;20260101;0.2;1;-1.0;1;140;9;5.0;1;1320;9;2.9;1;2.0;1;6.0;1;;;;;168;9;;;;;;;;;;;;;;;;;;;;;;;;;;;;;;;;
75106001;LUXEMBOURG;48.844833;2.338500;50;20260102;2.2;1;2.2;1;1746;9;5.6;1;1149;9;3.0;1;3.9;1;3.4;1;;;;;0;9;;;;;;;;;;;;;;;;;;;;;;;;;;;;;;;;
75106001;LUXEMBOURG;48.844833;2.338500;50;20260103;0.0;1;0.0;1;333;9;4.6;1;1342;9;1.8;1;2.3;1;4.6;1;;;;;1;9;;;;;;;;;;;;;;;;;;;;;;;;;;;;;;;;
75106001;LUXEMBOURG;48.844833;2.338500;50;20260104;0.0;1;-2.0;1;647;9;4.4;1;1212;9;0.9;1;1.2;1;6.4;1;;;;;559;9;;;;;;;;;;;;;;;;;;;;;;;;;;;;;;;;
75106001;LUXEMBOURG;48.844833;2.338500;50;20260105;4.0;1;-4.0;1;448;9;0.2;1;2003;9;-1.4;1;-1.9;1;4.2;1;;;;;1355;9;;;;;;;;;;;;;;;;;;;;;;;;;;;;;;;;
75106001;LUXEMBOURG;48.844833;2.338500;50;20260106;1.0;1;-2.9;1;815;9;4.1;1;1228;9;-0.4;1;0.6;1;7.0;1;;;;;1008;9;;;;;;;;;;;;;;;;;;;;;;;;;;;;;;;;
75106001;LUXEMBOURG;48.844833;2.338500;50;20260107;4.0;1;-1.7;1;2032;9;4.1;1;2347;9;1.1;1;1.2;1;5.8;1;;;;;670;9;;;;;;;;;;;;;;;;;;;;;;;;;;;;;;;;
75106001;LUXEMBOURG;48.844833;2.338500;50;20260108;5.0;1;2.6;1;2002;9;10.7;1;2146;9;7.2;1;6.7;1;8.1;1;;;;;0;9;;;;;;;;;;;;;;;;;;;;;;;;;;;;;;;;
75106001;LUXEMBOURG;48.844833;2.338500;50;20260109;1.2;1;5.4;1;1756;9;7.9;1;622;9;6.9;1;6.7;1;2.5;1;;;;;0;9;;;;;;;;;;;;;;;;;;;;;;;;;;;;;;;;
75106001;LUXEMBOURG;48.844833;2.338500;50;20260110;0.0;1;4.0;1;801;9;5.2;1;1256;9;4.3;1;4.6;1;1.2;1;;;;;0;9;;;;;;;;;;;;;;;;;;;;;;;;;;;;;;;;
75106001;LUXEMBOURG;48.844833;2.338500;50;20260111;0.4;1;0.4;1;500;9;8.4;1;553;9;3.2;1;4.4;1;8.0;1;;;;;0;9;;;;;;;;;;;;;;;;;;;;;;;;;;;;;;;;
75106001;LUXEMBOURG;48.844833;2.338500;50;20260112;0.4;1;4.1;1;2230;9;12.1;1;1831;9;9.9;1;8.1;1;8.0;1;;;;;0;9;;;;;;;;;;;;;;;;;;;;;;;;;;;;;;;;
75106001;LUXEMBOURG;48.844833;2.338500;50;20260113;0.2;1;9.0;1;630;9;13.1;1;1328;9;10.8;1;11.1;1;4.1;1;;;;;0;9;;;;;;;;;;;;;;;;;;;;;;;;;;;;;;;;
75106001;LUXEMBOURG;48.844833;2.338500;50;20260114;0.2;1;9.1;1;39;9;13.2;1;1315;9;11.1;1;11.2;1;4.1;1;;;;;0;9;;;;;;;;;;;;;;;;;;;;;;;;;;;;;;;;
75106001;LUXEMBOURG;48.844833;2.338500;50;20260115;0.0;1;8.7;1;705;9;14.0;1;1402;9;11.2;1;11.4;1;5.3;1;;;;;0;9;;;;;;;;;;;;;;;;;;;;;;;;;;;;;;;;
75106001;LUXEMBOURG;48.844833;2.338500;50;20260116;1.6;1;8.4;1;717;9;11.5;1;1300;9;10.0;1;10.0;1;3.1;1;;;;;0;9;;;;;;;;;;;;;;;;;;;;;;;;;;;;;;;;
75106001;LUXEMBOURG;48.844833;2.338500;50;20260117;0.2;1;7.9;1;907;9;12.3;1;1344;9;9.5;1;10.1;1;4.4;1;;;;;0;9;;;;;;;;;;;;;;;;;;;;;;;;;;;;;;;;
75106001;LUXEMBOURG;48.844833;2.338500;50;20260118;0.0;1;7.6;1;754;9;11.0;1;1406;9;8.2;1;9.3;1;3.4;1;;;;;0;9;;;;;;;;;;;;;;;;;;;;;;;;;;;;;;;;
75106001;LUXEMBOURG;48.844833;2.338500;50;20260119;0.2;1;3.7;1;538;9;11.8;1;1414;9;7.2;1;7.8;1;8.1;1;;;;;0;9;;;;;;;;;;;;;;;;;;;;;;;;;;;;;;;;
75106001;LUXEMBOURG;48.844833;2.338500;50;20260120;0.2;1;6.7;1;844;9;9.8;1;2316;9;8.1;1;8.3;1;3.1;1;;;;;0;9;;;;;;;;;;;;;;;;;;;;;;;;;;;;;;;;
75106001;LUXEMBOURG;48.844833;2.338500;50;20260121;0.4;1;7.5;1;1925;9;15.1;1;1404;9;10.9;1;11.3;1;7.6;1;;;;;0;9;;;;;;;;;;;;;;;;;;;;;;;;;;;;;;;;
75106001;LUXEMBOURG;48.844833;2.338500;50;20260122;2.0;1;8.5;1;354;9;11.1;1;1356;9;9.3;1;9.8;1;2.6;1;;;;;0;9;;;;;;;;;;;;;;;;;;;;;;;;;;;;;;;;
75106001;LUXEMBOURG;48.844833;2.338500;50;20260123;2.6;1;6.1;1;321;9;10.3;1;1334;9;7.3;1;8.2;1;4.2;1;;;;;0;9;;;;;;;;;;;;;;;;;;;;;;;;;;;;;;;;
75106001;LUXEMBOURG;48.844833;2.338500;50;20260124;0.0;1;3.9;1;711;9;11.2;1;1431;9;6.5;1;7.6;1;7.3;1;;;;;0;9;;;;;;;;;;;;;;;;;;;;;;;;;;;;;;;;
75106001;LUXEMBOURG;48.844833;2.338500;50;20260125;2.4;1;4.9;1;306;9;8.7;1;1208;9;6.6;1;6.8;1;3.8;1;;;;;;;;;;;;;;;;;;;;;;;;;;;;;;;;;;;;;;
75106001;LUXEMBOURG;48.844833;2.338500;50;20260126;0.8;1;5.7;1;825;9;8.8;1;1514;9;6.8;1;7.3;1;3.1;1;;;;;0;9;;;;;;;;;;;;;;;;;;;;;;;;;;;;;;;;
75106001;LUXEMBOURG;48.844833;2.338500;50;20260127;9.2;1;5.5;1;632;9;9.7;1;1451;9;7.3;1;7.6;1;4.2;1;;;;;0;9;;;;;;;;;;;;;;;;;;;;;;;;;;;;;;;;
75106001;LUXEMBOURG;48.844833;2.338500;50;20260128;0.0;1;3.9;1;751;9;9.5;1;1345;9;6.2;1;6.7;1;5.6;1;;;;;0;9;;;;;;;;;;;;;;;;;;;;;;;;;;;;;;;;
75106001;LUXEMBOURG;48.844833;2.338500;50;20260129;2.6;1;0.3;1;711;9;5.6;1;301;9;3.4;1;3.0;1;5.3;1;;;;;0;9;;;;;;;;;;;;;;;;;;;;;;;;;;;;;;;;
75106001;LUXEMBOURG;48.844833;2.338500;50;20260130;3.0;1;4.6;1;158;9;11.3;1;1407;9;8.3;1;8.0;1;6.7;1;;;;;0;9;;;;;;;;;;;;;;;;;;;;;;;;;;;;;;;;
75106001;LUXEMBOURG;48.844833;2.338500;50;20260131;0.0;1;6.2;1;456;9;8.0;1;1730;9;7.3;1;7.1;1;1.8;1;;;;;0;9;;;;;;;;;;;;;;;;;;;;;;;;;;;;;;;;
75106001;LUXEMBOURG;48.844833;2.338500;50;20260201;4.2;1;6.3;1;439;9;9.4;1;1411;9;7.9;1;7.9;1;3.1;1;;;;;0;9;;;;;;;;;;;;;;;;;;;;;;;;;;;;;;;;
75106001;LUXEMBOURG;48.844833;2.338500;50;20260202;2.8;1;3.1;1;627;9;11.3;1;1241;9;7.8;1;7.2;1;8.2;1;;;;;0;9;;;;;;;;;;;;;;;;;;;;;;;;;;;;;;;;
75106001;LUXEMBOURG;48.844833;2.338500;50;20260203;6.2;1;7.9;1;48;9;10.4;1;1254;9;8.9;1;9.2;1;2.5;1;;;;;0;9;;;;;;;;;;;;;;;;;;;;;;;;;;;;;;;;
75106001;LUXEMBOURG;48.844833;2.338500;50;20260204;1.6;1;4.2;1;622;9;14.0;1;1426;9;8.6;1;9.1;1;9.8;1;;;;;0;9;;;;;;;;;;;;;;;;;;;;;;;;;;;;;;;;
75106001;LUXEMBOURG;48.844833;2.338500;50;20260205;3.2;1;8.1;1;458;9;12.5;1;1400;9;9.9;1;10.3;1;4.4;1;;;;;0;9;;;;;;;;;;;;;;;;;;;;;;;;;;;;;;;;
75106001;LUXEMBOURG;48.844833;2.338500;50;20260206;1.0;1;9.4;1;50;9;14.0;1;1333;9;10.7;1;11.7;1;4.6;1;;;;;0;9;;;;;;;;;;;;;;;;;;;;;;;;;;;;;;;;
75106001;LUXEMBOURG;48.844833;2.338500;50;20260207;0.2;1;7.1;1;246;9;13.5;1;1223;9;9.9;1;10.3;1;6.4;1;;;;;0;9;;;;;;;;;;;;;;;;;;;;;;;;;;;;;;;;
75106001;LUXEMBOURG;48.844833;2.338500;50;20260208;0.0;1;5.4;1;727;9;15.1;1;1439;9;9.6;1;10.3;1;9.7;1;;;;;0;9;;;;;;;;;;;;;;;;;;;;;;;;;;;;;;;;
75106001;LUXEMBOURG;48.844833;2.338500;50;20260209;6.8;1;4.8;1;331;9;11.4;1;1529;9;7.8;1;8.1;1;6.6;1;;;;;0;9;;;;;;;;;;;;;;;;;;;;;;;;;;;;;;;;
75106001;LUXEMBOURG;48.844833;2.338500;50;20260210;13.3;1;8.7;1;2226;9;12.8;1;1958;9;11.1;1;10.8;1;4.1;1;;;;;0;9;;;;;;;;;;;;;;;;;;;;;;;;;;;;;;;;
75106001;LUXEMBOURG;48.844833;2.338500;50;20260211;17.5;1;10.7;1;1748;9;14.7;1;1354;9;11.9;1;12.7;1;4.0;1;;;;;0;9;;;;;;;;;;;;;;;;;;;;;;;;;;;;;;;;
75106001;LUXEMBOURG;48.844833;2.338500;50;20260212;0.2;1;9.5;1;455;9;13.3;1;1429;9;10.6;1;11.4;1;3.8;1;;;;;0;9;;;;;;;;;;;;;;;;;;;;;;;;;;;;;;;;
75106001;LUXEMBOURG;48.844833;2.338500;50;20260213;15.1;1;7.9;1;514;9;9.4;1;1050;9;8.5;1;8.7;1;1.5;1;;;;;0;9;;;;;;;;;;;;;;;;;;;;;;;;;;;;;;;;
75106001;LUXEMBOURG;48.844833;2.338500;50;20260214;0.0;1;1.7;1;841;9;5.0;1;1546;9;2.9;1;3.4;1;3.3;1;;;;;0;9;;;;;;;;;;;;;;;;;;;;;;;;;;;;;;;;
75106001;LUXEMBOURG;48.844833;2.338500;50;20260215;5.8;1;0.3;1;249;9;10.6;1;2157;9;4.0;1;5.5;1;10.3;1;;;;;0;9;;;;;;;;;;;;;;;;;;;;;;;;;;;;;;;;
75106001;LUXEMBOURG;48.844833;2.338500;50;20260216;2.8;1;7.2;1;1801;9;12.6;1;1432;9;8.8;1;9.9;1;5.4;1;;;;;0;9;;;;;;;;;;;;;;;;;;;;;;;;;;;;;;;;
75106001;LUXEMBOURG;48.844833;2.338500;50;20260217;10.7;1;5.4;1;1800;9;10.7;1;1420;9;7.2;1;8.1;1;5.3;1;;;;;0;9;;;;;;;;;;;;;;;;;;;;;;;;;;;;;;;;
75106001;LUXEMBOURG;48.844833;2.338500;50;20260218;10.2;1;3.4;1;609;9;10.1;1;2008;9;6.2;1;6.8;1;6.7;1;;;;;0;9;;;;;;;;;;;;;;;;;;;;;;;;;;;;;;;;
75106001;LUXEMBOURG;48.844833;2.338500;50;20260219;2.8;1;8.0;1;1801;9;10.6;1;1343;9;8.8;1;9.3;1;2.6;1;;;;;0;9;;;;;;;;;;;;;;;;;;;;;;;;;;;;;;;;
75106001;LUXEMBOURG;48.844833;2.338500;50;20260220;0.0;1;6.3;1;258;9;12.3;1;1354;9;9.5;1;9.3;1;6.0;1;;;;;0;9;;;;;;;;;;;;;;;;;;;;;;;;;;;;;;;;
75106001;LUXEMBOURG;48.844833;2.338500;50;20260221;0.0;1;10.7;1;1900;9;17.4;1;1354;9;13.4;1;14.1;1;6.7;1;;;;;0;9;;;;;;;;;;;;;;;;;;;;;;;;;;;;;;;;
75106001;LUXEMBOURG;48.844833;2.338500;50;20260222;1.6;1;11.8;1;1737;9;14.5;1;1153;9;12.8;1;13.2;1;2.7;1;;;;;0;9;;;;;;;;;;;;;;;;;;;;;;;;;;;;;;;;
75106001;LUXEMBOURG;48.844833;2.338500;50;20260223;0.0;1;10.6;1;635;9;17.2;1;1509;9;13.6;1;13.9;1;6.6;1;;;;;0;9;;;;;;;;;;;;;;;;;;;;;;;;;;;;;;;;
75106001;LUXEMBOURG;48.844833;2.338500;50;20260224;0.0;1;12.6;1;748;9;17.2;1;1512;9;13.4;1;14.9;1;4.6;1;;;;;0;9;;;;;;;;;;;;;;;;;;;;;;;;;;;;;;;;
75106001;LUXEMBOURG;48.844833;2.338500;50;20260225;0.2;1;8.7;1;257;9;22.2;1;1505;9;13.8;1;15.5;1;13.5;1;;;;;0;9;;;;;;;;;;;;;;;;;;;;;;;;;;;;;;;;
75106001;LUXEMBOURG;48.844833;2.338500;50;20260226;0.0;1;9.0;1;532;9;19.4;1;1416;9;13.8;1;14.2;1;10.4;1;;;;;0;9;;;;;;;;;;;;;;;;;;;;;;;;;;;;;;;;
75106001;LUXEMBOURG;48.844833;2.338500;50;20260227;3.6;1;9.1;1;458;9;15.6;1;1256;9;12.2;1;12.4;1;6.5;1;;;;;0;9;;;;;;;;;;;;;;;;;;;;;;;;;;;;;;;;
75106001;LUXEMBOURG;48.844833;2.338500;50;20260228;0.0;1;9.9;1;650;9;14.9;1;1517;9;10.9;1;12.4;1;5.0;1;;;;;0;9;;;;;;;;;;;;;;;;;;;;;;;;;;;;;;;;
75106001;LUXEMBOURG;48.844833;2.338500;50;20260301;0.0;1;5.4;1;632;9;14.5;1;1428;9;9.6;1;10.0;1;9.1;1;;;;;0;9;;;;;;;;;;;;;;;;;;;;;;;;;;;;;;;;
75106001;LUXEMBOURG;48.844833;2.338500;50;20260302;0.0;1;7.3;1;643;9;19.2;1;1541;9;12.2;1;13.3;1;11.9;1;;;;;0;9;;;;;;;;;;;;;;;;;;;;;;;;;;;;;;;;
75106001;LUXEMBOURG;48.844833;2.338500;50;20260303;0.4;1;6.3;1;649;9;20.1;1;1531;9;12.2;1;13.2;1;13.8;1;;;;;;;;;;;;;;;;;;;;;;;;;;;;;;;;;;;;;;
75106001;LUXEMBOURG;48.844833;2.338500;50;20260304;0.0;1;7.0;1;620;9;19.9;1;1506;9;12.9;1;13.5;1;12.9;1;;;;;0;9;;;;;;;;;;;;;;;;;;;;;;;;;;;;;;;;
75106001;LUXEMBOURG;48.844833;2.338500;50;20260305;0.0;1;8.8;1;412;9;19.1;1;1458;9;12.9;1;14.0;1;10.3;1;;;;;0;9;;;;;;;;;;;;;;;;;;;;;;;;;;;;;;;;
75106001;LUXEMBOURG;48.844833;2.338500;50;20260306;0.0;1;10.2;1;320;9;19.2;1;1450;9;14.5;1;14.7;1;9.0;1;;;;;0;9;;;;;;;;;;;;;;;;;;;;;;;;;;;;;;;;
75106001;LUXEMBOURG;48.844833;2.338500;50;20260307;0.0;1;11.2;1;644;9;18.7;1;1429;9;13.6;1;15.0;1;7.5;1;;;;;0;9;;;;;;;;;;;;;;;;;;;;;;;;;;;;;;;;
75106001;LUXEMBOURG;48.844833;2.338500;50;20260308;0.0;1;8.1;1;714;9;19.1;1;1603;9;12.3;1;13.6;1;11.0;1;;;;;0;9;;;;;;;;;;;;;;;;;;;;;;;;;;;;;;;;
75106001;LUXEMBOURG;48.844833;2.338500;50;20260309;2.2;1;9.2;1;620;9;19.0;1;1456;9;13.5;1;14.1;1;9.8;1;;;;;0;9;;;;;;;;;;;;;;;;;;;;;;;;;;;;;;;;
75106001;LUXEMBOURG;48.844833;2.338500;50;20260310;0.8;1;10.9;1;602;9;17.6;1;1313;9;13.4;1;14.3;1;6.7;1;;;;;0;9;;;;;;;;;;;;;;;;;;;;;;;;;;;;;;;;
75106001;LUXEMBOURG;48.844833;2.338500;50;20260311;5.4;1;10.0;1;719;9;15.9;1;1454;9;11.3;1;13.0;1;5.9;1;;;;;0;9;;;;;;;;;;;;;;;;;;;;;;;;;;;;;;;;
75106001;LUXEMBOURG;48.844833;2.338500;50;20260312;0.0;1;6.0;1;627;9;13.2;1;1245;9;10.0;1;9.6;1;7.2;1;;;;;0;9;;;;;;;;;;;;;;;;;;;;;;;;;;;;;;;;
75106001;LUXEMBOURG;48.844833;2.338500;50;20260313;21.7;1;6.8;1;1756;9;12.2;1;948;9;8.9;1;9.5;1;5.4;1;;;;;0;9;;;;;;;;;;;;;;;;;;;;;;;;;;;;;;;;
75106001;LUXEMBOURG;48.844833;2.338500;50;20260314;1.2;1;2.8;1;37;9;11.2;1;1618;9;6.6;1;7.0;1;8.4;1;;;;;0;9;;;;;;;;;;;;;;;;;;;;;;;;;;;;;;;;
75106001;LUXEMBOURG;48.844833;2.338500;50;20260315;0.0;1;3.1;1;531;9;14.1;1;1522;9;8.5;1;8.6;1;11.0;1;;;;;;;;;;;;;;;;;;;;;;;;;;;;;;;;;;;;;;
75106001;LUXEMBOURG;48.844833;2.338500;50;20260316;0.0;1;8.5;1;424;9;12.9;1;1241;9;10.7;1;10.7;1;4.4;1;;;;;0;9;;;;;;;;;;;;;;;;;;;;;;;;;;;;;;;;
75106001;LUXEMBOURG;48.844833;2.338500;50;20260317;0.0;1;6.5;1;544;9;18.7;1;1527;9;12.2;1;12.6;1;12.2;1;;;;;0;9;;;;;;;;;;;;;;;;;;;;;;;;;;;;;;;;
75106001;LUXEMBOURG;48.844833;2.338500;50;20260318;0.0;1;8.8;1;516;9;17.6;1;1433;9;12.6;1;13.2;1;8.8;1;;;;;0;9;;;;;;;;;;;;;;;;;;;;;;;;;;;;;;;;
75106001;LUXEMBOURG;48.844833;2.338500;50;20260319;0.0;1;8.0;1;606;9;18.9;1;1515;9;12.7;1;13.5;1;10.9;1;;;;;0;9;;;;;;;;;;;;;;;;;;;;;;;;;;;;;;;;
75106001;LUXEMBOURG;48.844833;2.338500;50;20260320;0.0;1;6.9;1;629;9;19.2;1;1517;9;12.5;1;13.1;1;12.3;1;;;;;0;9;;;;;;;;;;;;;;;;;;;;;;;;;;;;;;;;
75106001;LUXEMBOURG;48.844833;2.338500;50;20260321;0.0;1;7.8;1;715;9;18.2;1;1423;9;12.0;1;13.0;1;10.4;1;;;;;0;9;;;;;;;;;;;;;;;;;;;;;;;;;;;;;;;;
75106001;LUXEMBOURG;48.844833;2.338500;50;20260322;0.0;1;6.4;1;638;9;16.8;1;1505;9;11.3;1;11.6;1;10.4;1;;;;;0;9;;;;;;;;;;;;;;;;;;;;;;;;;;;;;;;;
75106001;LUXEMBOURG;48.844833;2.338500;50;20260323;0.0;1;6.7;1;602;9;18.1;1;1532;9;11.7;1;12.4;1;11.4;1;;;;;0;9;;;;;;;;;;;;;;;;;;;;;;;;;;;;;;;;
75106001;LUXEMBOURG;48.844833;2.338500;50;20260324;0.4;1;8.5;1;444;9;19.1;1;1435;9;13.5;1;13.8;1;10.6;1;;;;;0;9;;;;;;;;;;;;;;;;;;;;;;;;;;;;;;;;
75106001;LUXEMBOURG;48.844833;2.338500;50;20260325;4.6;1;6.0;1;1258;9;9.7;1;1202;9;7.9;1;7.9;1;3.7;1;;;;;0;9;;;;;;;;;;;;;;;;;;;;;;;;;;;;;;;;
75106001;LUXEMBOURG;48.844833;2.338500;50;20260326;0.0;1;4.4;1;1855;9;11.7;1;1501;9;7.1;1;8.1;1;7.3;1;;;;;0;9;;;;;;;;;;;;;;;;;;;;;;;;;;;;;;;;
75106001;LUXEMBOURG;48.844833;2.338500;50;20260327;9.6;1;3.5;1;124;9;11.9;1;1311;9;8.4;1;7.7;1;8.4;1;;;;;0;9;;;;;;;;;;;;;;;;;;;;;;;;;;;;;;;;
75106001;LUXEMBOURG;48.844833;2.338500;50;20260328;0.0;1;7.6;1;601;9;12.1;1;1410;9;8.9;1;9.9;1;4.5;1;;;;;0;9;;;;;;;;;;;;;;;;;;;;;;;;;;;;;;;;
75106001;LUXEMBOURG;48.844833;2.338500;50;20260329;0.2;1;4.8;1;500;9;12.9;1;1344;9;8.8;1;8.9;1;8.1;1;;;;;0;9;;;;;;;;;;;;;;;;;;;;;;;;;;;;;;;;
75106001;LUXEMBOURG;48.844833;2.338500;50;20260330;0.0;1;8.8;1;334;9;14.4;1;1347;9;10.8;1;11.6;1;5.6;1;;;;;;;;;;;;;;;;;;;;;;;;;;;;;;;;;;;;;;
75106001;LUXEMBOURG;48.844833;2.338500;50;20260331;0.0;1;7.8;1;459;9;11.5;1;1353;9;9.7;1;9.7;1;3.7;1;;;;;0;9;;;;;;;;;;;;;;;;;;;;;;;;;;;;;;;;
75106001;LUXEMBOURG;48.844833;2.338500;50;20260401;3.0;1;9.8;1;2205;9;10.9;1;1109;9;10.3;1;10.4;1;1.1;1;;;;;0;9;;;;;;;;;;;;;;;;;;;;;;;;;;;;;;;;
75106001;LUXEMBOURG;48.844833;2.338500;50;20260402;0.2;1;8.7;1;200;9;14.9;1;1518;9;10.7;1;11.8;1;6.2;1;;;;;0;9;;;;;;;;;;;;;;;;;;;;;;;;;;;;;;;;
75106001;LUXEMBOURG;48.844833;2.338500;50;20260403;2.6;1;5.3;1;414;9;13.4;1;1253;9;10.3;1;9.4;1;8.1;1;;;;;0;9;;;;;;;;;;;;;;;;;;;;;;;;;;;;;;;;
75106001;LUXEMBOURG;48.844833;2.338500;50;20260404;0.0;1;11.9;1;1801;9;20.6;1;1607;9;15.0;1;16.3;1;8.7;1;;;;;0;9;;;;;;;;;;;;;;;;;;;;;;;;;;;;;;;;
75106001;LUXEMBOURG;48.844833;2.338500;50;20260405;0.4;1;11.1;1;916;9;16.9;1;1334;9;13.2;1;14.0;1;5.8;1;;;;;0;9;;;;;;;;;;;;;;;;;;;;;;;;;;;;;;;;
75106001;LUXEMBOURG;48.844833;2.338500;50;20260406;0.0;1;7.0;1;408;9;20.2;1;1555;9;13.2;1;13.6;1;13.2;1;;;;;0;9;;;;;;;;;;;;;;;;;;;;;;;;;;;;;;;;
75106001;LUXEMBOURG;48.844833;2.338500;50;20260407;0.0;1;8.9;1;411;9;26.6;1;1554;9;16.9;1;17.8;1;17.7;1;;;;;0;9;;;;;;;;;;;;;;;;;;;;;;;;;;;;;;;;
75106001;LUXEMBOURG;48.844833;2.338500;50;20260408;0.0;1;9.8;1;459;9;27.4;1;1526;9;17.7;1;18.6;1;17.6;1;;;;;0;9;;;;;;;;;;;;;;;;;;;;;;;;;;;;;;;;
75106001;LUXEMBOURG;48.844833;2.338500;50;20260409;0.0;1;11.2;1;423;9;27.6;1;1421;9;18.3;1;19.4;1;16.4;1;;;;;0;9;;;;;;;;;;;;;;;;;;;;;;;;;;;;;;;;
75106001;LUXEMBOURG;48.844833;2.338500;50;20260410;0.0;1;9.3;1;440;9;18.1;1;1431;9;13.1;1;13.7;1;8.8;1;;;;;0;9;;;;;;;;;;;;;;;;;;;;;;;;;;;;;;;;
75106001;LUXEMBOURG;48.844833;2.338500;50;20260411;0.6;1;9.0;1;1647;9;16.1;1;959;9;11.7;1;12.6;1;7.1;1;;;;;0;9;;;;;;;;;;;;;;;;;;;;;;;;;;;;;;;;
75106001;LUXEMBOURG;48.844833;2.338500;50;20260412;0.0;1;7.1;1;518;9;15.5;1;1555;9;11.0;1;11.3;1;8.4;1;;;;;0;9;;;;;;;;;;;;;;;;;;;;;;;;;;;;;;;;
75106001;LUXEMBOURG;48.844833;2.338500;50;20260413;0.0;1;9.0;1;2347;9;15.0;1;1258;9;11.0;1;12.0;1;6.0;1;;;;;0;9;;;;;;;;;;;;;;;;;;;;;;;;;;;;;;;;
75106001;LUXEMBOURG;48.844833;2.338500;50;20260414;0.0;1;6.0;1;514;9;19.8;1;1628;9;12.7;1;12.9;1;13.8;1;;;;;0;9;;;;;;;;;;;;;;;;;;;;;;;;;;;;;;;;
75106001;LUXEMBOURG;48.844833;2.338500;50;20260415;0.0;1;9.3;1;505;9;20.9;1;1608;9;15.2;1;15.1;1;11.6;1;;;;;0;9;;;;;;;;;;;;;;;;;;;;;;;;;;;;;;;;
75106001;LUXEMBOURG;48.844833;2.338500;50;20260416;0.0;1;11.1;1;503;9;21.2;1;1545;9;15.1;1;16.2;1;10.1;1;;;;;0;9;;;;;;;;;;;;;;;;;;;;;;;;;;;;;;;;
75106001;LUXEMBOURG;48.844833;2.338500;50;20260417;0.0;1;10.2;1;525;9;21.6;1;1303;9;16.4;1;15.9;1;11.4;1;;;;;0;9;;;;;;;;;;;;;;;;;;;;;;;;;;;;;;;;
75106001;LUXEMBOURG;48.844833;2.338500;50;20260418;0.0;1;12.4;1;215;9;23.1;1;1406;9;16.2;1;17.8;1;10.7;1;;;;;0;9;;;;;;;;;;;;;;;;;;;;;;;;;;;;;;;;
75106001;LUXEMBOURG;48.844833;2.338500;50;20260419;0.0;1;8.3;1;517;9;19.2;1;1519;9;13.2;1;13.8;1;10.9;1;;;;;0;9;;;;;;;;;;;;;;;;;;;;;;;;;;;;;;;;
75106001;LUXEMBOURG;48.844833;2.338500;50;20260420;0.0;1;7.9;1;515;9;17.2;1;1431;9;12.1;1;12.6;1;9.3;1;;;;;0;9;;;;;;;;;;;;;;;;;;;;;;;;;;;;;;;;
75106001;LUXEMBOURG;48.844833;2.338500;50;20260421;0.0;1;6.7;1;524;9;16.8;1;1647;9;12.1;1;11.8;1;10.1;1;;;;;0;9;;;;;;;;;;;;;;;;;;;;;;;;;;;;;;;;
75106001;LUXEMBOURG;48.844833;2.338500;50;20260422;0.0;1;8.9;1;420;9;20.7;1;1525;9;14.6;1;14.8;1;11.8;1;;;;;0;9;;;;;;;;;;;;;;;;;;;;;;;;;;;;;;;;
75106001;LUXEMBOURG;48.844833;2.338500;50;20260423;0.0;1;10.2;1;525;9;23.9;1;1601;9;17.1;1;17.1;1;13.7;1;;;;;0;9;;;;;;;;;;;;;;;;;;;;;;;;;;;;;;;;
75106001;LUXEMBOURG;48.844833;2.338500;50;20260424;0.0;1;9.9;1;515;9;24.7;1;1524;9;17.0;1;17.3;1;14.8;1;;;;;0;9;;;;;;;;;;;;;;;;;;;;;;;;;;;;;;;;
75106001;LUXEMBOURG;48.844833;2.338500;50;20260425;0.0;1;9.4;1;448;9;25.2;1;1453;9;16.9;1;17.3;1;15.8;1;;;;;0;9;;;;;;;;;;;;;;;;;;;;;;;;;;;;;;;;
75106001;LUXEMBOURG;48.844833;2.338500;50;20260426;0.0;1;10.0;1;414;9;24.2;1;1526;9;17.1;1;17.1;1;14.2;1;;;;;0;9;;;;;;;;;;;;;;;;;;;;;;;;;;;;;;;;
75106001;LUXEMBOURG;48.844833;2.338500;50;20260427;0.0;1;11.3;1;339;9;23.2;1;1510;9;17.0;1;17.3;1;11.9;1;;;;;0;9;;;;;;;;;;;;;;;;;;;;;;;;;;;;;;;;
75106001;LUXEMBOURG;48.844833;2.338500;50;20260428;0.0;1;11.8;1;446;9;22.6;1;1525;9;16.7;1;17.2;1;10.8;1;;;;;0;9;;;;;;;;;;;;;;;;;;;;;;;;;;;;;;;;
75106001;LUXEMBOURG;48.844833;2.338500;50;20260429;0.0;1;13.9;1;634;9;25.3;1;1445;9;18.9;1;19.6;1;11.4;1;;;;;0;9;;;;;;;;;;;;;;;;;;;;;;;;;;;;;;;;
75106001;LUXEMBOURG;48.844833;2.338500;50;20260430;0.6;1;12.7;1;515;9;26.0;1;1612;9;18.7;1;19.4;1;13.3;1;;;;;0;9;;;;;;;;;;;;;;;;;;;;;;;;;;;;;;;;
75106001;LUXEMBOURG;48.844833;2.338500;50;20260501;7.3;1;13.0;1;432;9;27.3;1;1542;9;18.5;1;20.2;1;14.3;1;;;;;0;9;;;;;;;;;;;;;;;;;;;;;;;;;;;;;;;;
75106001;LUXEMBOURG;48.844833;2.338500;50;20260502;4.2;1;14.9;1;412;9;27.2;1;1436;9;20.1;1;21.1;1;12.3;1;;;;;0;9;;;;;;;;;;;;;;;;;;;;;;;;;;;;;;;;
75106001;LUXEMBOURG;48.844833;2.338500;50;20260503;0.4;1;14.5;1;506;9;22.9;1;1652;9;17.5;1;18.7;1;8.4;1;;;;;0;9;;;;;;;;;;;;;;;;;;;;;;;;;;;;;;;;
75106001;LUXEMBOURG;48.844833;2.338500;50;20260504;16.3;1;14.9;1;946;9;17.3;1;1246;9;15.7;1;16.1;1;2.4;1;;;;;0;9;;;;;;;;;;;;;;;;;;;;;;;;;;;;;;;;
75106001;LUXEMBOURG;48.844833;2.338500;50;20260505;13.4;1;12.8;1;1731;9;14.7;1;1159;9;13.3;1;13.8;1;1.9;1;;;;;0;9;;;;;;;;;;;;;;;;;;;;;;;;;;;;;;;;
75106001;LUXEMBOURG;48.844833;2.338500;50;20260506;0.0;1;9.8;1;648;9;15.2;1;1239;9;12.1;1;12.5;1;5.4;1;;;;;0;9;;;;;;;;;;;;;;;;;;;;;;;;;;;;;;;;
75106001;LUXEMBOURG;48.844833;2.338500;50;20260507;0.0;1;10.6;1;433;9;18.6;1;1442;9;13.8;1;14.6;1;8.0;1;;;;;0;9;;;;;;;;;;;;;;;;;;;;;;;;;;;;;;;;
75106001;LUXEMBOURG;48.844833;2.338500;50;20260508;0.0;1;9.2;1;359;9;22.3;1;1606;9;15.7;1;15.8;1;13.1;1;;;;;0;9;;;;;;;;;;;;;;;;;;;;;;;;;;;;;;;;
75106001;LUXEMBOURG;48.844833;2.338500;50;20260509;0.0;1;11.9;1;410;9;26.5;1;1356;9;19.1;1;19.2;1;14.6;1;;;;;0;9;;;;;;;;;;;;;;;;;;;;;;;;;;;;;;;;
75106001;LUXEMBOURG;48.844833;2.338500;50;20260510;55.0;1;13.3;1;1756;9;18.6;1;1016;9;14.8;1;16.0;1;5.3;1;;;;;0;9;;;;;;;;;;;;;;;;;;;;;;;;;;;;;;;;
75106001;LUXEMBOURG;48.844833;2.338500;50;20260511;3.6;1;9.4;1;746;9;14.7;1;1307;9;11.2;1;12.1;1;5.3;1;;;;;0;9;;;;;;;;;;;;;;;;;;;;;;;;;;;;;;;;
75106001;LUXEMBOURG;48.844833;2.338500;50;20260512;0.0;1;5.7;1;412;9;16.9;1;1554;9;12.2;1;11.3;1;11.2;1;;;;;0;9;;;;;;;;;;;;;;;;;;;;;;;;;;;;;;;;
75106001;LUXEMBOURG;48.844833;2.338500;50;20260513;4.6;1;9.9;1;1647;9;14.5;1;1306;9;11.5;1;12.2;1;4.6;1;;;;;0;9;;;;;;;;;;;;;;;;;;;;;;;;;;;;;;;;
75106001;LUXEMBOURG;48.844833;2.338500;50;20260514;4.8;1;8.2;1;611;9;13.0;1;1716;9;9.6;1;10.6;1;4.8;1;;;;;0;9;;;;;;;;;;;;;;;;;;;;;;;;;;;;;;;;
75106001;LUXEMBOURG;48.844833;2.338500;50;20260515;1.4;1;6.1;1;440;9;14.1;1;1440;9;10.1;1;10.1;1;8.0;1;;;;;0;9;;;;;;;;;;;;;;;;;;;;;;;;;;;;;;;;
75106001;LUXEMBOURG;48.844833;2.338500;50;20260516;3.4;1;7.3;1;504;9;16.9;1;1531;9;12.2;1;12.1;1;9.6;1;;;;;0;9;;;;;;;;;;;;;;;;;;;;;;;;;;;;;;;;
75106001;LUXEMBOURG;48.844833;2.338500;50;20260517;10.3;1;10.7;1;423;9;16.7;1;1234;9;12.6;1;13.7;1;6.0;1;;;;;0;9;;;;;;;;;;;;;;;;;;;;;;;;;;;;;;;;
75106001;LUXEMBOURG;48.844833;2.338500;50;20260518;3.4;1;9.6;1;449;9;15.8;1;1738;9;12.6;1;12.7;1;6.2;1;;;;;0;9;;;;;;;;;;;;;;;;;;;;;;;;;;;;;;;;
75106001;LUXEMBOURG;48.844833;2.338500;50;20260519;1.0;1;11.1;1;2200;9;17.6;1;1654;9;14.4;1;14.4;1;6.5;1;;;;;0;9;;;;;;;;;;;;;;;;;;;;;;;;;;;;;;;;
75106001;LUXEMBOURG;48.844833;2.338500;50;20260520;0.0;1;13.5;1;413;9;21.1;1;1639;9;16.8;1;17.3;1;7.6;1;;;;;0;9;;;;;;;;;;;;;;;;;;;;;;;;;;;;;;;;
75106001;LUXEMBOURG;48.844833;2.338500;50;20260521;0.0;1;12.0;1;435;9;26.6;1;1719;9;19.3;1;19.3;1;14.6;1;;;;;0;9;;;;;;;;;;;;;;;;;;;;;;;;;;;;;;;;
75106001;LUXEMBOURG;48.844833;2.338500;50;20260522;0.0;1;14.0;1;422;9;30.9;1;1640;9;22.6;1;22.5;1;16.9;1;;;;;0;9;;;;;;;;;;;;;;;;;;;;;;;;;;;;;;;;
75106001;LUXEMBOURG;48.844833;2.338500;50;20260523;0.0;1;16.0;1;431;9;33.0;1;1457;9;24.7;1;24.5;1;17.0;1;;;;;0;9;;;;;;;;;;;;;;;;;;;;;;;;;;;;;;;;
75106001;LUXEMBOURG;48.844833;2.338500;50;20260524;0.0;1;19.5;1;145;9;33.6;1;1416;9;26.8;1;26.6;1;14.1;1;;;;;0;9;;;;;;;;;;;;;;;;;;;;;;;;;;;;;;;;
75106001;LUXEMBOURG;48.844833;2.338500;50;20260525;0.0;1;20.1;1;407;9;34.9;1;1440;9;27.2;1;27.5;1;14.8;1;;;;;0;9;;;;;;;;;;;;;;;;;;;;;;;;;;;;;;;;
75106001;LUXEMBOURG;48.844833;2.338500;50;20260526;0.0;1;19.0;1;430;9;34.6;1;1619;9;27.1;1;26.8;1;15.6;1;;;;;0;9;;;;;;;;;;;;;;;;;;;;;;;;;;;;;;;;
75106001;LUXEMBOURG;48.844833;2.338500;50;20260527;0.0;1;18.2;1;531;9;34.3;1;1545;9;27.4;1;26.3;1;16.1;1;;;;;0;9;;;;;;;;;;;;;;;;;;;;;;;;;;;;;;;;
75106001;LUXEMBOURG;48.844833;2.338500;50;20260528;0.0;1;21.8;1;503;9;34.9;1;1513;9;28.2;1;28.4;1;13.1;1;;;;;0;9;;;;;;;;;;;;;;;;;;;;;;;;;;;;;;;;
75106001;LUXEMBOURG;48.844833;2.338500;50;20260529;0.0;1;21.4;1;606;9;34.8;1;1453;9;28.0;1;28.1;1;13.4;1;;;;;0;9;;;;;;;;;;;;;;;;;;;;;;;;;;;;;;;;
75106001;LUXEMBOURG;48.844833;2.338500;50;20260530;0.0;1;22.9;1;328;9;35.6;1;1452;9;28.6;1;29.3;1;12.7;1;;;;;0;9;;;;;;;;;;;;;;;;;;;;;;;;;;;;;;;;
75106001;LUXEMBOURG;48.844833;2.338500;50;20260531;0.2;1;18.0;1;638;9;23.2;1;1732;9;20.2;1;20.6;1;5.2;1;;;;;0;9;;;;;;;;;;;;;;;;;;;;;;;;;;;;;;;;
75106001;LUXEMBOURG;48.844833;2.338500;50;20260601;0.2;1;15.8;1;350;9;27.4;1;1454;9;21.6;1;21.6;1;11.6;1;;;;;0;9;;;;;;;;;;;;;;;;;;;;;;;;;;;;;;;;
75106001;LUXEMBOURG;48.844833;2.338500;50;20260602;11.0;1;16.7;1;835;9;21.3;1;1257;9;18.7;1;19.0;1;4.6;1;;;;;0;9;;;;;;;;;;;;;;;;;;;;;;;;;;;;;;;;
75106001;LUXEMBOURG;48.844833;2.338500;50;20260603;1.2;1;14.3;1;302;9;20.8;1;1450;9;17.5;1;17.6;1;6.5;1;;;;;0;9;;;;;;;;;;;;;;;;;;;;;;;;;;;;;;;;
75106001;LUXEMBOURG;48.844833;2.338500;50;20260604;2.6;1;15.2;1;612;9;22.1;1;1305;9;17.1;1;18.7;1;6.9;1;;;;;0;9;;;;;;;;;;;;;;;;;;;;;;;;;;;;;;;;
75106001;LUXEMBOURG;48.844833;2.338500;50;20260605;0.0;1;12.5;1;307;9;21.3;1;1619;9;16.2;1;16.9;1;8.8;1;;;;;0;9;;;;;;;;;;;;;;;;;;;;;;;;;;;;;;;;
75106001;LUXEMBOURG;48.844833;2.338500;50;20260606;0.8;1;14.7;1;309;9;22.6;1;1508;9;17.4;1;18.7;1;7.9;1;;;;;0;9;;;;;;;;;;;;;;;;;;;;;;;;;;;;;;;;
75106001;LUXEMBOURG;48.844833;2.338500;50;20260607;0.2;1;12.7;1;444;9;24.5;1;1635;9;18.4;1;18.6;1;11.8;1;;;;;0;9;;;;;;;;;;;;;;;;;;;;;;;;;;;;;;;;
75106001;LUXEMBOURG;48.844833;2.338500;50;20260608;1.8;1;14.7;1;1654;9;22.7;1;1333;9;17.6;1;18.7;1;8.0;1;;;;;0;9;;;;;;;;;;;;;;;;;;;;;;;;;;;;;;;;
75106001;LUXEMBOURG;48.844833;2.338500;50;20260609;3.0;1;11.1;1;428;9;20.6;1;1523;9;15.2;1;15.9;1;9.5;1;;;;;0;9;;;;;;;;;;;;;;;;;;;;;;;;;;;;;;;;
75106001;LUXEMBOURG;48.844833;2.338500;50;20260610;0.6;1;12.9;1;525;9;18.5;1;1405;9;14.9;1;15.7;1;5.6;1;;;;;0;9;;;;;;;;;;;;;;;;;;;;;;;;;;;;;;;;
75106001;LUXEMBOURG;48.844833;2.338500;50;20260611;1.4;1;10.9;1;403;9;19.1;1;1234;9;16.0;1;15.0;1;8.2;1;;;;;0;9;;;;;;;;;;;;;;;;;;;;;;;;;;;;;;;;
75106001;LUXEMBOURG;48.844833;2.338500;50;20260612;0.0;1;17.0;1;345;9;27.0;1;1637;9;21.2;1;22.0;1;10.0;1;;;;;0;9;;;;;;;;;;;;;;;;;;;;;;;;;;;;;;;;
75106001;LUXEMBOURG;48.844833;2.338500;50;20260613;0.0;1;16.4;1;448;9;28.8;1;1554;9;22.0;1;22.6;1;12.4;1;;;;;0;9;;;;;;;;;;;;;;;;;;;;;;;;;;;;;;;;
75106001;LUXEMBOURG;48.844833;2.338500;50;20260614;0.0;1;14.7;1;506;9;27.1;1;1640;9;20.5;1;20.9;1;12.4;1;;;;;0;9;;;;;;;;;;;;;;;;;;;;;;;;;;;;;;;;
75106001;LUXEMBOURG;48.844833;2.338500;50;20260615;0.0;1;15.5;1;441;9;29.4;1;1541;9;22.2;1;22.5;1;13.9;1;;;;;0;9;;;;;;;;;;;;;;;;;;;;;;;;;;;;;;;;
75106001;LUXEMBOURG;48.844833;2.338500;50;20260616;0.0;1;21.2;1;243;9;29.6;1;1618;9;24.4;1;25.4;1;8.4;1;;;;;0;9;;;;;;;;;;;;;;;;;;;;;;;;;;;;;;;;
75106001;LUXEMBOURG;48.844833;2.338500;50;20260617;0.0;1;17.2;1;544;9;33.8;1;1721;9;26.0;1;25.5;1;16.6;1;;;;;0;9;;;;;;;;;;;;;;;;;;;;;;;;;;;;;;;;
75106001;LUXEMBOURG;48.844833;2.338500;50;20260618;2.0;1;20.4;1;351;9;37.8;1;1439;9;27.5;1;29.1;1;17.4;1;;;;;0;9;;;;;;;;;;;;;;;;;;;;;;;;;;;;;;;;
75106001;LUXEMBOURG;48.844833;2.338500;50;20260619;0.0;1;22.2;1;330;9;38.4;1;1632;9;28.9;1;30.3;1;16.2;1;;;;;0;9;;;;;;;;;;;;;;;;;;;;;;;;;;;;;;;;
75106001;LUXEMBOURG;48.844833;2.338500;50;20260620;0.0;1;21.3;1;438;9;37.4;1;1556;9;28.9;1;29.4;1;16.1;1;;;;;0;9;;;;;;;;;;;;;;;;;;;;;;;;;;;;;;;;
75106001;LUXEMBOURG;48.844833;2.338500;50;20260621;0.0;1;21.7;1;451;9;38.3;1;1648;9;30.0;1;30.0;1;16.6;1;;;;;0;9;;;;;;;;;;;;;;;;;;;;;;;;;;;;;;;;
75106001;LUXEMBOURG;48.844833;2.338500;50;20260622;0.0;1;25.7;1;442;9;39.1;1;1430;9;32.2;1;32.4;1;13.4;1;;;;;0;9;;;;;;;;;;;;;;;;;;;;;;;;;;;;;;;;
75106001;LUXEMBOURG;48.844833;2.338500;50;20260623;0.0;1;26.1;1;326;9;38.6;1;1521;9;31.9;1;32.4;1;12.5;1;;;;;0;9;;;;;;;;;;;;;;;;;;;;;;;;;;;;;;;;
75106001;LUXEMBOURG;48.844833;2.338500;50;20260624;0.0;1;24.7;1;705;9;42.2;1;1701;9;33.8;1;33.5;1;17.5;1;;;;;0;9;;;;;;;;;;;;;;;;;;;;;;;;;;;;;;;;
75106001;LUXEMBOURG;48.844833;2.338500;50;20260625;0.0;1;27.2;1;441;9;41.2;1;1410;9;34.8;1;34.2;1;14.0;1;;;;;0;9;;;;;;;;;;;;;;;;;;;;;;;;;;;;;;;;
75106001;LUXEMBOURG;48.844833;2.338500;50;20260626;0.0;1;27.8;1;324;9;38.4;1;1628;9;31.9;1;33.1;1;10.6;1;;;;;0;9;;;;;;;;;;;;;;;;;;;;;;;;;;;;;;;;
75106001;LUXEMBOURG;48.844833;2.338500;50;20260627;0.0;1;20.3;1;605;9;37.6;1;1559;9;29.2;1;29.0;1;17.3;1;;;;;0;9;;;;;;;;;;;;;;;;;;;;;;;;;;;;;;;;
75106001;LUXEMBOURG;48.844833;2.338500;50;20260628;0.4;1;22.8;1;317;9;32.0;1;1542;9;25.9;1;27.4;1;9.2;1;;;;;0;9;;;;;;;;;;;;;;;;;;;;;;;;;;;;;;;;
75106001;LUXEMBOURG;48.844833;2.338500;50;20260629;0.2;1;17.6;1;442;9;29.5;1;1649;9;22.8;1;23.6;1;11.9;1;;;;;0;9;;;;;;;;;;;;;;;;;;;;;;;;;;;;;;;;
75106001;LUXEMBOURG;48.844833;2.338500;50;20260630;0.0;1;17.7;1;400;9;29.7;1;1410;9;22.8;1;23.7;1;12.0;1;;;;;0;9;;;;;;;;;;;;;;;;;;;;;;;;;;;;;;;;
75106001;LUXEMBOURG;48.844833;2.338500;50;20260701;0.0;1;17.3;1;421;9;25.7;1;1541;9;21.1;1;21.5;1;8.4;1;;;;;0;9;;;;;;;;;;;;;;;;;;;;;;;;;;;;;;;;
75106001;LUXEMBOURG;48.844833;2.338500;50;20260702;0.0;1;16.0;1;505;9;26.5;1;1624;9;20.8;1;21.3;1;10.5;1;;;;;0;9;;;;;;;;;;;;;;;;;;;;;;;;;;;;;;;;
75106001;LUXEMBOURG;48.844833;2.338500;50;20260703;0.0;1;16.8;1;405;9;29.8;1;1607;9;23.1;1;23.3;1;13.0;1;;;;;0;9;;;;;;;;;;;;;;;;;;;;;;;;;;;;;;;;
75106001;LUXEMBOURG;48.844833;2.338500;50;20260704;0.0;1;16.5;1;424;9;31.3;1;1526;9;23.7;1;23.9;1;14.8;1;;;;;0;9;;;;;;;;;;;;;;;;;;;;;;;;;;;;;;;;
75106001;LUXEMBOURG;48.844833;2.338500;50;20260705;0.0;1;17.5;1;419;9;30.1;1;1528;9;23.8;1;23.8;1;12.6;1;;;;;0;9;;;;;;;;;;;;;;;;;;;;;;;;;;;;;;;;
75106001;LUXEMBOURG;48.844833;2.338500;50;20260706;0.0;1;19.0;1;502;9;35.5;1;1658;9;27.0;1;27.3;1;16.5;1;;;;;0;9;;;;;;;;;;;;;;;;;;;;;;;;;;;;;;;;
75106001;LUXEMBOURG;48.844833;2.338500;50;20260707;0.0;1;20.6;1;430;9;34.5;1;1354;9;27.9;1;27.6;1;13.9;1;;;;;0;9;;;;;;;;;;;;;;;;;;;;;;;;;;;;;;;;
75106001;LUXEMBOURG;48.844833;2.338500;50;20260708;0.0;1;21.5;1;509;9;34.8;1;1605;9;28.3;1;28.2;1;13.3;1;;;;;0;9;;;;;;;;;;;;;;;;;;;;;;;;;;;;;;;;
75106001;LUXEMBOURG;48.844833;2.338500;50;20260709;0.0;1;23.4;1;450;9;34.6;1;1544;9;28.7;1;29.0;1;11.2;1;;;;;0;9;;;;;;;;;;;;;;;;;;;;;;;;;;;;;;;;
75106001;LUXEMBOURG;48.844833;2.338500;50;20260710;0.0;1;23.1;1;408;9;36.8;1;1649;9;29.6;1;30.0;1;13.7;1;;;;;0;9;;;;;;;;;;;;;;;;;;;;;;;;;;;;;;;;
75106001;LUXEMBOURG;48.844833;2.338500;50;20260711;0.0;1;23.3;1;521;9;37.4;1;1523;9;30.1;1;30.4;1;14.1;1;;;;;0;9;;;;;;;;;;;;;;;;;;;;;;;;;;;;;;;;
75106001;LUXEMBOURG;48.844833;2.338500;50;20260712;0.0;1;23.2;1;420;9;37.7;1;1538;9;30.2;1;30.5;1;14.5;1;;;;;0;9;;;;;;;;;;;;;;;;;;;;;;;;;;;;;;;;
75106001;LUXEMBOURG;48.844833;2.338500;50;20260713;2.2;1;23.8;1;437;9;35.9;1;1341;9;29.0;1;29.9;1;12.1;1;;;;;0;9;;;;;;;;;;;;;;;;;;;;;;;;;;;;;;;;
75106001;LUXEMBOURG;48.844833;2.338500;50;20260714;0.0;1;21.3;1;444;9;35.8;1;1513;9;28.3;1;28.6;1;14.5;1;;;;;0;9;;;;;;;;;;;;;;;;;;;;;;;;;;;;;;;;
75106001;LUXEMBOURG;48.844833;2.338500;50;20260715;0.0;1;24.0;1;555;9;33.1;1;1616;9;28.2;1;28.6;1;9.1;1;;;;;0;9;;;;;;;;;;;;;;;;;;;;;;;;;;;;;;;;
75106001;LUXEMBOURG;48.844833;2.338500;50;20260716;0.0;1;20.9;1;510;9;34.1;1;1619;9;27.4;1;27.5;1;13.2;1;;;;;0;9;;;;;;;;;;;;;;;;;;;;;;;;;;;;;;;;
75106001;LUXEMBOURG;48.844833;2.338500;50;20260717;0.0;1;20.3;1;528;9;28.3;1;1506;9;24.0;1;24.3;1;8.0;1;;;;;0;9;;;;;;;;;;;;;;;;;;;;;;;;;;;;;;;;
75106001;LUXEMBOURG;48.844833;2.338500;50;20260718;0.0;1;19.7;1;442;9;30.4;1;1523;9;23.9;1;25.1;1;10.7;1;;;;;0;9;;;;;;;;;;;;;;;;;;;;;;;;;;;;;;;;
75106001;LUXEMBOURG;48.844833;2.338500;50;20260719;0.0;1;15.5;1;506;9;25.1;1;1431;9;19.9;1;20.3;1;9.6;1;;;;;0;9;;;;;;;;;;;;;;;;;;;;;;;;;;;;;;;;
75106001;LUXEMBOURG;48.844833;2.338500;50;20260720;0.0;1;14.4;1;430;9;25.3;1;1622;9;19.7;1;19.9;1;10.9;1;;;;;0;9;;;;;;;;;;;;;;;;;;;;;;;;;;;;;;;;
75106001;LUXEMBOURG;48.844833;2.338500;50;20260721;0.0;1;14.8;1;454;9;27.1;1;1607;9;20.9;1;21.0;1;12.3;1;;;;;0;9;;;;;;;;;;;;;;;;;;;;;;;;;;;;;;;;
75106001;LUXEMBOURG;48.844833;2.338500;50;20260722;0.0;1;16.0;1;432;9;27.1;1;1550;9;21.0;1;21.6;1;11.1;1;;;;;0;9;;;;;;;;;;;;;;;;;;;;;;;;;;;;;;;;
75106001;LUXEMBOURG;48.844833;2.338500;50;20260723;0.0;1;16.7;1;600;9;26.3;1;1629;9;21.2;1;21.5;1;9.6;1;;;;;0;9;;;;;;;;;;;;;;;;;;;;;;;;;;;;;;;;
75106001;LUXEMBOURG;48.844833;2.338500;50;20260724;0.0;1;17.4;1;512;9;29.8;1;1633;9;23.4;1;23.6;1;12.4;1;;;;;0;9;;;;;;;;;;;;;;;;;;;;;;;;;;;;;;;;
75106001;LUXEMBOURG;48.844833;2.338500;50;20260725;0.0;1;18.9;1;506;9;30.3;1;1435;9;24.3;1;24.6;1;11.4;1;;;;;0;9;;;;;;;;;;;;;;;;;;;;;;;;;;;;;;;;
75106001;LUXEMBOURG;48.844833;2.338500;50;20260726;0.2;1;17.3;1;424;9;26.6;1;1637;9;21.0;1;22.0;1;9.3;1;;;;;0;9;;;;;;;;;;;;;;;;;;;;;;;;;;;;;;;;
75107005;TOUR EIFFEL;48.858333;2.294500;330;20250101;;;2.2;1;302;9;6.8;1;117;9;4.3;1;4.5;1;4.6;1;;;;;0;9;10.7;1;;;15.9;1;210;9;2243;9;28.4;1;200;9;2245;9;;;;;;;24.8;1;200;1;2321;9;;;0;1
75107005;TOUR EIFFEL;48.858333;2.294500;330;20250102;;;0.5;1;822;9;3.1;1;601;9;2.5;1;1.8;1;2.6;1;;;;;0;9;5.5;1;;;14.8;1;210;1;7;9;26.4;1;240;1;24;9;;;;;;;23.0;1;240;1;28;9;;;0;1
75107005;TOUR EIFFEL;48.858333;2.294500;330;20250103;;;0.2;1;442;9;2.7;1;2107;9;1.2;1;1.5;1;2.5;1;;;;;0;9;3.9;1;;;7.8;1;300;1;833;9;8.6;1;300;1;834;9;;;;;;;8.4;1;300;1;832;9;;;0;1
75107005;TOUR EIFFEL;48.858333;2.294500;330;20250104;;;-1.9;1;850;9;9.4;1;505;9;-0.4;1;3.8;1;11.3;1;;;;;1086;9;8.4;1;;;;;;;;;22.6;1;150;1;2309;9;;;;;;;21.2;1;150;1;2309;9;;;0;1
75107005;TOUR EIFFEL;48.858333;2.294500;330;20250105;;;-1.1;1;1844;9;11.0;1;1805;9;9.8;1;5.0;1;12.1;1;;;;;0;9;14.2;1;;;19.0;1;230;1;241;9;30.5;1;200;9;2245;9;;;;;;;28.3;1;200;1;2245;9;;;0;1
75107005;TOUR EIFFEL;48.858333;2.294500;330;20250106;;;4.7;1;1451;9;10.2;1;648;9;7.6;1;7.5;1;5.5;1;;;;;0;9;14.5;1;;;20.0;1;200;1;950;9;39.2;1;200;1;950;9;;;;;;;33.4;1;200;1;950;9;;;0;1
75107005;TOUR EIFFEL;48.858333;2.294500;330;20250107;;;2.2;1;701;9;5.0;1;1401;9;3.8;1;3.6;1;2.8;1;;;;;0;9;11.6;1;;;16.7;1;240;1;316;9;25.0;1;240;1;307;9;;;;;;;23.3;1;240;1;449;9;;;0;1
75107005;TOUR EIFFEL;48.858333;2.294500;330;20250108;;;1.7;1;1134;9;10.9;1;1844;9;5.7;1;6.3;1;9.2;1;;;;;0;9;8.4;1;;;18.6;1;200;1;1643;9;31.0;1;210;1;1640;9;;;;;;;27.7;1;210;1;1640;9;;;0;1
75107005;TOUR EIFFEL;48.858333;2.294500;330;20250109;;;-0.3;1;949;9;9.1;1;625;9;4.1;1;4.4;1;9.4;1;;;;;149;9;9.9;1;;;14.2;1;280;1;1854;9;19.3;1;200;1;10;9;;;;;;;16.9;1;330;1;909;9;;;0;1
75107005;TOUR EIFFEL;48.858333;2.294500;330;20250110;;;1.8;1;521;9;4.1;1;1239;9;2.7;1;3.0;1;2.3;1;;;;;0;9;4.1;1;;;8.4;1;270;1;105;9;10.2;1;260;1;59;9;;;;;;;9.8;1;260;1;108;9;;;0;1
75107005;TOUR EIFFEL;48.858333;2.294500;330;20250111;;;-2.8;1;728;9;-0.1;1;12;9;-1.4;1;-1.5;1;2.7;1;;;;;1410;9;2.9;1;;;5.1;1;360;1;356;9;7.5;1;350;1;357;9;;;;;;;6.4;1;350;1;357;9;;;0;1
75107005;TOUR EIFFEL;48.858333;2.294500;330;20250112;;;-1.1;1;1801;9;2.3;1;1630;9;0.9;1;0.6;1;3.4;1;;;;;494;9;4.7;1;;;7.9;1;60;9;2343;9;10.8;1;50;9;2347;9;;;;;;;10.1;1;50;1;2349;9;;;0;1
75107005;TOUR EIFFEL;48.858333;2.294500;330;20250113;;;-0.5;1;654;9;2.1;1;1529;9;0.4;1;0.8;1;2.6;1;;;;;476;9;5.4;1;;;8.9;1;80;1;253;9;11.3;1;80;1;249;9;;;;;;;10.8;1;80;1;251;9;;;0;1
75107005;TOUR EIFFEL;48.858333;2.294500;330;20250114;;;-2.6;1;752;9;5.4;1;331;9;0.7;1;1.4;1;8.0;1;;;;;655;9;3.2;1;;;6.0;1;60;1;919;9;6.5;1;50;1;846;9;;;;;;;6.4;1;50;1;846;9;;;0;1
75107005;TOUR EIFFEL;48.858333;2.294500;330;20250115;;;2.1;1;45;9;6.6;1;2249;9;4.9;1;4.4;1;4.5;1;;;;;0;9;5.5;1;;;7.7;1;60;9;2126;9;9.5;1;60;1;1742;9;;;;;;;9.3;1;60;1;1742;9;;;0;1
75107005;TOUR EIFFEL;48.858333;2.294500;330;20250116;;;1.5;1;835;9;3.5;1;601;9;2.9;1;2.5;1;2.0;1;;;;;0;9;5.9;1;;;11.8;1;70;1;736;9;13.4;1;70;1;740;9;;;;;;;13.0;1;70;1;740;9;;;0;1
75107005;TOUR EIFFEL;48.858333;2.294500;330;20250117;;;-2.0;1;1634;9;0.7;1;656;9;-0.6;1;-0.7;1;2.7;1;;;;;;;2.6;1;;;;;;;;;7.0;1;50;9;2326;9;;;;;;;6.6;1;50;1;2326;9;;;0;1
75107005;TOUR EIFFEL;48.858333;2.294500;330;20250118;;;-2.3;1;101;9;-0.4;1;2159;9;-1.3;1;-1.4;1;1.9;1;;;;;1440;9;4.3;1;;;7.4;1;140;9;1912;9;9.9;1;140;1;1858;9;;;;;;;9.7;1;140;1;1858;9;;;0;1
75107005;TOUR EIFFEL;48.858333;2.294500;330;20250119;;;-1.3;1;1902;9;0.2;1;1310;9;-0.7;1;-0.6;1;1.5;1;;;;;1350;9;1.4;1;;;4.2;1;160;1;1506;9;6.5;1;160;1;1505;9;;;;;;;6.2;1;160;1;1505;9;;;0;1
75107005;TOUR EIFFEL;48.858333;2.294500;330;20250120;;;-2.7;1;821;9;0.8;1;544;9;-1.9;1;-1.0;1;3.5;1;;;;;1440;9;1.6;1;;;3.1;1;90;1;633;9;5.4;1;100;1;647;9;;;;;;;5.2;1;100;1;647;9;;;0;1
75107005;TOUR EIFFEL;48.858333;2.294500;330;20250121;;;-2.3;1;333;9;6.8;1;1940;9;2.5;1;2.3;1;9.1;1;;;;;402;9;6.8;1;;;13.1;1;140;1;1820;9;14.9;1;140;1;1914;9;;;;;;;14.2;1;140;1;1914;9;;;0;1
75107005;TOUR EIFFEL;48.858333;2.294500;330;20250122;;;4.0;1;1801;9;7.8;1;1657;9;5.6;1;5.9;1;3.8;1;;;;;0;9;8.1;1;;;13.6;1;180;1;116;9;15.3;1;200;1;325;9;;;;;;;14.3;1;200;1;243;9;;;0;1
75107005;TOUR EIFFEL;48.858333;2.294500;330;20250123;;;2.9;1;444;9;6.8;1;2251;9;4.7;1;4.9;1;3.9;1;;;;;0;9;10.1;1;;;16.7;1;200;1;1841;9;25.9;1;200;1;1841;9;;;;;;;23.9;1;200;1;1841;9;;;0;1
75107005;TOUR EIFFEL;48.858333;2.294500;330;20250124;;;5.6;1;1805;9;11.2;1;2108;9;8.2;1;8.4;1;5.6;1;;;;;0;9;14.0;1;;;18.2;1;200;1;1038;9;29.6;1;200;1;1055;9;;;;;;;27.8;1;200;1;728;9;;;0;1
75107005;TOUR EIFFEL;48.858333;2.294500;330;20250125;;;5.9;1;817;9;10.4;1;601;9;7.2;1;8.2;1;4.5;1;;;;;0;9;7.5;1;;;16.0;1;210;1;523;9;26.9;1;200;1;405;9;;;;;;;25.2;1;200;1;405;9;;;0;1
75107005;TOUR EIFFEL;48.858333;2.294500;330;20250126;;;-0.3;1;718;9;10.5;1;222;9;3.8;1;5.1;1;10.8;1;;;;;126;9;13.6;1;;;26.8;1;170;9;0;9;40.4;1;180;1;0;9;;;;;;;38.9;1;180;1;2359;9;;;0;1
75107005;TOUR EIFFEL;48.858333;2.294500;330;20250127;;;6.8;1;1748;9;9.1;1;613;9;8.0;1;8.0;1;2.3;1;;;;;0;9;13.1;1;;;29.4;1;180;1;20;9;42.1;1;180;1;18;9;;;;;;;40.1;1;180;1;18;9;;;0;1
75107005;TOUR EIFFEL;48.858333;2.294500;330;20250128;;;4.9;1;814;9;9.9;1;1533;9;6.8;1;7.4;1;5.0;1;;;;;0;9;13.6;1;;;18.7;1;260;9;2140;9;30.2;1;200;1;627;9;;;;;;;28.6;1;200;1;627;9;;;0;1
75107005;TOUR EIFFEL;48.858333;2.294500;330;20250129;;;4.6;1;701;9;6.4;1;330;9;5.8;1;5.5;1;1.8;1;;;;;0;9;10.8;1;;;17.7;1;260;1;223;9;23.9;1;260;1;219;9;;;;;;;22.8;1;260;1;219;9;;;0;1
75107005;TOUR EIFFEL;48.858333;2.294500;330;20250130;;;3.7;1;1151;9;5.9;1;701;9;4.8;1;4.8;1;2.2;1;;;;;0;9;8.1;1;;;11.8;1;340;1;1319;9;15.2;1;330;1;1315;9;;;;;;;14.6;1;330;1;1315;9;;;0;1
75107005;TOUR EIFFEL;48.858333;2.294500;330;20250131;;;0.6;1;1748;9;4.6;1;1113;9;2.8;1;2.6;1;4.0;1;;;;;0;9;5.9;1;;;11.3;1;170;9;1935;9;14.0;1;150;1;1605;9;;;;;;;13.3;1;150;1;1605;9;;;0;1
75107005;TOUR EIFFEL;48.858333;2.294500;330;20250201;;;0.5;1;855;9;4.1;1;1419;9;2.4;1;2.3;1;3.6;1;;;;;0;9;5.4;1;;;10.0;1;90;9;2023;9;11.8;1;120;9;2249;9;;;;;;;11.1;1;100;1;2030;9;;;0;1
75107005;TOUR EIFFEL;48.858333;2.294500;330;20250202;;;-0.3;1;613;9;5.6;1;1558;9;2.5;1;2.7;1;5.9;1;;;;;130;9;4.3;1;;;8.7;1;130;1;2;9;9.1;1;130;1;3;9;;;;;;;9.0;1;130;1;4;9;;;0;1
75107005;TOUR EIFFEL;48.858333;2.294500;330;20250203;;;1.4;1;644;9;7.4;1;1441;9;3.0;1;4.4;1;6.0;1;;;;;18;9;2.4;1;;;5.4;1;180;1;1918;9;7.0;1;200;9;2003;9;;;;;;;6.7;1;200;1;2005;9;;;0;1
75107005;TOUR EIFFEL;48.858333;2.294500;330;20250204;;;-2.3;1;517;9;4.2;1;413;9;0.0;1;1.0;1;6.5;1;;;;;717;9;4.2;1;;;7.9;1;250;1;2359;1;10.9;1;150;1;622;1;;;;;;;10.9;1;;;622;1;;;0;
75107005;TOUR EIFFEL;48.858333;2.294500;330;20250205;;;0.9;1;1853;9;4.4;1;624;9;3.4;1;2.7;1;3.5;1;;;;;0;9;4.1;1;;;9.5;1;260;1;111;9;11.1;1;260;1;14;9;;;;;;;10.7;1;260;1;14;9;;;0;1
75107005;TOUR EIFFEL;48.858333;2.294500;330;20250206;;;0.0;1;825;9;2.9;1;1732;9;1.7;1;1.5;1;2.9;1;;;;;6;9;7.7;1;;;11.7;1;60;9;2054;9;16.9;1;50;9;2320;9;;;;;;;15.5;1;50;1;2320;9;;;0;1
75107005;TOUR EIFFEL;48.858333;2.294500;330;20250207;;;0.0;1;800;9;6.4;1;2205;9;2.6;1;3.2;1;6.4;1;;;;;29;9;10.0;1;;;17.2;1;130;9;2207;9;21.2;1;140;9;2230;9;;;;;;;20.0;1;140;1;2234;9;;;0;1
75107005;TOUR EIFFEL;48.858333;2.294500;330;20250208;;;1.3;1;926;9;5.2;1;1808;9;4.1;1;3.3;1;3.9;1;;;;;0;9;9.2;1;;;15.8;1;140;1;1;9;18.9;1;140;1;2;9;;;;;;;17.6;1;140;1;226;9;;;0;1
75107005;TOUR EIFFEL;48.858333;2.294500;330;20250209;;;1.7;1;48;9;5.7;1;1335;9;4.0;1;3.7;1;4.0;1;;;;;0;9;5.6;1;;;9.9;1;200;1;1;9;12.8;1;200;1;11;9;;;;;;;12.3;1;200;1;10;9;;;0;1
75107005;TOUR EIFFEL;48.858333;2.294500;330;20250210;;;2.2;1;1756;9;4.3;1;1634;9;2.8;1;3.3;1;2.1;1;;;;;0;9;6.1;1;;;10.9;1;280;9;2054;9;13.4;1;280;9;2240;9;;;;;;;13.0;1;280;1;2240;9;;;0;1
75107005;TOUR EIFFEL;48.858333;2.294500;330;20250211;;;0.5;1;2029;9;4.5;1;1641;9;2.6;1;2.5;1;4.0;1;;;;;0;9;3.6;1;;;9.3;1;270;1;20;9;12.2;1;280;1;12;9;;;;;;;12.0;1;280;1;13;9;;;0;1
75107005;TOUR EIFFEL;48.858333;2.294500;330;20250212;;;1.8;1;857;9;4.1;1;1817;9;2.8;1;3.0;1;2.3;1;;;;;0;9;4.2;1;;;8.0;1;70;1;358;9;8.6;1;60;1;548;9;;;;;;;8.4;1;70;1;410;9;;;0;1
75107005;TOUR EIFFEL;48.858333;2.294500;330;20250213;;;2.1;1;704;9;3.6;1;1312;9;2.4;1;2.9;1;1.5;1;;;;;35;9;3.7;1;;;7.0;1;30;9;2132;9;9.5;1;30;9;2126;9;;;;;;;8.7;1;30;1;2126;9;;;0;1
75107005;TOUR EIFFEL;48.858333;2.294500;330;20250214;;;-2.1;1;629;9;2.5;1;1347;9;0.1;1;0.2;1;4.6;1;;;;;;;6.6;1;;;12.6;1;120;1;2242;1;16.6;1;130;9;2240;9;;;;;;;15.6;1;130;1;2253;9;;;0;1
75107005;TOUR EIFFEL;48.858333;2.294500;330;20250215;;;-2.0;1;639;9;1.8;1;1447;9;-0.1;1;-0.1;1;3.8;1;;;;;681;9;6.5;1;;;12.0;1;130;1;44;9;16.5;1;130;1;14;9;;;;;;;15.2;1;130;1;16;9;;;0;1
75107005;TOUR EIFFEL;48.858333;2.294500;330;20250216;;;-1.6;1;755;9;3.4;1;1453;9;0.8;1;0.9;1;5.0;1;;;;;593;9;6.4;1;;;8.8;1;80;9;2036;9;10.4;1;40;1;1606;9;;;;;;;9.7;1;90;1;2338;9;;;0;1
75107005;TOUR EIFFEL;48.858333;2.294500;330;20250217;;;-1.7;1;507;9;4.0;1;1442;9;1.1;1;1.2;1;5.7;1;;;;;598;9;4.9;1;;;8.1;1;100;1;706;9;10.1;1;100;1;633;9;;;;;;;9.7;1;100;1;633;9;;;0;1
75107005;TOUR EIFFEL;48.858333;2.294500;330;20250218;;;-0.7;1;720;9;5.1;1;1541;9;2.2;1;2.2;1;5.8;1;;;;;209;9;7.0;1;;;11.2;1;110;9;2033;9;14.9;1;120;9;2146;9;;;;;;;13.8;1;120;1;2146;9;;;0;1
75107005;TOUR EIFFEL;48.858333;2.294500;330;20250219;;;0.0;1;455;9;10.5;1;14;9;5.5;1;5.3;1;10.5;1;;;;;38;9;7.2;1;;;10.8;1;150;1;708;9;13.2;1;140;1;521;9;;;;;;;12.6;1;140;1;521;9;;;0;1
75107005;TOUR EIFFEL;48.858333;2.294500;330;20250220;;;6.3;1;650;9;13.6;1;2120;9;10.2;1;10.0;1;7.3;1;;;;;0;9;7.6;1;;;12.7;1;200;9;2027;9;15.1;1;200;9;2024;9;;;;;;;14.5;1;200;1;2024;9;;;0;1
75107005;TOUR EIFFEL;48.858333;2.294500;330;20250221;;;11.1;1;716;9;14.0;1;1547;9;12.8;1;12.6;1;2.9;1;;;;;0;9;10.6;1;;;15.7;1;170;9;1902;9;17.4;1;180;1;1856;9;;;;;;;17.3;1;180;1;1900;9;;;0;1
75107005;TOUR EIFFEL;48.858333;2.294500;330;20250222;;;8.2;1;655;9;11.4;1;1620;9;10.0;1;9.8;1;3.2;1;;;;;0;9;8.5;1;;;14.7;1;280;1;1309;9;18.4;1;280;1;1301;9;;;;;;;17.9;1;280;1;1301;9;;;0;1
75107005;TOUR EIFFEL;48.858333;2.294500;330;20250223;;;9.5;1;632;9;11.7;1;1414;9;10.4;1;10.6;1;2.2;1;;;;;0;9;6.8;1;;;12.3;1;200;9;2217;9;18.6;1;200;1;2010;9;;;;;;;18.1;1;200;1;2010;9;;;0;1
75107005;TOUR EIFFEL;48.858333;2.294500;330;20250224;;;8.9;1;332;9;11.3;1;1124;9;9.5;1;10.1;1;2.4;1;;;;;0;9;9.2;1;;;13.0;1;200;1;847;9;19.9;1;200;1;1004;9;;;;;;;18.6;1;200;1;847;9;;;0;1
75107005;TOUR EIFFEL;48.858333;2.294500;330;20250225;;;4.3;1;1746;9;7.9;1;804;9;6.6;1;6.1;1;3.6;1;;;;;0;9;10.9;1;;;21.9;1;300;1;1607;9;27.0;1;300;1;1605;9;;;;;;;25.9;1;300;1;1605;9;;;0;1
75107005;TOUR EIFFEL;48.858333;2.294500;330;20250226;;;3.2;1;835;9;8.1;1;1340;9;5.8;1;5.7;1;4.9;1;;;;;0;9;9.9;1;;;14.6;1;290;1;4;9;21.7;1;200;1;1639;9;;;;;;;20.7;1;200;1;1639;9;;;0;1
75107005;TOUR EIFFEL;48.858333;2.294500;330;20250227;;;3.0;1;528;9;6.2;1;1521;9;4.7;1;4.6;1;3.2;1;;;;;0;9;8.6;1;;;14.3;1;260;1;118;9;17.1;1;310;1;1614;9;;;;;;;15.8;1;260;1;118;9;;;0;1
75107005;TOUR EIFFEL;48.858333;2.294500;330;20250228;;;3.1;1;520;9;6.3;1;1445;9;4.5;1;4.7;1;3.2;1;;;;;0;9;7.1;1;;;11.7;1;40;9;2308;9;14.3;1;40;9;2252;9;;;;;;;13.9;1;40;1;2252;9;;;0;1
75107005;TOUR EIFFEL;48.858333;2.294500;330;20250301;;;1.2;1;822;9;3.7;1;1150;9;2.4;1;2.5;1;2.5;1;;;;;0;9;10.0;1;;;13.2;1;70;9;2320;9;16.7;1;40;9;1902;9;;;;;;;15.0;1;40;1;1956;9;;;0;1
75107005;TOUR EIFFEL;48.858333;2.294500;330;20250302;;;-0.2;1;522;9;8.0;1;1503;9;4.5;1;3.9;1;8.2;1;;;;;18;9;9.1;1;;;17.0;1;50;1;556;9;19.1;1;60;1;602;9;;;;;;;18.3;1;50;1;552;9;;;0;1
75107005;TOUR EIFFEL;48.858333;2.294500;330;20250303;;;3.2;1;637;9;8.8;1;1444;9;6.4;1;6.0;1;5.6;1;;;;;0;9;4.3;1;;;8.2;1;70;9;2030;9;9.1;1;70;9;2027;9;;;;;;;9.1;1;70;1;2027;9;;;0;1
75107005;TOUR EIFFEL;48.858333;2.294500;330;20250304;;;4.9;1;657;9;11.4;1;1825;9;8.2;1;8.2;1;6.5;1;;;;;0;9;3.9;1;;;6.6;1;80;1;909;9;7.2;1;60;1;709;9;;;;;;;7.0;1;60;1;656;9;;;0;1
75107005;TOUR EIFFEL;48.858333;2.294500;330;20250305;;;7.8;1;307;9;17.0;1;1617;9;12.0;1;12.4;1;9.2;1;;;;;0;9;3.7;1;;;6.9;1;140;1;959;9;8.5;1;190;9;2302;9;;;;;;;8.2;1;190;1;2302;9;;;0;1
75107005;TOUR EIFFEL;48.858333;2.294500;330;20250306;;;8.5;1;657;9;15.9;1;1517;9;12.8;1;12.2;1;7.4;1;;;;;0;9;7.5;1;;;12.0;1;180;1;756;9;15.9;1;240;1;424;9;;;;;;;15.1;1;240;1;424;9;;;0;1
75107005;TOUR EIFFEL;48.858333;2.294500;330;20250307;;;8.4;1;718;9;16.2;1;1517;9;12.5;1;12.3;1;7.8;1;;;;;0;9;8.1;1;;;13.5;1;180;1;750;9;17.0;1;140;9;2239;9;;;;;;;15.1;1;150;1;2322;9;;;0;1
75107005;TOUR EIFFEL;48.858333;2.294500;330;20250308;;;9.2;1;628;9;15.8;1;1502;9;12.7;1;12.5;1;6.6;1;;;;;0;9;10.2;1;;;15.2;1;160;1;205;9;21.8;1;140;9;2204;9;;;;;;;19.8;1;140;1;2209;9;;;0;1
75107005;TOUR EIFFEL;48.858333;2.294500;330;20250309;;;10.3;1;723;9;15.7;1;1455;9;12.9;1;13.0;1;5.4;1;;;;;0;9;7.2;1;;;14.1;1;150;1;112;9;19.2;1;140;1;351;9;;;;;;;17.5;1;140;1;250;9;;;0;1
75107005;TOUR EIFFEL;48.858333;2.294500;330;20250310;;;9.1;1;955;9;12.3;1;601;9;10.9;1;10.7;1;3.2;1;;;;;0;9;3.2;1;;;8.3;1;140;1;912;9;10.9;1;140;1;907;9;;;;;;;10.5;1;140;1;907;9;;;0;1
75107005;TOUR EIFFEL;48.858333;2.294500;330;20250311;;;5.4;1;1800;9;10.2;1;720;9;6.7;1;7.8;1;4.8;1;;;;;0;9;4.2;1;;;10.0;1;20;9;2124;9;12.6;1;30;9;2115;9;;;;;;;11.9;1;30;1;2056;9;;;0;1
75107005;TOUR EIFFEL;48.858333;2.294500;330;20250312;;;1.4;1;637;9;5.2;1;1607;9;3.1;1;3.3;1;3.8;1;;;;;0;9;5.6;1;;;8.3;1;10;9;2124;9;10.9;1;20;9;2136;9;;;;;;;10.3;1;20;1;2136;9;;;0;1
75107005;TOUR EIFFEL;48.858333;2.294500;330;20250313;;;1.6;1;609;9;5.5;1;1502;9;2.9;1;3.6;1;3.9;1;;;;;0;9;5.0;1;;;8.6;1;340;1;1735;9;10.8;1;320;1;1700;9;;;;;;;9.8;1;320;1;1700;9;;;0;1
75107005;TOUR EIFFEL;48.858333;2.294500;330;20250314;;;0.7;1;153;9;4.3;1;1703;9;2.5;1;2.5;1;3.6;1;;;;;0;9;6.9;1;;;12.9;1;40;9;2211;9;16.1;1;40;9;2336;9;;;;;;;14.7;1;40;1;2335;9;;;0;1
75107005;TOUR EIFFEL;48.858333;2.294500;330;20250315;;;-0.9;1;558;9;5.5;1;1441;9;2.4;1;2.3;1;6.4;1;;;;;291;9;9.9;1;;;12.6;1;30;1;404;9;18.3;1;40;9;2216;9;;;;;;;15.8;1;20;1;1917;9;;;0;1
75107005;TOUR EIFFEL;48.858333;2.294500;330;20250316;;;0.9;1;327;9;8.3;1;1709;9;4.2;1;4.6;1;7.4;1;;;;;0;9;8.4;1;;;12.8;1;50;9;2021;9;15.7;1;40;1;1931;9;;;;;;;14.8;1;40;1;1932;9;;;0;1
75107005;TOUR EIFFEL;48.858333;2.294500;330;20250317;;;0.9;1;529;9;8.7;1;1656;9;4.9;1;4.8;1;7.8;1;;;;;0;9;8.5;1;;;13.0;1;90;9;2153;9;16.6;1;100;9;2218;9;;;;;;;15.9;1;100;1;2218;9;;;0;1
75107005;TOUR EIFFEL;48.858333;2.294500;330;20250318;;;1.2;1;601;9;11.9;1;2112;9;6.7;1;6.6;1;10.7;1;;;;;;;9.1;1;;;;;;;;;16.8;1;130;9;2119;9;;;;;;;15.7;1;130;1;2117;9;;;0;1
75107005;TOUR EIFFEL;48.858333;2.294500;330;20250319;;;7.9;1;536;9;16.4;1;1646;9;12.0;1;12.2;1;8.5;1;;;;;0;9;7.8;1;;;14.6;1;180;1;249;9;15.6;1;130;1;23;9;;;;;;;15.1;1;180;1;242;9;;;0;1
75107005;TOUR EIFFEL;48.858333;2.294500;330;20250320;;;9.5;1;435;9;17.3;1;1456;9;13.4;1;13.4;1;7.8;1;;;;;0;9;5.6;1;;;11.3;1;160;9;2341;9;13.9;1;160;9;2242;9;;;;;;;13.5;1;160;1;2221;9;;;0;1
75107005;TOUR EIFFEL;48.858333;2.294500;330;20250321;;;10.5;1;553;9;17.3;1;1450;9;13.4;1;13.9;1;6.8;1;;;;;0;9;9.0;1;;;13.7;1;130;1;640;9;17.4;1;140;1;720;9;;;;;;;16.0;1;140;1;637;9;;;0;1
75107005;TOUR EIFFEL;48.858333;2.294500;330;20250322;;;9.6;1;743;9;15.6;1;1447;9;11.2;1;12.6;1;6.0;1;;;;;0;9;7.0;1;;;13.7;1;160;1;1657;9;19.3;1;160;1;1648;9;;;;;;;18.4;1;160;1;1648;9;;;0;1
75107005;TOUR EIFFEL;48.858333;2.294500;330;20250323;;;6.0;1;234;9;12.5;1;1603;9;8.7;1;9.3;1;6.5;1;;;;;0;9;5.2;1;;;8.7;1;180;1;301;9;11.2;1;160;1;150;9;;;;;;;10.5;1;160;1;55;9;;;0;1
75107005;TOUR EIFFEL;48.858333;2.294500;330;20250324;;;8.1;1;504;9;15.4;1;1311;9;10.8;1;11.8;1;7.3;1;;;;;0;9;3.0;1;;;8.2;1;320;9;1911;9;10.5;1;310;9;1904;9;;;;;;;10.1;1;310;1;1904;9;;;0;1
75107005;TOUR EIFFEL;48.858333;2.294500;330;20250325;;;5.3;1;723;9;11.5;1;1451;9;8.1;1;8.4;1;6.2;1;;;;;0;9;5.1;1;;;9.9;1;310;9;2053;9;12.6;1;310;9;2058;9;;;;;;;11.5;1;310;1;2048;9;;;0;1
75107005;TOUR EIFFEL;48.858333;2.294500;330;20250326;;;7.0;1;304;9;12.0;1;1626;9;8.5;1;9.5;1;5.0;1;;;;;0;9;5.4;1;;;7.7;1;40;1;1950;9;10.0;1;30;1;1859;9;;;;;;;9.8;1;30;1;1859;9;;;0;1
75107005;TOUR EIFFEL;48.858333;2.294500;330;20250327;;;4.4;1;621;9;13.6;1;1617;9;9.3;1;9.0;1;9.2;1;;;;;0;9;4.8;1;;;8.0;1;60;1;103;9;9.1;1;50;1;10;9;;;;;;;8.6;1;50;1;151;9;;;0;1
75107005;TOUR EIFFEL;48.858333;2.294500;330;20250328;;;2.8;1;615;9;10.2;1;1407;9;7.1;1;6.5;1;7.4;1;;;;;0;9;7.1;1;;;15.9;1;300;9;2231;9;21.7;1;300;9;2225;9;;;;;;;20.3;1;300;1;2225;9;;;0;1
75107005;TOUR EIFFEL;48.858333;2.294500;330;20250329;;;5.2;1;632;9;10.8;1;1623;9;8.2;1;8.0;1;5.6;1;;;;;0;9;7.5;1;;;13.8;1;340;1;149;9;17.9;1;310;1;1;9;;;;;;;16.6;1;310;1;4;9;;;0;1
75107005;TOUR EIFFEL;48.858333;2.294500;330;20250330;;;7.4;1;612;9;13.5;1;1514;9;9.8;1;10.5;1;6.1;1;;;;;0;9;9.0;1;;;13.4;1;260;1;431;9;14.9;1;260;1;501;9;;;;;;;14.5;1;260;1;501;9;;;0;1
75107005;TOUR EIFFEL;48.858333;2.294500;330;20250331;;;5.8;1;722;9;12.5;1;1641;9;9.1;1;9.2;1;6.7;1;;;;;0;9;7.0;1;;;13.1;1;60;9;2136;9;15.7;1;50;9;2134;9;;;;;;;14.5;1;80;1;0;9;;;0;1
75107005;TOUR EIFFEL;48.858333;2.294500;330;20250401;;;6.1;1;635;9;11.9;1;1440;9;8.8;1;9.0;1;5.8;1;;;;;0;9;12.6;1;;;17.3;1;60;9;2310;9;23.0;1;60;9;2236;9;;;;;;;21.4;1;60;1;2236;9;;;0;1
75107005;TOUR EIFFEL;48.858333;2.294500;330;20250402;;;5.4;1;604;9;15.5;1;1735;9;10.7;1;10.5;1;10.1;1;;;;;0;9;9.2;1;;;16.0;1;70;1;2;9;21.3;1;60;1;20;9;;;;;;;20.2;1;60;1;2;9;;;0;1
75107005;TOUR EIFFEL;48.858333;2.294500;330;20250403;;;10.5;1;517;9;20.1;1;1704;9;15.7;1;15.3;1;9.6;1;;;;;0;9;7.5;1;;;12.6;1;140;1;722;9;16.4;1;140;1;728;9;;;;;;;15.5;1;140;1;714;9;;;0;1
75107005;TOUR EIFFEL;48.858333;2.294500;330;20250404;;;13.4;1;743;9;20.6;1;1522;9;17.4;1;17.0;1;7.2;1;;;;;0;9;8.3;1;;;12.7;1;100;9;2232;9;13.8;1;110;9;2237;9;;;;;;;13.4;1;110;1;2235;9;;;0;1
75107005;TOUR EIFFEL;48.858333;2.294500;330;20250405;;;12.2;1;658;9;21.4;1;1457;9;16.9;1;16.8;1;9.2;1;;;;;0;9;7.9;1;;;13.0;1;30;9;2139;9;16.6;1;40;9;1942;9;;;;;;;15.5;1;40;1;1952;9;;;0;1
75107005;TOUR EIFFEL;48.858333;2.294500;330;20250406;;;8.0;1;621;9;15.1;1;1549;9;11.5;1;11.6;1;7.1;1;;;;;0;9;8.2;1;;;10.9;1;70;9;2008;9;14.0;1;30;1;122;9;;;;;;;13.1;1;30;1;122;9;;;0;1
75107005;TOUR EIFFEL;48.858333;2.294500;330;20250407;;;5.4;1;546;9;14.2;1;1644;9;10.0;1;9.8;1;8.8;1;;;;;0;9;6.1;1;;;9.4;1;70;9;2220;9;11.9;1;90;1;5;9;;;;;;;11.4;1;90;1;5;9;;;0;1
75107005;TOUR EIFFEL;48.858333;2.294500;330;20250408;;;8.1;1;311;9;15.4;1;1454;9;12.2;1;11.8;1;7.3;1;;;;;0;9;4.4;1;;;9.3;1;40;9;2356;9;10.5;1;40;9;2355;9;;;;;;;10.4;1;40;1;2355;9;;;0;1
75107005;TOUR EIFFEL;48.858333;2.294500;330;20250409;;;6.0;1;615;9;14.9;1;1457;9;10.7;1;10.5;1;8.9;1;;;;;0;9;6.9;1;;;10.6;1;30;9;2055;9;14.9;1;40;9;2102;9;;;;;;;13.3;1;40;1;2048;9;;;0;1
75107005;TOUR EIFFEL;48.858333;2.294500;330;20250410;;;3.5;1;520;9;13.4;1;1648;9;8.6;1;8.5;1;9.9;1;;;;;0;9;6.6;1;;;10.0;1;60;9;2330;9;14.1;1;30;1;59;9;;;;;;;13.2;1;30;1;59;9;;;0;1
75107005;TOUR EIFFEL;48.858333;2.294500;330;20250411;;;7.1;1;705;9;18.1;1;1712;9;13.2;1;12.6;1;11.0;1;;;;;0;9;6.5;1;;;13.1;1;110;9;2350;9;15.1;1;100;9;2337;9;;;;;;;14.8;1;100;1;2346;9;;;0;1
75107005;TOUR EIFFEL;48.858333;2.294500;330;20250412;;;11.4;1;632;9;18.7;1;1301;9;13.9;1;15.1;1;7.3;1;;;;;0;9;8.8;1;;;12.6;1;120;1;1;9;15.4;1;190;1;1737;9;;;;;;;15.0;1;190;1;1737;9;;;0;1
75107005;TOUR EIFFEL;48.858333;2.294500;330;20250413;;;10.5;1;632;9;15.9;1;1534;9;12.2;1;13.2;1;5.4;1;;;;;0;9;6.9;1;;;13.8;1;230;1;143;9;18.8;1;240;1;157;9;;;;;;;17.3;1;240;1;136;9;;;0;1
75107005;TOUR EIFFEL;48.858333;2.294500;330;20250414;;;8.5;1;458;9;18.0;1;1508;9;13.9;1;13.3;1;9.5;1;;;;;0;9;5.8;1;;;14.9;1;170;9;2342;9;16.6;1;140;9;2227;9;;;;;;;16.1;1;170;1;2341;9;;;0;1
75107005;TOUR EIFFEL;48.858333;2.294500;330;20250415;;;10.5;1;500;9;15.5;1;1057;9;12.3;1;13.0;1;5.0;1;;;;;0;9;8.4;1;;;15.0;1;200;1;1425;9;20.9;1;200;1;1418;9;;;;;;;20.2;1;200;1;1418;9;;;0;1
75107005;TOUR EIFFEL;48.858333;2.294500;330;20250416;;;5.6;1;555;9;13.0;1;1525;9;9.4;1;9.3;1;7.4;1;;;;;0;9;4.9;1;;;8.6;1;260;1;650;9;10.8;1;260;1;641;9;;;;;;;10.5;1;260;1;641;9;;;0;1
75107005;TOUR EIFFEL;48.858333;2.294500;330;20250417;;;8.2;1;353;9;13.5;1;1440;9;10.7;1;10.9;1;5.3;1;;;;;0;9;4.5;1;;;9.6;1;180;9;2305;9;11.2;1;170;9;2213;9;;;;;;;11.0;1;170;1;2213;9;;;0;1
75107005;TOUR EIFFEL;48.858333;2.294500;330;20250418;;;5.7;1;330;9;15.8;1;1521;9;11.1;1;10.8;1;10.1;1;;;;;0;9;10.2;1;;;13.8;1;120;9;2147;9;19.8;1;140;9;2347;9;;;;;;;18.7;1;140;1;2347;9;;;0;1
75107005;TOUR EIFFEL;48.858333;2.294500;330;20250419;;;7.3;1;633;9;16.8;1;1606;9;11.9;1;12.1;1;9.5;1;;;;;0;9;7.1;1;;;14.0;1;120;1;4;9;19.9;1;130;1;4;9;;;;;;;18.1;1;130;1;4;9;;;0;1
75107005;TOUR EIFFEL;48.858333;2.294500;330;20250420;;;9.1;1;645;9;13.5;1;1541;9;11.0;1;11.3;1;4.4;1;;;;;0;9;7.0;1;;;11.5;1;180;1;1436;9;17.4;1;180;1;1430;9;;;;;;;16.6;1;180;1;1430;9;;;0;1
75107005;TOUR EIFFEL;48.858333;2.294500;330;20250421;;;7.9;1;657;9;12.4;1;1434;9;9.9;1;10.2;1;4.5;1;;;;;0;9;4.1;1;;;8.4;1;280;1;1457;9;11.8;1;270;1;1453;9;;;;;;;11.5;1;270;1;1453;9;;;0;1
75107005;TOUR EIFFEL;48.858333;2.294500;330;20250422;;;9.2;1;546;9;13.7;1;926;9;11.5;1;11.5;1;4.5;1;;;;;0;9;2.9;1;;;7.9;1;230;9;2321;9;9.5;1;230;9;2319;9;;;;;;;8.7;1;230;1;2313;9;;;0;1
75107005;TOUR EIFFEL;48.858333;2.294500;330;20250423;;;6.7;1;631;9;12.5;1;1749;9;9.9;1;9.6;1;5.8;1;;;;;0;9;7.7;1;;;15.2;1;170;1;756;9;19.5;1;160;1;754;9;;;;;;;18.9;1;160;1;759;9;;;0;1
75107005;TOUR EIFFEL;48.858333;2.294500;330;20250424;;;7.8;1;546;9;12.1;1;1424;9;9.8;1;10.0;1;4.3;1;;;;;0;9;5.5;1;;;8.1;1;360;9;2312;9;10.6;1;330;1;1425;9;;;;;;;9.8;1;330;1;1425;9;;;0;1
75107005;TOUR EIFFEL;48.858333;2.294500;330;20250425;;;6.0;1;202;9;13.0;1;1716;9;10.0;1;9.5;1;7.0;1;;;;;0;9;5.1;1;;;10.9;1;80;9;2307;9;12.0;1;80;9;2303;9;;;;;;;11.8;1;80;1;2303;9;;;0;1
75107005;TOUR EIFFEL;48.858333;2.294500;330;20250426;;;8.5;1;713;9;16.3;1;1629;9;12.8;1;12.4;1;7.8;1;;;;;0;9;7.4;1;;;12.4;1;30;9;2109;9;14.0;1;20;9;2156;9;;;;;;;13.4;1;30;1;2213;9;;;0;1
75107005;TOUR EIFFEL;48.858333;2.294500;330;20250427;;;9.7;1;516;9;18.3;1;1525;9;13.9;1;14.0;1;8.6;1;;;;;0;9;5.8;1;;;9.5;1;10;9;2059;9;16.2;1;60;1;1512;9;;;;;;;14.5;1;60;1;1512;9;;;0;1
75107005;TOUR EIFFEL;48.858333;2.294500;330;20250428;;;12.0;1;348;9;20.6;1;1437;9;16.7;1;16.3;1;8.6;1;;;;;0;9;7.1;1;;;12.7;1;70;9;2200;9;14.3;1;70;9;2300;9;;;;;;;13.9;1;70;1;2300;9;;;0;1
75107005;TOUR EIFFEL;48.858333;2.294500;330;20250429;;;13.9;1;542;9;21.8;1;1517;9;18.9;1;17.9;1;7.9;1;;;;;;;7.0;1;;;;;;;;;13.3;1;80;1;19;9;;;;;;;13.0;1;80;1;19;9;;;0;1
75107005;TOUR EIFFEL;48.858333;2.294500;330;20250430;;;17.3;1;522;9;24.6;1;1555;9;21.5;1;21.0;1;7.3;1;;;;;0;9;5.1;1;;;7.9;1;100;1;14;9;9.2;1;90;1;1752;9;;;;;;;8.9;1;90;1;1752;9;;;0;1
75107005;TOUR EIFFEL;48.858333;2.294500;330;20250501;;;18.4;1;324;9;26.5;1;1525;9;22.8;1;22.5;1;8.1;1;;;;;0;9;5.7;1;;;10.1;1;170;1;328;9;12.2;1;160;1;1340;9;;;;;;;11.6;1;160;1;1340;9;;;0;1
75107005;TOUR EIFFEL;48.858333;2.294500;330;20250502;;;17.2;0;641;9;24.3;1;1349;9;21.3;1;20.8;1;7.1;1;;;;;0;9;4.4;1;;;8.7;1;50;9;2224;9;11.6;1;30;9;2319;9;;;;;;;10.9;1;30;1;2321;9;;;0;1
75107005;TOUR EIFFEL;48.858333;2.294500;330;20250503;;;14.1;1;1414;9;21.7;1;1201;9;16.8;1;17.9;1;7.6;1;;;;;0;9;5.5;1;;;18.7;1;290;1;1418;9;27.4;1;270;1;1412;9;;;;;;;26.4;1;270;1;1412;9;;;0;1
75107005;TOUR EIFFEL;48.858333;2.294500;330;20250504;;;6.6;1;544;9;12.3;1;1327;9;9.0;1;9.5;1;5.7;1;;;;;0;9;9.2;1;;;12.9;1;20;9;2253;9;16.6;1;40;9;2221;9;;;;;;;16.1;1;40;1;2300;9;;;0;1
75107005;TOUR EIFFEL;48.858333;2.294500;330;20250505;;;4.1;1;514;9;11.0;1;1557;9;8.0;1;7.6;1;6.9;1;;;;;0;9;9.1;1;;;12.2;1;30;9;2216;9;16.2;1;30;1;413;9;;;;;;;15.4;1;30;1;413;9;;;0;1
75107005;TOUR EIFFEL;48.858333;2.294500;330;20250506;;;5.4;1;432;9;12.7;1;1720;9;9.2;1;9.1;1;7.3;1;;;;;0;9;9.8;1;;;12.7;1;30;1;314;9;18.0;1;40;1;146;9;;;;;;;16.3;1;40;1;314;9;;;0;1
75107005;TOUR EIFFEL;48.858333;2.294500;330;20250507;;;6.9;1;420;9;13.2;1;1631;9;9.2;1;10.1;1;6.3;1;;;;;0;9;8.0;1;;;12.4;1;20;1;1;9;15.6;1;30;1;18;9;;;;;;;14.9;1;30;1;18;9;;;0;1
75107005;TOUR EIFFEL;48.858333;2.294500;330;20250508;;;6.5;1;359;9;14.8;1;1544;9;11.1;1;10.7;1;8.3;1;;;;;0;9;7.1;1;;;9.8;1;20;9;2239;9;15.4;1;30;1;1553;9;;;;;;;14.8;1;30;1;1553;9;;;0;1
75107005;TOUR EIFFEL;48.858333;2.294500;330;20250509;;;8.9;1;528;9;16.0;1;1640;9;13.1;1;12.5;1;7.1;1;;;;;0;9;8.0;1;;;13.0;1;90;9;2200;9;15.6;1;100;9;2301;9;;;;;;;14.9;1;100;1;2306;9;;;0;1
75107005;TOUR EIFFEL;48.858333;2.294500;330;20250510;;;10.3;1;414;9;19.4;1;1511;9;15.7;1;14.9;1;9.1;1;;;;;0;9;8.5;1;;;14.3;1;110;9;2156;9;15.7;1;110;9;2138;9;;;;;;;15.4;1;110;1;2247;9;;;0;1
75107005;TOUR EIFFEL;48.858333;2.294500;330;20250511;;;13.3;1;511;9;21.5;1;1408;9;16.6;1;17.4;1;8.2;1;;;;;0;9;6.5;1;;;13.6;1;130;1;120;9;15.4;1;130;1;32;9;;;;;;;14.6;1;130;1;113;9;;;0;1
75107005;TOUR EIFFEL;48.858333;2.294500;330;20250512;;;11.4;1;120;9;20.6;1;1556;9;15.1;1;16.0;1;9.2;1;;;;;0;9;3.9;1;;;7.7;1;200;1;13;9;11.8;1;200;1;19;9;;;;;;;11.5;1;200;1;19;9;;;0;1
75107005;TOUR EIFFEL;48.858333;2.294500;330;20250513;;;13.2;1;400;9;19.3;1;1402;9;15.9;1;16.3;1;6.1;1;;;;;;;3.0;1;;;9.9;1;50;1;1600;1;15.6;1;60;1;1535;9;;;;;;;13.4;1;60;1;1535;9;;;0;1
75107005;TOUR EIFFEL;48.858333;2.294500;330;20250514;;;14.4;1;722;9;21.9;1;1404;9;17.6;1;18.2;1;7.5;1;;;;;0;9;4.8;1;;;11.8;1;20;9;2153;9;14.9;1;10;9;2148;9;;;;;;;14.2;1;10;1;2148;9;;;0;1
75107005;TOUR EIFFEL;48.858333;2.294500;330;20250515;;;6.8;1;444;9;12.8;1;1359;9;10.0;1;9.8;1;6.0;1;;;;;0;9;8.1;1;;;10.1;1;360;1;1621;9;14.0;1;10;1;1402;9;;;;;;;13.3;1;10;1;1402;9;;;0;1
75107005;TOUR EIFFEL;48.858333;2.294500;330;20250516;;;7.2;1;423;9;16.5;1;1557;9;11.6;1;11.9;1;9.3;1;;;;;0;9;7.1;1;;;10.0;1;360;9;2123;9;13.5;1;10;1;58;9;;;;;;;12.8;1;20;1;112;9;;;0;1
75107005;TOUR EIFFEL;48.858333;2.294500;330;20250517;;;7.4;1;26;9;15.7;1;1722;9;11.2;1;11.6;1;8.3;1;;;;;0;9;5.7;1;;;10.3;1;20;9;2120;9;12.7;1;20;9;2156;9;;;;;;;11.9;1;20;1;2156;9;;;0;1
75107005;TOUR EIFFEL;48.858333;2.294500;330;20250518;;;6.5;1;637;9;17.3;1;1656;9;11.8;1;11.9;1;10.8;1;;;;;0;9;4.7;1;;;8.7;1;60;9;2303;9;11.2;1;60;9;2030;9;;;;;;;10.7;1;60;1;2030;9;;;0;1
75107005;TOUR EIFFEL;48.858333;2.294500;330;20250519;;;8.6;1;428;9;19.5;1;1726;9;15.0;1;14.1;1;10.9;1;;;;;0;9;5.9;1;;;10.3;1;50;9;2340;9;12.4;1;60;9;0;9;;;;;;;12.3;1;60;1;0;9;;;0;1
75107005;TOUR EIFFEL;48.858333;2.294500;330;20250520;;;12.5;1;501;9;20.7;1;1427;9;16.7;1;16.6;1;8.2;1;;;;;0;9;6.5;1;;;10.9;1;60;1;9;9;13.6;1;40;1;1108;9;;;;;;;12.4;1;40;1;1108;9;;;0;1
75107005;TOUR EIFFEL;48.858333;2.294500;330;20250521;;;11.0;1;1729;9;15.9;1;1027;9;12.3;1;13.5;1;4.9;1;;;;;0;9;3.2;1;;;10.3;1;360;9;2342;9;11.9;1;360;9;2257;9;;;;;;;11.4;1;360;1;2257;9;;;0;1
75107005;TOUR EIFFEL;48.858333;2.294500;330;20250522;;;6.8;1;336;9;16.4;1;1613;9;11.2;1;11.6;1;9.6;1;;;;;0;9;6.5;1;;;10.2;1;360;1;7;9;12.4;1;310;1;1345;9;;;;;;;11.6;1;360;1;4;9;;;0;1
75107005;TOUR EIFFEL;48.858333;2.294500;330;20250523;;;7.5;1;423;9;15.8;1;1728;9;11.4;1;11.7;1;8.3;1;;;;;0;9;4.6;1;;;8.3;1;30;1;318;9;10.4;1;50;1;305;9;;;;;;;9.8;1;40;1;144;9;;;0;1
75107005;TOUR EIFFEL;48.858333;2.294500;330;20250524;;;11.6;1;236;9;17.5;1;1333;9;14.9;1;14.6;1;5.9;1;;;;;0;9;7.2;1;;;12.8;1;240;9;2333;9;16.0;1;240;9;2326;9;;;;;;;15.1;1;240;1;2326;9;;;0;1
75107005;TOUR EIFFEL;48.858333;2.294500;330;20250525;;;12.8;1;544;9;18.0;1;1427;9;14.3;1;15.4;1;5.2;1;;;;;0;9;8.8;1;;;13.2;1;250;1;223;9;19.8;1;240;1;1152;9;;;;;;;18.3;1;300;1;1420;9;;;0;1
75107005;TOUR EIFFEL;48.858333;2.294500;330;20250526;;;9.4;1;437;9;16.4;1;1422;9;13.2;1;12.9;1;7.0;1;;;;;0;9;7.5;1;;;13.1;1;240;9;2248;9;15.9;1;240;9;2221;9;;;;;;;15.0;1;240;1;2253;9;;;0;1
75107005;TOUR EIFFEL;48.858333;2.294500;330;20250527;;;10.7;1;342;9;17.0;1;1747;9;14.1;1;13.9;1;6.3;1;;;;;0;9;8.2;1;;;15.6;1;250;9;2324;9;22.5;1;240;1;2244;9;;;;;;;21.0;1;240;1;2244;9;;;0;1
75107005;TOUR EIFFEL;48.858333;2.294500;330;20250528;;;12.1;1;435;9;18.5;1;1458;9;14.9;1;15.3;1;6.4;1;;;;;0;9;10.0;1;;;16.3;1;270;1;1223;9;21.2;1;270;1;1214;9;;;;;;;20.1;1;270;1;1213;9;;;0;1
75107005;TOUR EIFFEL;48.858333;2.294500;330;20250529;;;12.1;1;339;9;22.1;1;1445;9;17.7;1;17.1;1;10.0;1;;;;;0;9;4.3;1;;;8.8;1;270;9;2053;9;10.1;1;240;1;1332;9;;;;;;;9.5;1;240;1;1332;9;;;0;1
75107005;TOUR EIFFEL;48.858333;2.294500;330;20250530;;;16.6;1;404;9;29.0;1;1840;9;22.8;1;22.8;1;12.4;1;;;;;0;9;2.4;1;;;7.8;1;30;9;2325;9;9.1;1;50;9;0;9;;;;;;;8.8;1;50;1;2328;9;;;0;1
75107005;TOUR EIFFEL;48.858333;2.294500;330;20250531;;;17.7;1;107;9;27.8;1;1611;9;21.5;1;22.8;1;10.1;1;;;;;0;9;5.2;1;;;8.9;1;320;9;2050;9;11.2;1;190;1;1413;9;;;;;;;10.8;1;190;1;1414;9;;;0;1
75107005;TOUR EIFFEL;48.858333;2.294500;330;20250601;;;13.9;1;646;9;20.0;1;1458;9;16.3;1;17.0;1;6.1;1;;;;;0;9;4.2;1;;;7.4;1;310;1;114;9;11.0;1;270;1;1227;9;;;;;;;9.6;1;310;1;108;9;;;0;1
75107005;TOUR EIFFEL;48.858333;2.294500;330;20250602;;;12.3;1;545;9;20.8;1;1705;9;15.9;1;16.6;1;8.5;1;;;;;0;9;3.4;1;;;6.2;1;300;1;403;9;10.4;1;280;1;1156;9;;;;;;;10.0;1;280;1;1156;9;;;0;1
75107005;TOUR EIFFEL;48.858333;2.294500;330;20250603;;;14.9;1;50;9;20.9;1;1444;9;18.0;1;17.9;1;6.0;1;;;;;0;9;6.7;1;;;13.2;1;240;9;2243;9;16.2;1;240;9;2335;9;;;;;;;15.5;1;240;1;2321;9;;;0;1
75107005;TOUR EIFFEL;48.858333;2.294500;330;20250604;;;11.8;1;652;9;17.7;1;1530;9;14.1;1;14.8;1;5.9;1;;;;;0;9;6.4;1;;;13.1;1;250;1;58;9;16.5;1;240;1;54;9;;;;;;;15.7;1;240;1;35;9;;;0;1
75107005;TOUR EIFFEL;48.858333;2.294500;330;20250605;;;11.6;1;539;9;16.4;1;1157;9;13.9;1;14.0;1;4.8;1;;;;;0;9;11.0;1;;;16.0;1;200;1;1908;9;25.8;1;200;1;1913;9;;;;;;;24.1;1;200;1;1913;9;;;0;1
75107005;TOUR EIFFEL;48.858333;2.294500;330;20250606;;;11.6;1;454;9;18.8;1;1432;9;14.9;1;15.2;1;7.2;1;;;;;0;9;8.0;1;;;12.5;1;270;1;246;9;17.6;1;240;1;1532;9;;;;;;;16.6;1;240;1;1533;9;;;0;1
75107005;TOUR EIFFEL;48.858333;2.294500;330;20250607;;;11.7;1;517;9;17.1;1;1527;9;14.1;1;14.4;1;5.4;1;;;;;0;9;9.8;1;;;16.3;1;230;9;2035;9;23.0;1;240;9;2028;9;;;;;;;21.8;1;240;1;2028;9;;;0;1
75107005;TOUR EIFFEL;48.858333;2.294500;330;20250608;;;10.1;1;539;9;16.7;1;1702;9;13.4;1;13.4;1;6.6;1;;;;;0;9;7.7;1;;;15.6;1;260;1;105;9;19.0;1;270;1;118;9;;;;;;;18.4;1;270;1;118;9;;;0;1
75107005;TOUR EIFFEL;48.858333;2.294500;330;20250609;;;11.1;1;328;9;21.7;1;1817;9;15.8;1;16.4;1;10.6;1;;;;;0;9;2.6;1;;;5.4;1;250;1;1109;9;8.8;1;260;1;1101;9;;;;;;;8.2;1;260;1;1101;9;;;0;1
75107005;TOUR EIFFEL;48.858333;2.294500;330;20250610;;;14.3;1;725;9;21.4;1;1445;9;17.2;1;17.9;1;7.1;1;;;;;0;9;5.1;1;;;8.2;1;260;1;603;9;10.6;1;270;1;1046;9;;;;;;;10.3;1;270;1;1046;9;;;0;1
75107005;TOUR EIFFEL;48.858333;2.294500;330;20250611;;;13.4;1;434;9;23.9;1;1646;9;19.3;1;18.7;1;10.5;1;;;;;0;9;6.3;1;;;13.5;1;110;9;2257;9;16.5;1;110;9;2250;9;;;;;;;15.7;1;110;1;2233;9;;;0;1
75107005;TOUR EIFFEL;48.858333;2.294500;330;20250612;;;16.9;1;352;9;30.0;1;1652;9;23.7;1;23.5;1;13.1;1;;;;;0;9;6.1;1;;;11.8;1;110;1;8;9;14.3;1;110;1;4;9;;;;;;;13.7;1;110;1;4;9;;;0;1
75107005;TOUR EIFFEL;48.858333;2.294500;330;20250613;;;19.9;1;546;9;30.3;1;1722;9;25.1;1;25.1;1;10.4;1;;;;;0;9;4.7;1;;;22.1;1;270;1;2042;9;29.8;1;250;1;2228;9;;;;;;;28.7;1;250;1;2228;9;;;0;1
75107005;TOUR EIFFEL;48.858333;2.294500;330;20250614;;;19.7;1;2228;9;24.8;1;1340;9;21.6;1;22.3;1;5.1;1;;;;;0;9;4.9;1;;;13.1;1;180;1;349;9;14.6;1;180;1;346;9;;;;;;;14.4;1;180;1;346;9;;;0;1
75107005;TOUR EIFFEL;48.858333;2.294500;330;20250615;;;14.0;1;947;9;19.8;1;1500;9;16.5;1;16.9;1;5.8;1;;;;;0;9;5.3;1;;;9.0;1;310;1;1644;9;15.0;1;320;1;1639;9;;;;;;;13.8;1;320;1;1639;9;;;0;1
75107005;TOUR EIFFEL;48.858333;2.294500;330;20250616;;;12.3;1;451;9;22.6;1;1659;9;18.0;1;17.5;1;10.3;1;;;;;0;9;4.1;1;;;8.0;1;310;1;1;9;9.6;1;320;1;8;9;;;;;;;9.2;1;320;1;8;9;;;0;1
75107005;TOUR EIFFEL;48.858333;2.294500;330;20250617;;;16.8;1;423;9;26.2;1;1620;9;21.2;1;21.5;1;9.4;1;;;;;0;9;4.6;1;;;9.4;1;60;1;31;9;10.8;1;360;9;2105;9;;;;;;;10.2;1;360;1;2105;9;;;0;1
75107005;TOUR EIFFEL;48.858333;2.294500;330;20250618;;;16.1;1;503;9;25.6;1;1643;9;20.9;1;20.9;1;9.5;1;;;;;0;9;4.9;1;;;12.7;1;50;9;0;9;15.8;1;40;9;2335;9;;;;;;;14.4;1;40;1;2332;9;;;0;1
75107005;TOUR EIFFEL;48.858333;2.294500;330;20250619;;;17.7;1;240;9;27.0;1;1602;9;22.6;1;22.4;1;9.3;1;;;;;;;7.3;1;;;12.7;1;50;1;5;1;15.0;1;60;9;2157;9;;;;;;;14.0;1;50;1;37;9;;;0;1
75107005;TOUR EIFFEL;48.858333;2.294500;330;20250620;;;18.8;1;532;9;27.6;1;1541;9;23.5;1;23.2;1;8.8;1;;;;;0;9;6.0;1;;;9.8;1;100;1;412;9;13.9;1;100;1;237;9;;;;;;;12.8;1;100;1;230;9;;;0;1
75107005;TOUR EIFFEL;48.858333;2.294500;330;20250621;;;21.5;1;319;9;32.2;1;1632;9;27.4;1;26.9;1;10.7;1;;;;;0;9;4.9;1;;;10.0;1;140;9;2229;9;12.0;1;140;9;2222;9;;;;;;;11.6;1;140;1;2224;9;;;0;1
75107005;TOUR EIFFEL;48.858333;2.294500;330;20250622;;;19.6;1;630;9;27.8;1;1727;9;23.5;1;23.7;1;8.2;1;;;;;0;9;5.7;1;;;15.7;1;180;1;216;9;17.0;1;190;1;252;9;;;;;;;16.8;1;190;1;252;9;;;0;1
75107005;TOUR EIFFEL;48.858333;2.294500;330;20250623;;;15.5;1;402;9;22.1;1;1551;9;17.9;1;18.8;1;6.6;1;;;;;0;9;7.4;1;;;10.9;1;280;1;1750;9;15.2;1;240;1;1356;9;;;;;;;14.0;1;260;1;921;9;;;0;1
75107005;TOUR EIFFEL;48.858333;2.294500;330;20250624;;;13.0;1;447;9;28.5;1;1738;9;20.9;1;20.8;1;15.5;1;;;;;0;9;4.1;1;;;7.5;1;270;1;415;9;10.6;1;250;1;1125;9;;;;;;;10.2;1;240;1;1046;9;;;0;1
75107005;TOUR EIFFEL;48.858333;2.294500;330;20250625;;;20.1;1;506;9;34.7;1;1715;9;25.1;1;27.4;1;14.6;1;;;;;0;9;3.7;1;;;16.8;1;270;1;1905;9;31.1;1;240;1;1903;9;;;;;;;28.7;1;240;1;1903;9;;;0;1
75107005;TOUR EIFFEL;48.858333;2.294500;330;20250626;;;17.0;1;710;9;23.8;1;1724;9;20.3;1;20.4;1;6.8;1;;;;;0;9;7.7;1;;;14.6;1;270;1;649;9;17.0;1;270;1;646;9;;;;;;;16.8;1;270;1;646;9;;;0;1
75107005;TOUR EIFFEL;48.858333;2.294500;330;20250627;;;18.0;1;445;9;25.0;1;1838;9;21.5;1;21.5;1;7.0;1;;;;;0;9;4.1;1;;;10.3;1;270;1;522;9;13.1;1;270;1;516;9;;;;;;;12.8;1;270;1;516;9;;;0;1
75107005;TOUR EIFFEL;48.858333;2.294500;330;20250628;;;18.4;1;534;9;27.1;1;1556;1;22.6;1;22.8;1;8.7;1;;;;;0;9;3.2;1;;;6.9;1;360;9;2215;9;8.5;1;10;9;2122;9;;;;;;;8.3;1;350;1;2211;9;;;0;1
75107005;TOUR EIFFEL;48.858333;2.294500;330;20250629;;;17.2;1;327;1;27.1;1;1758;9;22.4;1;22.2;1;9.9;1;;;;;0;1;4.2;1;;;9.8;1;50;9;2359;9;12.0;1;50;9;2355;9;;;;;;;11.1;1;50;1;2355;9;;;0;1
75107005;TOUR EIFFEL;48.858333;2.294500;330;20250630;;;19.7;1;406;9;34.4;1;1809;9;27.1;1;27.1;1;14.7;1;;;;;;;3.1;1;;;10.4;1;60;1;20;9;12.0;1;60;1;22;9;;;;;;;11.4;1;60;1;15;9;;;0;1
75107005;TOUR EIFFEL;48.858333;2.294500;330;20250701;;;27.7;1;341;1;37.9;1;1807;1;32.0;1;32.8;1;10.2;1;;;;;;;4.1;1;;;8.0;1;180;1;558;9;10.8;1;200;1;1024;9;;;;;;;10.3;1;200;1;1024;9;;;0;1
75107005;TOUR EIFFEL;48.858333;2.294500;330;20250702;;;17.0;1;;;28.4;1;1251;9;21.7;1;22.7;1;11.4;1;;;;;;;7.0;1;;;16.6;1;310;1;1400;9;23.8;1;300;1;1353;9;;;;;;;21.5;1;300;1;1353;9;;;0;1
75107005;TOUR EIFFEL;48.858333;2.294500;330;20250703;;;15.2;1;454;9;22.8;1;1703;9;18.5;1;19.0;1;7.6;1;;;;;;;6.1;1;;;9.7;1;10;1;215;9;12.3;1;20;1;422;9;;;;;;;11.7;1;360;1;221;9;;;0;1
75107005;TOUR EIFFEL;48.858333;2.294500;330;20250704;;;14.6;1;501;9;24.8;1;1820;1;19.4;1;19.7;1;10.2;1;;;;;0;9;4.0;1;;;7.7;1;360;9;2031;9;9.6;1;40;1;56;9;;;;;;;9.1;1;360;1;2027;9;;;0;1
75107005;TOUR EIFFEL;48.858333;2.294500;330;20250705;;;15.3;1;451;1;23.9;1;1357;1;19.3;1;19.6;1;8.6;1;;;;;;;5.4;1;;;9.6;1;260;9;2337;9;11.7;1;270;9;2319;9;;;;;;;11.5;1;270;1;2319;9;;;0;1
75107005;TOUR EIFFEL;48.858333;2.294500;330;20250706;;;14.0;1;;;18.1;1;1730;1;;;16.1;1;4.1;1;;;;;0;1;8.8;1;;;16.4;1;270;9;2342;9;20.5;1;240;1;344;9;;;;;;;18.6;1;240;1;344;9;;;0;1
75107005;TOUR EIFFEL;48.858333;2.294500;330;20250707;;;12.4;1;722;9;16.3;1;1744;9;14.2;1;14.4;1;3.9;1;;;;;0;9;9.0;1;;;15.3;1;270;1;27;9;18.0;1;270;1;22;9;;;;;;;17.4;1;270;1;22;9;;;0;1
75107005;TOUR EIFFEL;48.858333;2.294500;330;20250708;;;12.0;1;725;9;20.1;1;1732;9;15.6;1;16.1;1;8.1;1;;;;;0;9;7.0;1;;;13.4;1;290;1;320;9;18.3;1;310;1;606;9;;;;;;;17.5;1;310;1;606;9;;;0;1
75107005;TOUR EIFFEL;48.858333;2.294500;330;20250709;;;12.8;1;342;1;27.0;1;;;;9;19.9;1;14.2;1;;;;;;;3.2;1;;;9.3;1;30;9;2215;9;11.4;1;30;9;2145;9;;;;;;;10.6;1;30;1;2145;9;;;0;1
75107005;TOUR EIFFEL;48.858333;2.294500;330;20250710;;;14.0;1;;;24.8;1;1704;1;;;19.4;1;10.8;1;;;;;0;1;5.8;1;;;12.1;1;30;9;2228;9;14.5;1;40;9;2227;9;;;;;;;13.2;1;40;1;2223;9;;;0;1
75107005;TOUR EIFFEL;48.858333;2.294500;330;20250711;;;17.1;1;430;9;25.3;1;1706;9;21.6;1;21.2;1;8.2;1;;;;;0;9;6.3;1;;;10.7;1;50;1;37;9;12.8;1;40;1;18;9;;;;;;;12.4;1;40;1;18;9;;;0;1
75107005;TOUR EIFFEL;48.858333;2.294500;330;20250712;;;18.3;1;603;9;25.1;1;1651;9;21.7;1;21.7;1;6.8;1;;;;;0;9;5.2;1;;;10.4;1;60;9;2252;9;12.3;1;60;9;2336;9;;;;;;;11.5;1;60;1;2252;9;;;0;1
75107005;TOUR EIFFEL;48.858333;2.294500;330;20250713;;;18.4;1;523;9;30.2;1;1907;9;23.4;1;24.3;1;11.8;1;;;;;0;9;4.2;1;;;13.5;1;260;9;2100;9;19.7;1;270;9;2159;9;;;;;;;18.1;1;270;1;2159;9;;;0;1
75107005;TOUR EIFFEL;48.858333;2.294500;330;20250714;;;18.0;1;532;9;25.4;1;1447;9;20.1;1;21.7;1;7.4;1;;;;;0;9;6.5;1;;;11.7;1;300;1;1859;9;14.9;1;310;1;1857;9;;;;;;;13.9;1;310;1;1852;9;;;0;1
75107005;TOUR EIFFEL;48.858333;2.294500;330;20250715;;;15.2;1;445;9;21.5;1;1802;9;18.5;1;18.4;1;6.3;1;;;;;0;9;5.4;1;;;11.3;1;280;9;2353;9;15.6;1;260;1;1413;9;;;;;;;15.2;1;260;1;1413;9;;;0;1
75107005;TOUR EIFFEL;48.858333;2.294500;330;20250716;;;16.3;1;523;9;19.3;1;1549;9;17.5;1;17.8;1;3.0;1;;;;;;;9.2;1;;;;;;;;;17.7;1;260;1;343;9;;;;;;;17.2;1;260;1;343;9;;;0;1
75107005;TOUR EIFFEL;48.858333;2.294500;330;20250717;;;15.6;1;329;9;25.2;1;1603;9;20.3;1;20.4;1;9.6;1;;;;;0;9;1.8;1;;;7.1;1;330;1;9;9;8.0;1;330;1;2;9;;;;;;;8.0;1;330;1;2;9;;;0;1
75107005;TOUR EIFFEL;48.858333;2.294500;330;20250718;;;20.4;1;341;9;28.5;1;1452;9;24.7;1;24.5;1;8.1;1;;;;;0;9;5.7;1;;;12.7;1;110;9;2309;9;13.6;1;110;9;2308;9;;;;;;;13.5;1;110;1;2309;9;;;0;1
75107005;TOUR EIFFEL;48.858333;2.294500;330;20250719;;;18.9;1;1045;9;25.6;1;1724;9;21.3;1;22.3;1;6.7;1;;;;;0;9;7.2;1;;;14.2;1;110;1;57;9;18.8;1;230;1;1952;9;;;;;;;16.3;1;130;1;233;9;;;0;1
75107005;TOUR EIFFEL;48.858333;2.294500;330;20250720;;;14.4;1;927;9;22.7;1;1806;9;18.3;1;18.6;1;8.3;1;;;;;0;9;7.9;1;;;13.3;1;200;9;2354;9;19.5;1;210;1;1630;9;;;;;;;18.4;1;210;1;1632;9;;;0;1
75107005;TOUR EIFFEL;48.858333;2.294500;330;20250721;;;14.5;1;544;9;19.2;1;1551;9;16.4;1;16.9;1;4.7;1;;;;;0;9;10.1;1;;;16.7;1;180;1;324;9;22.5;1;180;1;455;9;;;;;;;21.2;1;180;1;455;9;;;0;1
75107005;TOUR EIFFEL;48.858333;2.294500;330;20250722;;;14.3;1;602;9;19.3;1;1711;9;17.1;1;16.8;1;5.0;1;;;;;0;9;7.5;1;;;12.7;1;250;1;406;9;17.3;1;260;1;120;9;;;;;;;16.3;1;260;1;120;9;;;0;1
75107005;TOUR EIFFEL;48.858333;2.294500;330;20250723;;;16.2;1;1758;9;20.9;1;1012;9;17.3;1;18.6;1;4.7;1;;;;;0;9;2.9;1;;;6.7;1;300;1;1409;9;9.2;1;310;1;1505;9;;;;;;;8.8;1;310;1;1405;9;;;0;1
75107005;TOUR EIFFEL;48.858333;2.294500;330;20250724;;;14.2;1;412;9;19.6;1;1355;9;16.3;1;16.9;1;5.4;1;;;;;0;9;6.7;1;;;10.7;1;330;9;2045;9;12.7;1;350;1;1129;9;;;;;;;12.2;1;330;1;2038;9;;;0;1
75107005;TOUR EIFFEL;48.858333;2.294500;330;20250725;;;14.8;1;216;9;23.6;1;1622;9;18.7;1;19.2;1;8.8;1;;;;;0;9;4.0;1;;;8.4;1;310;1;19;9;10.1;1;310;1;1403;9;;;;;;;9.4;1;330;1;1926;9;;;0;1
75107005;TOUR EIFFEL;48.858333;2.294500;330;20250726;;;15.2;1;449;9;23.4;1;1544;9;18.6;1;19.3;1;8.2;1;;;;;0;9;5.6;1;;;9.2;1;300;1;1834;9;13.5;1;300;1;1751;9;;;;;;;11.7;1;310;1;1851;9;;;0;1
75107005;TOUR EIFFEL;48.858333;2.294500;330;20250727;;;14.3;1;1713;9;20.0;1;1401;9;16.1;1;17.2;1;5.7;1;;;;;0;9;6.8;1;;;11.7;1;350;1;1445;9;16.2;1;340;1;1438;9;;;;;;;15.0;1;340;1;1440;9;;;0;1
75107005;TOUR EIFFEL;48.858333;2.294500;330;20250728;;;14.4;1;432;9;19.8;1;1429;9;16.9;1;17.1;1;5.4;1;;;;;0;9;6.5;1;;;10.6;1;330;1;48;9;13.2;1;320;1;23;9;;;;;;;12.5;1;320;1;23;9;;;0;1
75107005;TOUR EIFFEL;48.858333;2.294500;330;20250729;;;14.3;1;641;9;19.2;1;1228;9;16.6;1;16.8;1;4.9;1;;;;;0;9;4.9;1;;;7.8;1;320;1;300;9;11.0;1;300;1;1622;9;;;;;;;10.6;1;300;1;1622;9;;;0;1
75107005;TOUR EIFFEL;48.858333;2.294500;330;20250730;;;16.2;1;2341;9;21.6;1;1657;9;18.1;1;18.9;1;5.4;1;;;;;0;9;4.9;1;;;9.9;1;280;1;1101;9;13.1;1;270;1;1104;9;;;;;;;12.4;1;270;1;1104;9;;;0;1
75107005;TOUR EIFFEL;48.858333;2.294500;330;20250731;;;14.9;1;620;9;22.0;1;1413;9;18.5;1;18.5;1;7.1;1;;;;;0;9;6.0;1;;;8.4;1;300;1;332;9;10.6;1;240;1;1156;9;;;;;;;10.0;1;240;1;1156;9;;;0;1
75107005;TOUR EIFFEL;48.858333;2.294500;330;20250801;;;15.6;1;517;9;19.5;1;1533;9;16.7;1;17.6;1;3.9;1;;;;;0;9;7.5;1;;;10.5;1;330;9;2216;9;13.8;1;310;1;1549;9;;;;;;;12.7;1;310;1;1430;9;;;0;1
75107005;TOUR EIFFEL;48.858333;2.294500;330;20250802;;;12.6;1;537;9;18.8;1;1609;9;15.8;1;15.7;1;6.2;1;;;;;0;9;5.9;1;;;10.2;1;20;1;220;9;12.2;1;310;1;1226;9;;;;;;;11.6;1;20;1;118;9;;;0;1
75107005;TOUR EIFFEL;48.858333;2.294500;330;20250803;;;13.6;1;404;9;22.4;1;1503;9;17.7;1;18.0;1;8.8;1;;;;;0;9;4.8;1;;;8.8;1;280;9;2228;9;12.2;1;270;1;1427;9;;;;;;;11.0;1;270;1;1443;9;;;0;1
75107005;TOUR EIFFEL;48.858333;2.294500;330;20250804;;;16.7;1;434;9;27.3;1;1737;9;21.4;1;22.0;1;10.6;1;;;;;0;9;6.2;1;;;10.7;1;260;9;2052;9;13.5;1;260;9;2044;9;;;;;;;12.7;1;260;1;2044;9;;;0;1
75107005;TOUR EIFFEL;48.858333;2.294500;330;20250805;;;14.7;1;642;9;19.3;1;1503;9;16.9;1;17.0;1;4.6;1;;;;;0;9;7.7;1;;;12.0;1;310;1;321;9;15.8;1;310;1;316;9;;;;;;;14.9;1;310;1;316;9;;;0;1
75107005;TOUR EIFFEL;48.858333;2.294500;330;20250806;;;13.6;1;247;9;22.3;1;1556;9;18.0;1;18.0;1;8.7;1;;;;;0;9;3.3;1;;;6.4;1;340;1;1;9;7.5;1;110;1;1455;9;;;;;;;7.2;1;110;1;1455;9;;;0;1
75107005;TOUR EIFFEL;48.858333;2.294500;330;20250807;;;17.8;1;401;9;29.1;1;1814;9;23.3;1;23.5;1;11.3;1;;;;;0;9;3.3;1;;;6.9;1;270;9;2141;9;9.5;1;270;9;2141;9;;;;;;;8.9;1;270;1;2141;9;;;0;1
75107005;TOUR EIFFEL;48.858333;2.294500;330;20250808;;;17.1;1;629;9;24.2;1;1454;9;20.7;1;20.7;1;7.1;1;;;;;0;9;4.1;1;;;7.7;1;10;9;2045;9;9.9;1;20;9;2008;9;;;;;;;9.6;1;20;1;2008;9;;;0;1
75107005;TOUR EIFFEL;48.858333;2.294500;330;20250809;;;17.1;1;307;9;24.1;1;1457;9;19.6;1;20.6;1;7.0;1;;;;;0;9;5.1;1;;;10.9;1;320;9;2013;9;13.4;1;320;9;2004;9;;;;;;;12.9;1;320;1;2011;9;;;0;1
75107005;TOUR EIFFEL;48.858333;2.294500;330;20250810;;;14.1;1;423;9;24.8;1;1529;9;19.9;1;19.5;1;10.7;1;;;;;0;9;5.4;1;;;10.0;1;70;9;2222;9;11.0;1;80;9;2336;9;;;;;;;10.9;1;80;1;2357;9;;;0;1
75107005;TOUR EIFFEL;48.858333;2.294500;330;20250811;;;18.4;1;528;9;28.5;1;1600;9;24.4;1;23.5;1;10.1;1;;;;;0;9;7.0;1;;;15.1;1;130;9;2346;9;16.0;1;130;9;2345;9;;;;;;;15.7;1;130;1;2341;9;;;0;1
75107005;TOUR EIFFEL;48.858333;2.294500;330;20250812;;;21.5;1;513;9;32.5;1;1602;9;27.3;1;27.0;1;11.0;1;;;;;0;9;5.6;1;;;14.2;1;130;1;18;9;16.7;1;130;1;18;9;;;;;;;15.1;1;130;1;16;9;;;0;1
75107005;TOUR EIFFEL;48.858333;2.294500;330;20250813;;;23.9;1;335;9;32.1;1;1333;9;27.0;1;28.0;1;8.2;1;;;;;0;9;3.9;1;;;12.5;1;270;1;1815;9;14.4;1;270;1;1809;9;;;;;;;14.1;1;270;1;1809;9;;;0;1
75107005;TOUR EIFFEL;48.858333;2.294500;330;20250814;;;20.0;1;700;9;27.4;1;1529;9;22.9;1;23.7;1;7.4;1;;;;;0;9;4.0;1;;;9.4;1;160;1;238;9;10.4;1;160;1;235;9;;;;;;;10.2;1;160;1;251;9;;;0;1
75107005;TOUR EIFFEL;48.858333;2.294500;330;20250815;;;16.9;1;457;9;27.8;1;1524;9;22.4;1;22.4;1;10.9;1;;;;;0;9;6.6;1;;;13.6;1;50;9;2320;9;16.2;1;40;9;2316;9;;;;;;;15.0;1;40;1;2316;9;;;0;1
75107005;TOUR EIFFEL;48.858333;2.294500;330;20250816;;;16.2;1;630;9;24.3;1;1541;9;19.5;1;20.3;1;8.1;1;;;;;0;9;7.1;1;;;11.6;1;30;9;1948;9;15.8;1;30;9;2033;9;;;;;;;15.0;1;30;1;2033;9;;;0;1
75107005;TOUR EIFFEL;48.858333;2.294500;330;20250817;;;15.2;1;601;9;24.2;1;1701;9;19.3;1;19.7;1;9.0;1;;;;;0;9;7.5;1;;;10.7;1;60;9;2123;9;13.0;1;50;9;2125;9;;;;;;;12.1;1;50;1;2047;9;;;0;1
75107005;TOUR EIFFEL;48.858333;2.294500;330;20250818;;;14.2;1;451;9;25.3;1;1622;9;20.1;1;19.8;1;11.1;1;;;;;0;9;4.9;1;;;9.2;1;60;1;126;9;11.6;1;70;1;122;9;;;;;;;11.2;1;70;1;122;9;;;0;1
75107005;TOUR EIFFEL;48.858333;2.294500;330;20250819;;;18.1;1;446;9;26.6;1;1246;9;21.3;1;22.4;1;8.5;1;;;;;0;9;3.4;1;;;7.6;1;190;1;1532;9;9.8;1;190;1;1453;9;;;;;;;9.3;1;190;1;1447;9;;;0;1
75107005;TOUR EIFFEL;48.858333;2.294500;330;20250820;;;15.7;1;1145;9;17.8;1;601;9;16.6;1;16.8;1;2.1;1;;;;;0;9;4.8;1;;;8.7;1;350;9;2139;9;11.3;1;360;9;2316;9;;;;;;;11.0;1;340;1;2136;9;;;0;1
75107005;TOUR EIFFEL;48.858333;2.294500;330;20250821;;;13.5;1;459;9;21.0;1;1620;9;16.7;1;17.3;1;7.5;1;;;;;0;9;7.4;1;;;11.4;1;10;9;2014;9;15.6;1;360;1;1504;9;;;;;;;14.6;1;360;1;1504;9;;;0;1
75107005;TOUR EIFFEL;48.858333;2.294500;330;20250822;;;12.3;1;336;9;18.4;1;1723;9;15.4;1;15.4;1;6.1;1;;;;;0;9;5.5;1;;;8.9;1;330;9;2030;9;10.8;1;10;1;243;9;;;;;;;10.0;1;20;1;410;9;;;0;1
75107005;TOUR EIFFEL;48.858333;2.294500;330;20250823;;;13.0;1;459;9;21.3;1;1411;9;16.6;1;17.2;1;8.3;1;;;;;0;9;4.5;1;;;8.0;1;40;1;157;9;9.8;1;40;1;149;9;;;;;;;9.5;1;40;1;149;9;;;0;1
75107005;TOUR EIFFEL;48.858333;2.294500;330;20250824;;;13.2;1;430;9;21.4;1;1551;9;17.7;1;17.3;1;8.2;1;;;;;0;9;4.4;1;;;7.8;1;90;9;2229;9;8.9;1;50;1;1343;9;;;;;;;8.1;1;90;1;2229;9;;;0;1
75107005;TOUR EIFFEL;48.858333;2.294500;330;20250825;;;16.9;1;506;9;27.8;1;1646;9;22.1;1;22.4;1;10.9;1;;;;;0;9;4.5;1;;;7.8;1;130;1;300;9;9.4;1;130;1;1505;9;;;;;;;8.9;1;130;1;1505;9;;;0;1
75107005;TOUR EIFFEL;48.858333;2.294500;330;20250826;;;19.1;1;519;9;27.0;1;1556;9;22.5;1;23.1;1;7.9;1;;;;;;;5.8;1;;;;;;;;;13.5;1;260;1;1433;9;;;;;;;12.1;1;180;1;430;1;;;0;1
75107005;TOUR EIFFEL;48.858333;2.294500;330;20250827;;;17.8;1;635;9;23.4;1;1616;9;20.4;1;20.6;1;5.6;1;;;;;0;9;5.0;1;;;9.8;1;250;9;2355;9;13.2;1;240;1;1326;9;;;;;;;12.5;1;240;1;1326;9;;;0;1
75107005;TOUR EIFFEL;48.858333;2.294500;330;20250828;;;14.6;1;653;9;20.6;1;1456;9;17.7;1;17.6;1;6.0;1;;;;;0;9;8.0;1;;;12.0;1;240;9;1956;9;16.3;1;230;9;1948;9;;;;;;;15.3;1;230;1;1948;9;;;0;1
75107005;TOUR EIFFEL;48.858333;2.294500;330;20250829;;;13.6;1;846;9;18.6;1;1506;9;15.4;1;16.1;1;5.0;1;;;;;0;9;9.2;1;;;14.9;1;270;9;2303;9;22.3;1;200;1;902;9;;;;;;;20.0;1;200;1;902;9;;;0;1
75107005;TOUR EIFFEL;48.858333;2.294500;330;20250830;;;13.0;1;649;9;19.8;1;1513;9;16.4;1;16.4;1;6.8;1;;;;;0;9;9.5;1;;;15.2;1;180;9;2040;9;18.7;1;180;9;2039;9;;;;;;;18.0;1;180;1;2039;9;;;0;1
75107005;TOUR EIFFEL;48.858333;2.294500;330;20250831;;;15.9;1;748;9;20.1;1;1202;9;16.7;1;18.0;1;4.2;1;;;;;0;9;6.0;1;;;10.9;1;200;1;15;9;16.4;1;200;1;14;9;;;;;;;15.6;1;200;1;14;9;;;0;1
75107005;TOUR EIFFEL;48.858333;2.294500;330;20250901;;;12.6;1;440;9;21.4;1;1517;9;15.5;1;17.0;1;8.8;1;;;;;0;9;7.5;1;;;14.0;1;240;1;1543;9;18.9;1;240;1;1534;9;;;;;;;17.9;1;240;1;1534;9;;;0;1
75107005;TOUR EIFFEL;48.858333;2.294500;330;20250902;;;11.8;1;508;9;16.3;1;1937;9;14.7;1;14.1;1;4.5;1;;;;;0;9;10.5;1;;;16.6;1;180;1;1337;9;23.4;1;180;1;1340;9;;;;;;;22.9;1;180;1;1340;9;;;0;1
75107005;TOUR EIFFEL;48.858333;2.294500;330;20250903;;;15.0;1;221;9;23.1;1;1529;9;18.0;1;19.1;1;8.1;1;;;;;0;9;12.5;1;;;19.0;1;200;1;1401;9;29.8;1;200;1;1515;9;;;;;;;28.2;1;200;1;1515;9;;;0;1
75107005;TOUR EIFFEL;48.858333;2.294500;330;20250904;;;13.5;1;442;9;19.8;1;1537;9;16.1;1;16.7;1;6.3;1;;;;;0;9;7.8;1;;;12.1;1;240;1;12;9;16.8;1;240;1;1149;9;;;;;;;16.0;1;240;1;1149;9;;;0;1
75107005;TOUR EIFFEL;48.858333;2.294500;330;20250905;;;12.2;1;536;9;20.9;1;1633;9;16.1;1;16.6;1;8.7;1;;;;;0;9;4.5;1;;;10.5;1;270;1;214;9;12.9;1;280;1;359;9;;;;;;;12.3;1;270;1;124;9;;;0;1
75107005;TOUR EIFFEL;48.858333;2.294500;330;20250906;;;15.7;1;436;9;22.1;1;1621;9;18.8;1;18.9;1;6.4;1;;;;;0;9;9.8;1;;;16.5;1;140;9;2104;9;19.4;1;140;9;2102;9;;;;;;;18.0;1;140;1;2025;9;;;0;1
75107005;TOUR EIFFEL;48.858333;2.294500;330;20250907;;;17.1;1;353;9;28.3;1;1415;9;21.9;1;22.7;1;11.2;1;;;;;0;9;9.5;1;;;15.9;1;260;9;2102;9;17.3;1;260;9;2050;9;;;;;;;17.0;1;260;1;2054;9;;;0;1
75107005;TOUR EIFFEL;48.858333;2.294500;330;20250908;;;15.1;1;857;9;21.4;1;1506;9;17.6;1;18.3;1;6.3;1;;;;;0;9;4.9;1;;;10.5;1;270;1;3;9;12.9;1;270;1;4;9;;;;;;;12.6;1;270;1;4;9;;;0;1
75107005;TOUR EIFFEL;48.858333;2.294500;330;20250909;;;13.3;1;445;9;21.9;1;1603;9;17.2;1;17.6;1;8.6;1;;;;;0;9;3.7;1;;;8.0;1;20;1;505;9;8.7;1;20;1;157;9;;;;;;;8.7;1;20;1;459;9;;;0;1
75107005;TOUR EIFFEL;48.858333;2.294500;330;20250910;;;14.4;1;1754;9;18.5;1;1448;9;15.9;1;16.5;1;4.1;1;;;;;0;9;8.2;1;;;15.8;1;270;9;2249;9;22.8;1;260;9;2240;9;;;;;;;21.9;1;260;1;2239;9;;;0;1
75107005;TOUR EIFFEL;48.858333;2.294500;330;20250911;;;11.7;1;530;9;16.9;1;1300;9;13.8;1;14.3;1;5.2;1;;;;;0;9;11.5;1;;;18.2;1;260;1;213;9;20.1;1;260;1;155;9;;;;;;;19.6;1;260;1;155;9;;;0;1
75107005;TOUR EIFFEL;48.858333;2.294500;330;20250912;;;10.4;1;602;9;18.5;1;1554;9;14.1;1;14.5;1;8.1;1;;;;;0;9;8.9;1;;;15.4;1;240;1;154;9;19.3;1;240;1;227;9;;;;;;;18.2;1;240;1;142;9;;;0;1
75107005;TOUR EIFFEL;48.858333;2.294500;330;20250913;;;11.9;1;444;9;17.0;1;1404;9;14.1;1;14.5;1;5.1;1;;;;;0;9;8.2;1;;;12.7;1;250;9;2354;9;17.6;1;200;1;1232;9;;;;;;;16.7;1;200;1;1232;9;;;0;1
75107005;TOUR EIFFEL;48.858333;2.294500;330;20250914;;;12.8;1;527;9;19.1;1;1825;9;15.7;1;16.0;1;6.3;1;;;;;0;9;8.9;1;;;13.8;1;230;9;2135;9;25.3;1;240;9;2343;9;;;;;;;23.5;1;240;1;2350;9;;;0;1
75107005;TOUR EIFFEL;48.858333;2.294500;330;20250915;;;14.0;1;616;9;18.0;1;1457;9;15.6;1;16.0;1;4.0;1;;;;;0;9;12.5;1;;;17.0;1;260;9;2155;9;25.0;1;230;1;23;9;;;;;;;23.4;1;230;1;23;9;;;0;1
75107005;TOUR EIFFEL;48.858333;2.294500;330;20250916;;;10.7;1;521;9;16.0;1;1821;9;13.8;1;13.4;1;5.3;1;;;;;0;9;8.9;1;;;15.1;1;250;1;26;9;21.1;1;250;1;13;9;;;;;;;19.8;1;250;1;13;9;;;0;1
75107005;TOUR EIFFEL;48.858333;2.294500;330;20250917;;;14.0;1;107;9;21.5;1;1654;9;17.1;1;17.8;1;7.5;1;;;;;0;9;5.5;1;;;9.1;1;230;1;804;9;12.2;1;240;1;804;9;;;;;;;11.7;1;240;1;804;9;;;0;1
75107005;TOUR EIFFEL;48.858333;2.294500;330;20250918;;;14.8;1;757;9;24.5;1;1604;9;19.4;1;19.7;1;9.7;1;;;;;0;9;2.9;1;;;6.6;1;260;1;214;9;7.1;1;270;1;140;9;;;;;;;7.0;1;270;1;140;9;;;0;1
75107005;TOUR EIFFEL;48.858333;2.294500;330;20250919;;;19.6;1;845;9;29.5;1;1603;9;24.2;1;24.6;1;9.9;1;;;;;0;9;6.8;1;;;12.3;1;230;9;2328;9;16.5;1;230;9;2343;9;;;;;;;14.8;1;230;1;2324;9;;;0;1
75107005;TOUR EIFFEL;48.858333;2.294500;330;20250920;;;17.3;1;1243;9;21.9;1;601;9;19.5;1;19.6;1;4.6;1;;;;;0;9;9.2;1;;;14.2;1;180;1;1305;9;18.4;1;250;9;2306;9;;;;;;;17.9;1;250;1;2306;9;;;0;1
75107005;TOUR EIFFEL;48.858333;2.294500;330;20250921;;;12.0;1;642;9;16.2;1;1502;9;13.0;1;14.1;1;4.2;1;;;;;0;9;6.1;1;;;13.2;1;40;9;2358;9;17.6;1;40;9;2112;9;;;;;;;15.4;1;40;1;2345;9;;;0;1
75107005;TOUR EIFFEL;48.858333;2.294500;330;20250922;;;8.7;1;531;9;13.7;1;1541;9;11.1;1;11.2;1;5.0;1;;;;;0;9;10.5;1;;;14.0;1;40;1;637;9;18.7;1;50;1;506;9;;;;;;;17.3;1;40;1;635;9;;;0;1
75107005;TOUR EIFFEL;48.858333;2.294500;330;20250923;;;8.4;1;522;9;12.6;1;1528;9;9.9;1;10.5;1;4.2;1;;;;;0;9;9.9;1;;;12.8;1;10;1;704;9;16.5;1;30;1;751;9;;;;;;;16.2;1;30;1;751;9;;;0;1
75107005;TOUR EIFFEL;48.858333;2.294500;330;20250924;;;7.9;1;945;9;9.6;1;256;9;8.5;1;8.8;1;1.7;1;;;;;0;9;9.3;1;;;13.7;1;40;1;306;9;18.5;1;40;1;258;9;;;;;;;16.7;1;40;1;300;9;;;0;1
75107005;TOUR EIFFEL;48.858333;2.294500;330;20250925;;;8.0;1;655;9;9.9;1;1425;9;9.1;1;9.0;1;1.9;1;;;;;;;4.8;1;;;;;;;;;11.5;1;50;1;1;9;;;;;;;11.0;1;50;1;1;9;;;0;1
75107005;TOUR EIFFEL;48.858333;2.294500;330;20250926;;;7.5;1;436;9;12.3;1;1334;9;9.8;1;9.9;1;4.8;1;;;;;0;9;2.5;1;;;6.0;1;40;9;2114;9;7.1;1;50;9;2111;9;;;;;;;6.8;1;50;1;2108;9;;;0;1
75107005;TOUR EIFFEL;48.858333;2.294500;330;20250927;;;9.4;1;552;9;14.4;1;1432;9;11.1;1;11.9;1;5.0;1;;;;;0;9;4.1;1;;;11.6;1;140;9;2249;9;13.3;1;140;9;2250;9;;;;;;;12.9;1;140;1;2250;9;;;0;1
75107005;TOUR EIFFEL;48.858333;2.294500;330;20250928;;;10.8;1;32;9;18.9;1;1443;9;14.1;1;14.9;1;8.1;1;;;;;0;9;4.3;1;;;8.2;1;150;1;1;9;9.3;1;140;1;37;9;;;;;;;9.1;1;140;1;37;9;;;0;1
75107005;TOUR EIFFEL;48.858333;2.294500;330;20250929;;;11.9;1;833;9;17.4;1;1511;9;14.6;1;14.7;1;5.5;1;;;;;0;9;5.2;1;;;10.4;1;50;9;2128;9;12.6;1;40;9;2110;9;;;;;;;12.0;1;40;1;2120;9;;;0;1
75107005;TOUR EIFFEL;48.858333;2.294500;330;20250930;;;10.3;1;504;9;16.1;1;1415;9;13.2;1;13.2;1;5.8;1;;;;;0;9;5.7;1;;;10.0;1;40;9;2319;9;11.0;1;40;9;2313;9;;;;;;;10.9;1;40;1;2313;9;;;0;1
75107005;TOUR EIFFEL;48.858333;2.294500;330;20251001;;;10.7;1;513;9;17.0;1;1326;9;14.3;1;13.9;1;6.3;1;;;;;0;9;3.9;1;;;8.9;1;50;1;25;9;10.7;1;50;1;21;9;;;;;;;10.3;1;50;1;21;9;;;0;1
75107005;TOUR EIFFEL;48.858333;2.294500;330;20251002;;;11.4;1;502;9;17.1;1;1332;9;13.8;1;14.3;1;5.7;1;;;;;0;9;5.2;1;;;10.4;1;160;9;2314;9;12.1;1;140;9;2158;9;;;;;;;11.2;1;160;1;2310;9;;;0;1
75107005;TOUR EIFFEL;48.858333;2.294500;330;20251003;;;11.6;1;727;9;16.9;1;341;9;13.6;1;14.3;1;5.3;1;;;;;0;9;9.1;1;;;14.0;1;220;9;2334;9;23.0;1;230;9;2321;9;;;;;;;21.3;1;230;1;2325;9;;;0;1
75107005;TOUR EIFFEL;48.858333;2.294500;330;20251004;;;8.4;1;1538;9;16.4;1;601;9;12.6;1;12.4;1;8.0;1;;;;;0;9;15.7;1;;;21.6;1;290;1;638;9;30.0;1;270;1;1641;9;;;;;;;29.0;1;270;1;1641;9;;;0;1
75107005;TOUR EIFFEL;48.858333;2.294500;330;20251005;;;8.8;1;524;9;14.1;1;1306;9;11.3;1;11.5;1;5.3;1;;;;;0;9;12.2;1;;;19.0;1;260;1;48;9;24.0;1;270;1;48;9;;;;;;;23.4;1;270;1;42;9;;;0;1
75107005;TOUR EIFFEL;48.858333;2.294500;330;20251006;;;10.0;1;516;9;14.1;1;1448;9;12.1;1;12.1;1;4.1;1;;;;;0;1;4.9;1;;;;;;;;;14.3;1;280;1;4;9;;;;;;;13.9;1;280;1;4;9;;;0;1
75107005;TOUR EIFFEL;48.858333;2.294500;330;20251007;;;11.2;1;639;9;18.8;1;1439;1;14.4;1;15.0;1;7.6;1;;;;;0;1;2.5;1;;;4.7;1;140;1;439;1;6.7;1;140;1;1933;9;;;;;;;6.3;1;140;1;1933;9;;;0;1
75107005;TOUR EIFFEL;48.858333;2.294500;330;20251008;;;10.4;1;740;1;14.2;1;1442;9;12.6;1;12.3;1;3.8;1;;;;;0;9;3.4;1;;;7.6;1;10;9;2153;9;9.1;1;30;9;2251;9;;;;;;;8.8;1;30;1;2251;9;;;0;1
75107005;TOUR EIFFEL;48.858333;2.294500;330;20251009;;;11.7;1;543;9;16.0;1;1450;9;13.8;1;13.9;1;4.3;1;;;;;0;9;3.7;1;;;6.6;1;20;1;1;9;8.4;1;30;1;2;9;;;;;;;7.9;1;30;1;2;9;;;0;1
75107005;TOUR EIFFEL;48.858333;2.294500;330;20251010;;;9.8;1;543;9;11.7;1;1359;9;10.9;1;10.8;1;1.9;1;;;;;0;9;4.7;1;;;8.6;1;60;1;723;9;10.0;1;60;1;717;9;;;;;;;9.7;1;60;1;717;9;;;0;1
75107005;TOUR EIFFEL;48.858333;2.294500;330;20251011;;;9.6;1;51;9;15.6;1;1554;9;12.3;1;12.6;1;6.0;1;;;;;0;9;6.3;1;;;10.5;1;40;1;1844;9;11.7;1;50;1;1845;9;;;;;;;11.5;1;50;1;1845;9;;;0;1
75107005;TOUR EIFFEL;48.858333;2.294500;330;20251012;;;10.1;1;623;9;15.3;1;1456;9;12.5;1;12.7;1;5.2;1;;;;;0;9;8.2;1;;;11.8;1;70;9;2012;9;12.8;1;70;9;2004;9;;;;;;;12.6;1;70;1;2008;9;;;0;1
75107005;TOUR EIFFEL;48.858333;2.294500;330;20251013;;;10.3;1;106;9;14.0;1;1556;9;12.2;1;12.2;1;3.7;1;;;;;0;9;9.5;1;;;13.3;1;70;1;643;9;14.7;1;60;1;412;9;;;;;;;14.4;1;60;1;412;9;;;0;1
75107005;TOUR EIFFEL;48.858333;2.294500;330;20251014;;;10.8;1;607;9;14.3;1;1353;9;12.0;1;12.6;1;3.5;1;;;;;0;9;7.7;1;;;10.9;1;70;1;1;9;15.2;1;40;9;2011;9;;;;;;;14.7;1;40;1;2011;9;;;0;1
75107005;TOUR EIFFEL;48.858333;2.294500;330;20251015;;;10.2;1;106;9;12.7;1;1423;9;11.5;1;11.5;1;2.5;1;;;;;0;9;7.2;1;;;9.9;1;60;1;121;9;11.5;1;50;1;157;9;;;;;;;10.8;1;50;1;133;9;;;0;1
75107005;TOUR EIFFEL;48.858333;2.294500;330;20251016;;;9.3;1;332;9;12.3;1;1644;9;11.3;1;10.8;1;3.0;1;;;;;;;7.8;1;;;11.9;1;60;1;522;1;14.2;1;60;1;513;9;;;;;;;13.0;1;60;1;518;9;;;0;1
75107005;TOUR EIFFEL;48.858333;2.294500;330;20251017;;;9.7;1;711;9;14.2;1;1528;9;11.9;1;12.0;1;4.5;1;;;;;;;8.2;1;;;12.6;1;100;1;2353;1;13.7;1;90;9;2323;9;;;;;;;13.4;1;90;1;2354;9;;;0;1
75107005;TOUR EIFFEL;48.858333;2.294500;330;20251018;;;9.6;1;547;9;13.7;1;1408;9;11.8;1;11.7;1;4.1;1;;;;;0;9;9.9;1;;;14.0;1;110;1;714;9;15.8;1;110;1;736;9;;;;;;;15.3;1;110;1;739;9;;;0;1
75107005;TOUR EIFFEL;48.858333;2.294500;330;20251019;;;9.2;1;634;9;14.8;1;2145;9;12.3;1;12.0;1;5.6;1;;;;;0;9;11.2;1;;;17.3;1;180;1;1828;9;21.1;1;190;9;2035;9;;;;;;;20.5;1;190;1;2035;9;;;0;1
75107005;TOUR EIFFEL;48.858333;2.294500;330;20251020;;;12.0;1;629;9;15.6;1;1215;9;13.4;1;13.8;1;3.6;1;;;;;0;9;10.6;1;;;15.2;1;230;9;2254;9;24.9;1;230;9;2108;9;;;;;;;23.0;1;230;1;2108;9;;;0;1
75107005;TOUR EIFFEL;48.858333;2.294500;330;20251021;;;10.3;1;532;9;15.2;1;1402;9;12.6;1;12.8;1;4.9;1;;;;;0;9;8.9;1;;;14.6;1;230;1;31;9;21.8;1;240;1;27;9;;;;;;;20.3;1;240;1;49;9;;;0;1
75107005;TOUR EIFFEL;48.858333;2.294500;330;20251022;;;11.3;1;553;9;16.7;1;1254;9;13.5;1;14.0;1;5.4;1;;;;;0;9;7.2;1;;;19.7;1;200;9;2303;9;32.5;1;190;9;2315;9;;;;;;;31.2;1;200;1;2244;9;;;0;1
75107005;TOUR EIFFEL;48.858333;2.294500;330;20251023;;;8.4;1;1034;9;11.9;1;1439;9;9.9;1;10.2;1;3.5;1;;;;;0;9;16.8;1;;;23.5;1;270;1;1219;9;34.5;1;260;1;1238;9;;;;;;;33.5;1;260;1;1238;9;;;0;1
75107005;TOUR EIFFEL;48.858333;2.294500;330;20251024;;;5.2;1;515;9;11.2;1;1532;9;8.2;1;8.2;1;6.0;1;;;;;0;9;12.7;1;;;17.7;1;250;1;613;9;23.6;1;240;9;2309;9;;;;;;;21.5;1;240;1;2257;9;;;0;1
75107005;TOUR EIFFEL;48.858333;2.294500;330;20251025;;;8.0;1;45;9;11.8;1;1423;9;9.1;1;9.9;1;3.8;1;;;;;0;9;11.3;1;;;16.2;1;230;1;1;9;23.6;1;250;1;447;9;;;;;;;22.0;1;250;1;447;9;;;0;1
75107005;TOUR EIFFEL;48.858333;2.294500;330;20251026;;;5.4;1;446;9;10.1;1;546;9;7.4;1;7.8;1;4.7;1;;;;;0;9;12.0;1;;;17.1;1;270;1;237;9;22.6;1;240;9;2338;9;;;;;;;21.4;1;240;1;2255;9;;;0;1
75107005;TOUR EIFFEL;48.858333;2.294500;330;20251027;;;7.0;1;2255;9;12.7;1;1344;1;10.6;1;9.9;1;5.7;1;;;;;0;1;14.1;1;;;18.9;1;260;1;417;1;27.4;1;240;1;16;9;;;;;;;25.7;9;240;1;16;9;;;0;1
75107005;TOUR EIFFEL;48.858333;2.294500;330;20251028;;;9.4;1;2327;1;12.8;1;1605;9;11.4;1;11.1;1;3.4;1;;;;;0;1;9.6;1;;;14.4;1;240;1;635;1;20.7;1;240;1;633;1;;;;;;;19.0;1;;;634;1;;;0;
75107005;TOUR EIFFEL;48.858333;2.294500;330;20251029;;;10.0;1;605;9;13.0;1;1434;9;11.0;1;11.5;1;3.0;1;;;;;0;9;8.6;1;;;14.7;1;270;9;2213;9;18.2;1;270;9;2213;9;;;;;;;17.4;1;270;1;2213;9;;;0;1
75107005;TOUR EIFFEL;48.858333;2.294500;330;20251030;;;8.4;1;503;9;12.0;1;2039;9;10.1;1;10.2;1;3.6;1;;;;;0;9;7.6;1;;;14.3;1;180;9;2305;9;15.2;1;180;9;2300;9;;;;;;;14.9;1;180;1;2300;9;;;0;1
75107005;TOUR EIFFEL;48.858333;2.294500;330;20251031;;;8.1;1;202;9;15.3;1;1520;9;12.2;1;11.7;1;7.2;1;;;;;0;9;11.4;1;;;16.2;1;200;9;2134;9;22.0;1;200;9;2241;9;;;;;;;20.9;1;200;1;2147;9;;;0;1
75107005;TOUR EIFFEL;48.858333;2.294500;330;20251101;;;11.3;1;1126;9;14.7;1;820;9;12.4;1;13.0;1;3.4;1;;;;;0;9;10.4;1;;;15.6;1;240;1;857;9;24.3;1;200;1;414;9;;;;;;;22.9;1;200;1;414;9;;;0;1
75107005;TOUR EIFFEL;48.858333;2.294500;330;20251102;;;9.0;1;717;9;10.9;1;1254;9;10.0;1;10.0;1;1.9;1;;;;;0;9;10.9;1;;;16.7;1;260;1;1313;9;21.6;1;260;1;1321;9;;;;;;;20.6;1;260;1;1321;9;;;0;1
75107005;TOUR EIFFEL;48.858333;2.294500;330;20251103;;;6.9;1;544;9;13.1;1;1454;9;10.8;1;10.0;1;6.2;1;;;;;0;9;8.6;1;;;14.5;1;260;1;1;9;17.6;1;200;9;2039;9;;;;;;;15.7;1;200;1;1755;9;;;0;1
75107005;TOUR EIFFEL;48.858333;2.294500;330;20251104;;;8.7;1;830;9;15.7;1;1532;9;12.5;1;12.2;1;7.0;1;;;;;0;9;9.9;1;;;17.0;1;180;1;1814;9;19.3;1;200;9;2140;9;;;;;;;17.7;1;180;1;1808;9;;;0;1
75107005;TOUR EIFFEL;48.858333;2.294500;330;20251105;;;10.4;1;624;9;16.1;1;1409;9;13.5;1;13.3;1;5.7;1;;;;;0;9;10.9;1;;;15.5;1;180;1;737;9;19.1;1;140;1;1542;9;;;;;;;17.8;1;140;1;1553;9;;;0;1
75107005;TOUR EIFFEL;48.858333;2.294500;330;20251106;;;12.8;1;411;9;14.3;1;601;9;13.2;1;13.6;1;1.5;1;;;;;0;9;5.6;1;;;11.5;1;180;1;27;9;12.9;1;180;1;4;9;;;;;;;12.5;1;180;1;25;9;;;0;1
75107005;TOUR EIFFEL;48.858333;2.294500;330;20251107;;;8.9;1;717;9;12.2;1;2138;9;11.2;1;10.6;1;3.3;1;;;;;0;9;7.9;1;;;12.1;1;180;1;344;9;14.0;1;200;9;2218;9;;;;;;;13.4;1;200;1;2218;9;;;0;1
75107005;TOUR EIFFEL;48.858333;2.294500;330;20251108;;;10.2;1;545;9;12.2;1;1809;9;11.1;1;11.2;1;2.0;1;;;;;0;9;5.4;1;;;9.5;1;300;9;2017;9;10.6;1;300;9;2010;9;;;;;;;10.3;1;300;1;2011;9;;;0;1
75107005;TOUR EIFFEL;48.858333;2.294500;330;20251109;;;7.4;1;523;9;11.2;1;1254;9;9.2;1;9.3;1;3.8;1;;;;;0;9;4.9;1;;;8.7;1;310;1;55;9;11.5;1;190;9;2217;9;;;;;;;11.4;1;190;1;2217;9;;;0;1
75107005;TOUR EIFFEL;48.858333;2.294500;330;20251110;;;6.5;1;333;9;10.8;1;1954;9;8.7;1;8.7;1;4.3;1;;;;;0;9;10.0;1;;;12.9;1;230;9;2017;9;16.9;1;200;1;1706;9;;;;;;;15.9;1;200;1;1648;9;;;0;1
75107005;TOUR EIFFEL;48.858333;2.294500;330;20251111;;;8.2;1;353;9;14.2;1;1830;9;11.0;1;11.2;1;6.0;1;;;;;0;9;11.2;1;;;20.4;1;180;9;2059;9;21.2;1;180;9;2043;9;;;;;;;20.9;1;180;1;2043;9;;;0;1
75107005;TOUR EIFFEL;48.858333;2.294500;330;20251112;;;9.8;1;845;9;16.0;1;2307;9;13.0;1;12.9;1;6.2;1;;;;;0;9;12.7;1;;;18.7;1;180;1;1940;9;20.7;1;190;9;2333;9;;;;;;;19.7;1;190;1;2353;9;;;0;1
75107005;TOUR EIFFEL;48.858333;2.294500;330;20251113;;;13.1;1;750;9;17.3;1;1712;9;15.7;1;15.2;1;4.2;1;;;;;0;9;10.8;1;;;15.2;1;170;9;1931;9;20.3;1;200;1;45;9;;;;;;;18.9;1;200;1;38;9;;;0;1
75107005;TOUR EIFFEL;48.858333;2.294500;330;20251114;;;14.6;1;534;9;17.8;1;1348;9;15.8;1;16.2;1;3.2;1;;;;;0;9;12.6;1;;;17.7;1;180;1;201;9;19.2;1;180;1;1001;9;;;;;;;18.8;1;180;1;158;9;;;0;1
75107005;TOUR EIFFEL;48.858333;2.294500;330;20251115;;;10.7;1;1606;9;13.4;1;1127;9;11.6;1;12.1;1;2.7;1;;;;;0;9;4.6;1;;;9.5;1;180;1;6;9;11.9;1;180;1;24;9;;;;;;;11.4;1;180;1;5;9;;;0;1
75107005;TOUR EIFFEL;48.858333;2.294500;330;20251116;;;8.0;1;823;9;11.5;1;601;9;9.1;1;9.8;1;3.5;1;;;;;0;9;5.2;1;;;9.9;1;10;9;2209;9;12.8;1;360;9;2208;9;;;;;;;12.4;1;360;1;2205;9;;;0;1
75107005;TOUR EIFFEL;48.858333;2.294500;330;20251117;;;4.4;1;609;9;7.0;1;1314;9;5.2;1;5.7;1;2.6;1;;;;;0;9;8.7;1;;;12.4;1;350;1;1327;9;16.0;1;350;1;1411;9;;;;;;;15.5;1;350;1;1411;9;;;0;1
75107005;TOUR EIFFEL;48.858333;2.294500;330;20251118;;;2.5;1;701;9;7.1;1;1458;9;4.7;1;4.8;1;4.6;1;;;;;0;9;5.7;1;;;13.7;1;230;9;2357;9;19.5;1;240;9;2336;9;;;;;;;18.1;1;240;1;2336;9;;;0;1
75107005;TOUR EIFFEL;48.858333;2.294500;330;20251119;;;2.1;1;1737;9;5.3;1;1104;9;3.6;1;3.7;1;3.2;1;;;;;0;9;12.7;1;;;22.6;1;310;1;1717;9;32.1;1;310;1;1716;9;;;;;;;29.5;1;310;1;1716;9;;;0;1
75107005;TOUR EIFFEL;48.858333;2.294500;330;20251120;;;0.2;1;816;9;3.3;1;1408;9;1.7;1;1.8;1;3.1;1;;;;;0;9;7.7;1;;;11.9;1;300;1;242;9;14.6;1;310;1;52;9;;;;;;;13.8;1;310;1;15;9;;;0;1
75107005;TOUR EIFFEL;48.858333;2.294500;330;20251121;;;-0.5;1;408;9;1.4;1;1635;9;0.7;1;0.5;1;1.9;1;;;;;74;9;6.9;1;;;9.9;1;300;1;159;9;13.4;1;330;1;813;9;;;;;;;11.6;1;300;1;151;9;;;0;1
75107005;TOUR EIFFEL;48.858333;2.294500;330;20251122;;;-2.4;1;1750;9;0.5;1;1008;9;-1.1;1;-1.0;1;2.9;1;;;;;1326;9;6.7;1;;;14.0;1;180;9;2354;9;17.8;1;180;9;2355;9;;;;;;;16.1;1;180;1;2354;9;;;0;1
75107005;TOUR EIFFEL;48.858333;2.294500;330;20251123;;;-2.5;1;1803;9;8.7;1;2051;9;3.4;1;3.1;1;11.2;1;;;;;496;9;11.8;1;;;;;;;;;;1;;1;;1;;;;;;;;;;;;;;;;
75107005;TOUR EIFFEL;48.858333;2.294500;330;20251124;;;5.4;1;751;9;8.5;1;1409;9;6.1;1;7.0;1;3.1;1;;;;;0;9;10.4;1;;;16.5;1;260;1;1610;9;19.5;1;260;1;1603;9;;;;;;;19.0;1;260;1;1603;9;;;0;1
75107005;TOUR EIFFEL;48.858333;2.294500;330;20251125;;;4.3;1;241;9;5.9;1;1403;9;4.7;1;5.1;1;1.6;1;;;;;0;9;13.3;1;;;15.7;1;340;9;2051;9;21.8;1;310;1;955;9;;;;;;;19.8;1;310;1;955;9;;;0;1
75107005;TOUR EIFFEL;48.858333;2.294500;330;20251126;;;3.1;1;315;9;6.1;1;2219;9;4.8;1;4.6;1;3.0;1;;;;;0;9;8.1;1;;;15.2;1;330;1;427;9;16.5;1;330;1;448;9;;;;;;;16.1;1;330;1;435;9;;;0;1
75107005;TOUR EIFFEL;48.858333;2.294500;330;20251127;;;3.3;1;839;9;7.2;1;2204;9;5.2;1;5.3;1;3.9;1;;;;;0;9;7.2;1;;;11.5;1;230;1;607;9;17.3;1;230;1;552;9;;;;;;;15.5;1;230;1;916;9;;;0;1
75107005;TOUR EIFFEL;48.858333;2.294500;330;20251128;;;5.8;1;1801;9;10.3;1;2106;9;7.9;1;8.1;1;4.5;1;;;;;0;9;7.0;1;;;10.7;1;240;1;1705;9;14.9;1;200;1;1143;9;;;;;;;13.7;1;200;1;1143;9;;;0;1
75107005;TOUR EIFFEL;48.858333;2.294500;330;20251129;;;7.1;1;220;9;9.7;1;1323;9;8.4;1;8.4;1;2.6;1;;;;;0;9;9.0;1;;;14.8;1;200;1;1636;9;20.7;1;200;1;1630;9;;;;;;;19.5;1;200;1;1630;9;;;0;1
75107005;TOUR EIFFEL;48.858333;2.294500;330;20251130;;;4.8;1;918;9;6.6;1;1837;9;6.0;1;5.7;1;1.8;1;;;;;0;9;7.3;1;;;12.7;1;300;1;901;9;15.0;1;300;1;857;9;;;;;;;14.8;1;300;1;857;9;;;0;1
75107005;TOUR EIFFEL;48.858333;2.294500;330;20251201;;;2.3;1;700;9;6.5;1;417;9;4.8;1;4.4;1;4.2;1;;;;;0;9;11.4;1;;;17.3;1;180;9;2001;9;20.2;1;160;9;2108;9;;;;;;;19.4;1;180;1;1954;9;;;0;1
75107005;TOUR EIFFEL;48.858333;2.294500;330;20251202;;;5.0;1;1804;9;7.9;1;1213;9;6.8;1;6.5;1;2.9;1;;;;;0;9;7.5;1;;;13.0;1;190;1;356;9;22.6;1;200;1;58;9;;;;;;;20.6;1;200;1;58;9;;;0;1
75107005;TOUR EIFFEL;48.858333;2.294500;330;20251203;;;5.8;1;639;9;8.6;1;1206;9;6.7;1;7.2;1;2.8;1;;;;;0;9;4.6;1;;;10.0;1;190;9;2224;9;12.9;1;180;1;2337;9;;;;;;;12.4;1;180;1;2356;9;;;0;1
75107005;TOUR EIFFEL;48.858333;2.294500;330;20251204;;;4.2;1;129;9;7.7;1;1412;9;5.7;1;6.0;1;3.5;1;;;;;0;9;9.5;1;;;15.1;1;170;1;913;9;19.5;1;180;1;915;9;;;;;;;18.7;1;170;1;841;9;;;0;1
75107005;TOUR EIFFEL;48.858333;2.294500;330;20251205;;;2.2;1;1400;9;8.5;1;600;9;4.4;1;5.4;1;6.3;1;;;;;0;9;8.5;1;;;18.7;1;170;9;2247;9;26.0;1;180;9;2305;9;;;;;;;24.7;1;180;1;2305;9;;;0;1
75107005;TOUR EIFFEL;48.858333;2.294500;330;20251206;;;4.2;1;1801;9;10.9;1;1338;9;9.0;1;7.6;1;6.7;1;;;;;0;9;11.4;1;;;15.1;1;190;1;12;9;24.3;1;200;1;7;9;;;;;;;22.5;1;200;1;7;9;;;0;1
75107005;TOUR EIFFEL;48.858333;2.294500;330;20251207;;;8.9;1;130;9;13.3;1;1912;9;11.6;1;11.1;1;4.4;1;;;;;0;9;11.6;1;;;15.7;1;230;1;1056;9;24.8;1;230;1;1810;9;;;;;;;23.2;1;230;1;1810;9;;;0;1
75107005;TOUR EIFFEL;48.858333;2.294500;330;20251208;;;12.3;1;848;9;14.0;1;1437;9;12.9;1;13.2;1;1.7;1;;;;;0;9;10.0;1;;;14.9;1;230;1;1241;9;22.5;1;230;1;1233;9;;;;;;;20.4;1;230;1;1241;9;;;0;1
75107005;TOUR EIFFEL;48.858333;2.294500;330;20251209;;;9.4;1;842;9;13.7;1;1406;9;12.1;1;11.6;1;4.3;1;;;;;0;9;10.0;1;;;15.1;1;200;1;949;9;21.3;1;200;1;949;9;;;;;;;20.5;1;200;1;949;9;;;0;1
75107005;TOUR EIFFEL;48.858333;2.294500;330;20251210;;;10.8;1;721;9;12.2;1;1738;9;11.4;1;11.5;1;1.4;1;;;;;0;9;6.3;1;;;10.0;1;230;1;735;9;13.8;1;230;1;102;9;;;;;;;12.6;1;230;1;129;9;;;0;1
75107005;TOUR EIFFEL;48.858333;2.294500;330;20251211;;;6.0;1;733;9;8.8;1;2331;9;8.4;1;7.4;1;2.8;1;;;;;0;9;6.1;1;;;10.4;1;140;1;1706;9;13.7;1;130;1;1702;9;;;;;;;13.0;1;130;1;1702;9;;;0;1
75107005;TOUR EIFFEL;48.858333;2.294500;330;20251212;;;7.8;1;754;9;9.8;1;1407;9;8.8;1;8.8;1;2.0;1;;;;;0;9;3.8;1;;;8.2;1;190;1;10;9;11.6;1;190;1;3;9;;;;;;;11.4;1;190;1;3;9;;;0;1
75107005;TOUR EIFFEL;48.858333;2.294500;330;20251213;;;7.3;1;806;9;9.0;1;1408;9;7.8;1;8.2;1;1.7;1;;;;;0;9;1.9;1;;;6.2;1;160;9;2358;9;7.4;1;160;9;2350;9;;;;;;;7.3;1;160;1;2350;9;;;0;1
75107005;TOUR EIFFEL;48.858333;2.294500;330;20251214;;;4.7;1;1721;9;7.0;1;656;9;5.4;1;5.9;1;2.3;1;;;;;0;9;4.8;1;;;8.3;1;160;1;1039;9;9.8;1;160;1;1129;9;;;;;;;9.6;1;160;1;1129;9;;;0;1
75107005;TOUR EIFFEL;48.858333;2.294500;330;20251215;;;2.7;1;2319;9;12.0;1;2110;9;7.2;1;7.4;1;9.3;1;;;;;;;12.0;1;;;17.6;1;160;1;2104;1;19.3;1;190;1;902;9;;;;;;;18.8;1;190;1;902;9;;;0;1
75107005;TOUR EIFFEL;48.858333;2.294500;330;20251216;;;9.6;1;1008;9;13.3;1;1430;9;11.2;1;11.5;1;3.7;1;;;;;;;6.2;1;;;14.1;1;180;1;43;1;17.1;1;180;1;323;9;;;;;;;17.0;1;180;1;323;9;;;0;1
75107005;TOUR EIFFEL;48.858333;2.294500;330;20251217;;;6.9;1;1612;9;8.4;1;1403;9;7.4;1;7.7;1;1.5;1;;;;;;;5.4;1;;;11.6;1;200;1;2131;1;15.9;1;200;1;2114;9;;;;;;;15.7;1;200;1;2114;9;;;0;1
75107005;TOUR EIFFEL;48.858333;2.294500;330;20251218;;;5.4;1;2349;9;13.5;1;1522;9;10.2;1;9.5;1;8.1;1;;;;;0;9;12.2;1;;;17.0;1;180;1;1516;9;25.8;1;200;1;1958;9;;;;;;;23.8;1;200;1;1958;9;;;0;1
75107005;TOUR EIFFEL;48.858333;2.294500;330;20251219;;;8.5;1;1018;9;10.1;1;603;9;9.1;1;9.3;1;1.6;1;;;;;0;9;5.1;1;;;13.5;1;200;1;3;9;20.7;1;200;1;110;9;;;;;;;19.6;1;200;1;110;9;;;0;1
75107005;TOUR EIFFEL;48.858333;2.294500;330;20251220;;;6.6;1;621;9;9.3;1;453;9;7.9;1;8.0;1;2.7;1;;;;;0;9;6.1;1;;;11.9;1;180;9;2245;9;12.9;1;170;9;2037;9;;;;;;;12.7;1;170;1;2051;9;;;0;1
75107005;TOUR EIFFEL;48.858333;2.294500;330;20251221;;;8.4;1;26;9;11.6;1;2134;9;9.5;1;10.0;1;3.2;1;;;;;0;9;11.9;1;;;20.0;1;130;9;2136;9;24.5;1;130;9;2133;9;;;;;;;23.4;1;130;1;2133;9;;;0;1
75107005;TOUR EIFFEL;48.858333;2.294500;330;20251222;;;7.4;1;710;9;10.2;1;1654;9;8.5;1;8.8;1;2.8;1;;;;;0;9;6.4;1;;;13.6;1;160;1;249;9;20.3;1;140;1;17;9;;;;;;;19.1;1;140;1;17;9;;;0;1
75107005;TOUR EIFFEL;48.858333;2.294500;330;20251223;;;1.0;1;1134;9;4.3;1;601;9;3.1;1;2.7;1;3.3;1;;;;;0;9;6.2;1;;;11.9;1;60;9;2152;9;15.0;1;50;9;2034;9;;;;;;;14.2;1;60;1;2150;9;;;0;1
75107005;TOUR EIFFEL;48.858333;2.294500;330;20251224;;;-0.9;1;1758;9;3.6;1;629;9;0.8;1;1.4;1;4.5;1;;;;;464;9;12.4;1;;;16.3;1;30;1;1820;9;21.8;1;50;1;819;9;;;;;;;20.4;1;50;1;819;9;;;0;1
75107005;TOUR EIFFEL;48.858333;2.294500;330;20251225;;;-3.1;1;243;9;-0.4;1;1343;9;-1.9;1;-1.8;1;2.7;1;;;;;1440;9;8.9;1;;;15.0;1;60;1;226;9;21.8;1;60;1;202;9;;;;;;;19.9;1;60;1;202;9;;;0;1
75107005;TOUR EIFFEL;48.858333;2.294500;330;20251226;;;-3.1;1;30;9;1.7;1;2332;9;-0.5;1;-0.7;1;4.8;1;;;;;753;9;8.0;1;;;12.4;1;70;1;104;9;14.2;1;70;1;110;9;;;;;;;13.7;1;70;1;110;9;;;0;1
75107005;TOUR EIFFEL;48.858333;2.294500;330;20251227;;;-0.5;1;901;9;5.3;1;42;9;1.2;1;2.4;1;5.8;1;;;;;320;9;7.9;1;;;11.9;1;70;1;246;9;13.4;1;70;1;244;9;;;;;;;13.2;1;70;1;244;9;;;0;1
75107005;TOUR EIFFEL;48.858333;2.294500;330;20251228;;;-1.7;1;333;9;1.8;1;33;9;-0.1;1;0.1;1;3.5;1;;;;;957;9;7.4;1;;;12.3;1;40;1;300;9;15.3;1;40;1;249;9;;;;;;;14.4;1;40;1;251;9;;;0;1
75107005;TOUR EIFFEL;48.858333;2.294500;330;20251229;;;-1.8;1;1557;9;1.7;1;415;9;0.1;1;-0.1;1;3.5;1;;;;;574;9;7.6;1;;;12.0;1;50;9;2107;9;16.6;1;40;9;2100;9;;;;;;;15.0;1;50;1;2139;9;;;0;1
75107005;TOUR EIFFEL;48.858333;2.294500;330;20251230;;;-1.1;1;1801;9;2.8;1;1511;9;1.7;1;0.9;1;3.9;1;;;;;0;9;8.7;1;;;13.4;1;40;1;1905;9;16.4;1;40;1;1842;9;;;;;;;14.7;1;40;1;1813;9;;;0;1
75107005;TOUR EIFFEL;48.858333;2.294500;330;20251231;;;0.1;1;701;9;3.3;1;2353;9;1.6;1;1.7;1;3.2;1;;;;;0;9;3.9;1;;;10.6;1;50;1;7;9;12.4;1;50;1;2;9;;;;;;;11.7;1;50;1;43;9;;;0;1
75107005;TOUR EIFFEL;48.858333;2.294500;330;20260101;;;0.8;1;740;9;2.3;1;1413;9;1.5;1;1.6;1;1.5;1;;;;;0;9;9.0;1;;;13.9;1;250;9;1945;9;19.1;1;260;9;2030;9;;;;;;;18.7;1;260;1;2030;9;;;0;1
75107005;TOUR EIFFEL;48.858333;2.294500;330;20260102;;;-0.1;1;1241;9;3.1;1;1201;9;1.4;1;1.5;1;3.2;1;;;;;32;9;10.7;1;;;16.3;1;260;1;1200;1;21.9;1;260;1;1200;9;;;;;;;20.6;1;260;1;1159;1;;;0;0
75107005;TOUR EIFFEL;48.858333;2.294500;330;20260103;;;-1.8;1;703;9;1.3;1;1248;9;0.4;1;-0.3;1;3.1;1;;;;;295;9;9.8;1;;;16.0;1;270;1;528;9;18.3;1;280;1;758;9;;;;;;;17.4;1;280;1;758;9;;;0;1
75107005;TOUR EIFFEL;48.858333;2.294500;330;20260104;;;-1.0;1;320;9;1.1;1;1827;9;0.3;1;0.1;1;2.1;1;;;;;581;9;4.7;1;;;7.3;1;300;1;338;9;8.9;1;300;1;1330;9;;;;;;;8.7;1;300;1;1330;9;;;0;1
75107005;TOUR EIFFEL;48.858333;2.294500;330;20260105;;1;-4.7;1;618;9;0.1;1;2228;9;-2.3;1;-2.3;1;4.8;1;;;;;1332;9;5.6;1;;;10.0;1;250;1;527;9;11.6;1;240;1;519;9;;;;;;;11.0;1;240;1;519;9;;1;0;1
75107005;TOUR EIFFEL;48.858333;2.294500;330;20260106;;;-2.5;1;2152;9;1.0;1;1512;9;-0.6;1;-0.8;1;3.5;1;;;;;1032;9;6.9;1;;;12.1;1;340;1;311;9;13.1;1;200;9;2310;9;;;;;;;12.5;1;340;1;310;9;;;0;1
75107005;TOUR EIFFEL;48.858333;2.294500;330;20260107;;;-3.7;1;141;9;5.2;1;557;9;-0.6;1;0.8;1;8.9;1;;;;;815;9;10.2;1;;;20.8;1;190;1;659;1;33.3;1;210;1;658;9;;;;;;;30.4;1;210;1;627;1;;;;0
75107005;TOUR EIFFEL;48.858333;2.294500;330;20260108;;;0.9;1;2000;9;8.9;1;2128;9;6.0;1;4.9;1;8.0;1;;;;;0;9;12.3;1;;;21.1;1;200;9;1950;9;37.7;1;240;9;2335;9;;;;;;;31.9;1;240;1;2335;9;;;0;1
75107005;TOUR EIFFEL;48.858333;2.294500;330;20260109;;;2.9;1;1741;9;5.7;1;613;9;4.4;1;4.3;1;2.8;1;;;;;0;9;18.1;1;;;25.0;1;240;1;338;9;41.0;1;240;1;207;9;;;;;;;37.1;1;240;1;207;9;;;0;1
75107005;TOUR EIFFEL;48.858333;2.294500;330;20260110;;;1.4;1;1033;9;2.3;1;1440;9;1.8;1;1.9;1;0.9;1;;;;;0;9;11.7;1;;;16.3;1;300;1;342;9;23.6;1;310;1;334;9;;;;;;;22.6;1;310;1;334;9;;;0;1
75107005;TOUR EIFFEL;48.858333;2.294500;330;20260111;;;-0.1;1;530;9;6.8;1;600;9;1.4;1;3.4;1;6.9;1;;;;;33;9;8.6;1;;;17.9;1;180;9;2158;9;22.2;1;180;9;2219;9;;;;;;;21.0;1;180;1;2155;9;;;0;1
75107005;TOUR EIFFEL;48.858333;2.294500;330;20260112;;;2.0;1;1801;9;10.1;1;1815;9;7.9;1;6.1;1;8.1;1;;;;;0;9;11.0;1;;;14.4;1;200;1;357;9;26.5;1;210;1;357;9;;;;;;;24.4;1;230;1;914;9;;;0;1
75107005;TOUR EIFFEL;48.858333;2.294500;330;20260113;;;7.4;1;703;9;12.0;1;2140;9;9.4;1;9.7;1;4.6;1;;;;;0;9;8.9;1;;;14.9;1;230;9;2133;9;17.8;1;240;1;2134;9;;;;;;;16.8;1;240;1;2134;9;;;0;1
75107005;TOUR EIFFEL;48.858333;2.294500;330;20260114;;;8.0;1;416;9;11.5;1;1410;9;9.6;1;9.8;1;3.5;1;;;;;0;9;6.4;1;;;11.0;1;200;9;0;9;17.8;1;200;9;2309;9;;;;;;;17.4;1;200;1;0;9;;;0;1
75107005;TOUR EIFFEL;48.858333;2.294500;330;20260115;;;6.5;1;735;9;11.5;1;1522;9;8.9;1;9.0;1;5.0;1;;;;;0;9;11.4;1;;;17.2;1;200;9;2157;9;27.2;1;200;9;2005;9;;;;;;;25.8;1;200;1;2005;9;;;0;1
75107005;TOUR EIFFEL;48.858333;2.294500;330;20260116;;;6.6;1;827;9;9.2;1;1343;9;7.9;1;7.9;1;2.6;1;;;;;0;9;5.9;1;;;9.1;1;200;1;816;9;16.5;1;200;1;37;9;;;;;;;15.5;1;200;1;37;9;;;0;1
75107005;TOUR EIFFEL;48.858333;2.294500;330;20260117;;;6.6;1;330;9;11.7;1;552;9;8.6;1;9.2;1;5.1;1;;;;;0;9;5.2;1;;;12.7;1;140;9;2048;9;14.1;1;140;9;2040;9;;;;;;;13.7;1;140;1;2040;9;;;0;1
75107005;TOUR EIFFEL;48.858333;2.294500;330;20260118;;;6.8;1;1028;9;12.0;1;702;9;8.0;1;9.4;1;5.2;1;;;;;0;9;5.3;1;;;10.1;1;160;9;2321;9;11.8;1;140;1;5;9;;;;;;;11.3;1;140;1;7;9;;;0;1
75107005;TOUR EIFFEL;48.858333;2.294500;330;20260119;;;4.5;1;2226;9;10.6;1;1857;9;8.2;1;7.6;1;6.1;1;;;;;0;9;7.9;1;;;13.6;1;180;1;1836;9;16.1;1;200;1;1856;9;;;;;;;15.5;1;200;1;1907;9;;;0;1
75107005;TOUR EIFFEL;48.858333;2.294500;330;20260120;;;5.3;1;903;9;7.9;1;2311;9;6.7;1;6.6;1;2.6;1;;;;;0;9;11.0;1;;;19.1;1;160;1;1842;9;20.8;1;160;9;2210;9;;;;;;;20.3;1;160;1;2210;9;;;0;1
75107005;TOUR EIFFEL;48.858333;2.294500;330;20260121;;;6.3;1;1934;9;11.8;1;1441;9;8.6;1;9.1;1;5.5;1;;;;;0;9;12.4;1;;;17.7;1;180;1;716;9;21.4;1;180;1;729;9;;;;;;;20.7;1;180;1;711;9;;;0;1
75107005;TOUR EIFFEL;48.858333;2.294500;330;20260122;;;6.5;1;350;9;9.0;1;1535;9;7.2;1;7.8;1;2.5;1;;;;;0;9;9.7;1;;;13.2;1;170;1;1;9;16.5;1;180;1;950;9;;;;;;;15.7;1;180;1;950;9;;;0;1
75107005;TOUR EIFFEL;48.858333;2.294500;330;20260123;;;4.2;1;251;9;7.4;1;1451;9;5.1;1;5.8;1;3.2;1;;;;;0;9;11.7;1;;;16.4;1;160;1;553;9;20.4;1;180;1;727;9;;;;;;;19.8;1;180;1;809;9;;;0;1
75107005;TOUR EIFFEL;48.858333;2.294500;330;20260124;;;2.5;1;823;9;8.3;1;1537;9;4.8;1;5.4;1;5.8;1;;;;;0;9;9.2;1;;;14.8;1;170;1;309;9;16.5;1;180;1;432;9;;;;;;;16.1;1;170;1;305;9;;;0;1
75107005;TOUR EIFFEL;48.858333;2.294500;330;20260125;;;3.2;1;358;9;5.9;1;1232;9;4.6;1;4.6;1;2.7;1;;;;;0;9;6.8;1;;;10.4;1;180;1;511;9;14.7;1;180;1;947;9;;;;;;;14.3;1;180;1;947;9;;;0;1
75107005;TOUR EIFFEL;48.858333;2.294500;330;20260126;;;3.2;1;820;9;6.3;1;1512;9;4.5;1;4.8;1;3.1;1;;;;;0;9;5.9;1;;;14.7;1;170;9;2227;9;15.8;1;180;9;2223;9;;;;;;;15.5;1;170;1;2326;9;;;0;1
75107005;TOUR EIFFEL;48.858333;2.294500;330;20260127;;;3.5;1;634;9;7.7;1;1745;9;5.7;1;5.6;1;4.2;1;;;;;0;9;10.3;1;;;14.2;1;180;1;1030;9;19.1;1;180;1;1024;9;;;;;;;18.2;1;180;1;1024;9;;;0;1
75107005;TOUR EIFFEL;48.858333;2.294500;330;20260128;;;4.2;1;722;9;6.5;1;1445;9;5.3;1;5.4;1;2.3;1;;;;;0;9;4.3;1;;;11.1;1;260;1;12;9;12.2;1;260;1;11;9;;;;;;;12.0;1;260;1;11;9;;;0;1
75107005;TOUR EIFFEL;48.858333;2.294500;330;20260129;;;0.1;1;811;9;4.7;1;600;9;2.9;1;2.4;1;4.6;1;;;;;0;9;4.9;1;;;10.2;1;160;9;2315;9;13.9;1;130;1;1917;9;;;;;;;13.3;1;130;1;1944;9;;;0;1
75107005;TOUR EIFFEL;48.858333;2.294500;330;20260130;;;3.0;1;1854;9;8.9;1;1507;9;6.5;1;6.0;1;5.9;1;;;;;0;9;9.2;1;;;17.7;1;180;1;1824;9;27.4;1;190;1;1822;9;;;;;;;24.9;1;190;1;1822;9;;;0;1
75107005;TOUR EIFFEL;48.858333;2.294500;330;20260131;;;4.2;1;730;9;6.4;1;1137;9;5.7;1;5.3;1;2.2;1;;;;;0;9;4.4;1;;;7.8;1;230;1;46;9;11.3;1;230;1;13;9;;;;;;;10.3;1;230;1;11;9;;;0;1
75107005;TOUR EIFFEL;48.858333;2.294500;330;20260201;;;4.5;1;557;9;7.1;1;1428;9;6.1;1;5.8;1;2.6;1;;;;;0;9;7.0;1;;;11.5;1;270;9;2331;9;14.9;1;240;9;2241;9;;;;;;;14.3;1;200;1;2034;9;;;0;1
75107005;TOUR EIFFEL;48.858333;2.294500;330;20260202;;;3.5;1;707;9;7.5;1;2038;9;5.9;1;5.5;1;4.0;1;;;;;0;9;6.8;1;;;18.0;1;120;9;2041;9;20.9;1;130;9;2037;9;;;;;;;20.4;1;130;1;2040;9;;;0;1
75107005;TOUR EIFFEL;48.858333;2.294500;330;20260203;;;6.4;1;2157;9;8.2;1;1619;9;7.0;1;7.3;1;1.8;1;;;;;0;9;9.1;1;;;15.4;1;260;1;925;9;18.1;1;260;1;918;9;;;;;;;17.6;1;260;1;920;9;;;0;1
75107005;TOUR EIFFEL;48.858333;2.294500;330;20260204;;;4.5;1;654;9;10.2;1;1441;9;7.2;1;7.4;1;5.7;1;;;;;0;9;10.9;1;;;16.2;1;130;1;1853;9;20.3;1;140;9;2041;9;;;;;;;18.8;1;140;1;2014;9;;;0;1
75107005;TOUR EIFFEL;48.858333;2.294500;330;20260205;;;6.0;1;424;9;10.1;1;1804;9;7.9;1;8.1;1;4.1;1;;;;;0;9;10.4;1;;;14.6;1;170;1;512;9;18.4;1;140;9;2033;9;;;;;;;16.4;1;140;1;2032;9;;;0;1
75107005;TOUR EIFFEL;48.858333;2.294500;330;20260206;;;7.3;1;41;9;10.7;1;1419;9;8.6;1;9.0;1;3.4;1;;;;;0;9;8.2;1;;;14.1;1;230;1;1851;9;17.8;1;240;1;1838;9;;;;;;;16.3;1;240;1;1850;9;;;0;1
75107005;TOUR EIFFEL;48.858333;2.294500;330;20260207;;;6.1;1;509;9;10.8;1;1601;9;8.4;1;8.5;1;4.7;1;;;;;0;9;9.6;1;;;14.6;1;180;9;2042;9;18.0;1;180;1;829;9;;;;;;;17.2;1;200;1;619;9;;;0;1
75107005;TOUR EIFFEL;48.858333;2.294500;330;20260208;;;6.9;1;259;9;12.3;1;1529;9;8.7;1;9.6;1;5.4;1;;;;;0;9;4.2;1;;;9.1;1;140;9;2311;9;11.1;1;140;9;2307;9;;;;;;;10.7;1;200;1;4;9;;;0;1
75107005;TOUR EIFFEL;48.858333;2.294500;330;20260209;;;3.1;1;507;9;9.0;1;558;9;5.9;1;6.1;1;5.9;1;;;;;0;9;7.6;1;;;15.7;1;160;9;2136;9;20.2;1;160;9;2131;9;;;;;;;19.2;1;160;1;2131;9;;;0;1
75107005;TOUR EIFFEL;48.858333;2.294500;330;20260210;;;6.8;1;2213;9;11.0;1;1925;9;9.2;1;8.9;1;4.2;1;;;;;0;9;9.4;1;;;19.2;1;260;9;2044;9;24.4;1;260;9;2034;9;;;;;;;23.3;1;260;1;2034;9;;;0;1
75107005;TOUR EIFFEL;48.858333;2.294500;330;20260211;;;8.7;1;1752;9;11.2;1;1402;9;9.6;1;10.0;1;2.5;1;;;;;0;9;13.2;1;;;17.0;1;260;1;1101;9;27.8;1;210;9;2125;9;;;;;;;24.2;1;210;1;2126;9;;;0;1
75107005;TOUR EIFFEL;48.858333;2.294500;330;20260212;;;7.2;1;448;9;9.6;1;1302;9;8.1;1;8.4;1;2.4;1;;;;;0;9;14.7;1;;;21.4;1;310;1;418;9;28.2;1;310;1;417;9;;;;;;;26.9;1;310;1;417;9;;;0;1
75107005;TOUR EIFFEL;48.858333;2.294500;330;20260213;;;5.9;1;458;9;7.6;1;1227;9;6.5;1;6.8;1;1.7;1;;;;;0;9;6.7;1;;;13.3;1;240;1;120;9;17.0;1;240;1;116;9;;;;;;;15.6;1;240;1;102;9;;;0;1
75107005;TOUR EIFFEL;48.858333;2.294500;330;20260214;;;-1.5;1;1021;9;1.6;1;1721;9;0.7;1;0.1;1;3.1;1;;;;;521;9;9.0;1;;;15.1;1;10;1;551;9;17.7;1;360;1;550;9;;;;;;;17.4;1;360;1;550;9;;;0;1
75107005;TOUR EIFFEL;48.858333;2.294500;330;20260215;;;-1.4;1;818;9;9.3;1;2027;9;2.5;1;4.0;1;10.7;1;;;;;767;9;12.8;1;;;20.1;1;270;9;2315;9;29.1;1;250;9;2214;9;;;;;;;26.5;1;250;1;2214;9;;;0;1
75107005;TOUR EIFFEL;48.858333;2.294500;330;20260216;;;5.7;1;1245;9;8.5;1;1415;9;6.5;1;7.1;1;2.8;1;;;;;0;9;15.2;1;;;20.7;1;270;9;1936;9;26.3;1;270;1;1530;9;;;;;;;25.0;1;270;1;1530;9;;;0;1
75107005;TOUR EIFFEL;48.858333;2.294500;330;20260217;;;3.8;1;923;9;5.9;1;1612;9;4.9;1;4.9;1;2.1;1;;;;;;;8.3;1;;;15.4;1;280;1;157;1;20.4;1;310;1;851;9;;;;;;;18.4;1;270;1;109;9;;;0;1
75107005;TOUR EIFFEL;48.858333;2.294500;330;20260218;;;1.1;1;740;9;8.8;1;1823;1;4.4;1;5.0;1;7.7;1;;;;;0;9;10.4;1;;;16.7;1;180;9;1943;9;21.8;1;180;9;1942;9;;;;;;;20.3;1;180;1;1940;9;;;0;1
75107005;TOUR EIFFEL;48.858333;2.294500;330;20260219;;;5.4;1;1054;1;7.8;1;1458;9;6.2;1;6.6;1;2.4;1;;;;;;;10.1;1;;;15.9;1;300;1;1809;1;21.8;1;310;1;1658;9;;;;;;;20.5;1;310;1;1658;1;;;0;0
75107005;TOUR EIFFEL;48.858333;2.294500;330;20260220;;;3.7;1;235;9;9.8;1;442;9;6.9;1;6.8;1;6.1;1;;;;;0;9;8.3;1;;;15.6;1;260;9;2142;9;22.5;1;230;1;1947;9;;;;;;;20.7;1;260;1;2121;9;;;0;1
75107005;TOUR EIFFEL;48.858333;2.294500;330;20260221;;;8.4;1;2020;9;13.3;1;1417;9;10.7;1;10.9;1;4.9;1;;;;;0;9;10.0;1;;;15.0;1;260;1;344;9;20.4;1;260;1;338;9;;;;;;;19.7;1;260;1;338;9;;;0;1
75107005;TOUR EIFFEL;48.858333;2.294500;330;20260222;;;9.5;1;1722;9;11.9;1;1237;9;10.2;1;10.7;1;2.4;1;;;;;0;9;10.3;1;;;13.9;1;240;1;1356;9;19.6;1;240;1;1525;9;;;;;;;18.7;1;240;1;1525;9;;;0;1
75107005;TOUR EIFFEL;48.858333;2.294500;330;20260223;;;8.7;1;628;9;13.1;1;1517;9;11.0;1;10.9;1;4.4;1;;;;;0;9;9.8;1;;;15.9;1;260;9;2340;9;19.6;1;270;9;2334;9;;;;;;;18.1;1;270;1;2334;9;;;0;1
75107005;TOUR EIFFEL;48.858333;2.294500;330;20260224;;;10.3;1;727;9;14.2;1;1625;9;11.7;1;12.3;1;3.9;1;;;;;0;9;6.6;1;;;14.0;1;270;1;3;9;17.1;1;270;1;3;9;;;;;;;16.5;1;270;1;3;9;;;0;1
75107005;TOUR EIFFEL;48.858333;2.294500;330;20260225;;;9.9;1;821;9;19.1;1;1609;9;14.5;1;14.5;1;9.2;1;;;;;0;9;6.8;1;;;12.3;1;160;1;132;9;13.3;1;170;1;127;9;;;;;;;13.0;1;170;1;127;9;;;0;1
75107005;TOUR EIFFEL;48.858333;2.294500;330;20260226;;;10.5;1;811;9;16.6;1;1541;9;14.1;1;13.6;1;6.1;1;;;;;0;9;8.0;1;;;13.9;1;250;1;417;9;15.5;1;250;1;410;9;;;;;;;14.8;1;250;1;411;9;;;0;1
75107005;TOUR EIFFEL;48.858333;2.294500;330;20260227;;;9.3;1;632;9;12.8;1;1241;9;10.8;1;11.1;1;3.5;1;;;;;0;9;9.1;1;;;12.9;1;200;1;1541;9;21.9;1;200;1;1343;9;;;;;;;19.8;1;200;1;1536;9;;;0;1
75107005;TOUR EIFFEL;48.858333;2.294500;330;20260228;;;7.1;1;705;9;11.2;1;1505;9;8.9;1;9.2;1;4.1;1;;;;;0;9;7.8;1;;;15.0;1;230;1;721;9;21.8;1;240;1;713;9;;;;;;;20.8;1;240;1;712;9;;;0;1
75107005;TOUR EIFFEL;48.858333;2.294500;330;20260301;;;5.9;1;812;9;11.1;1;1616;9;8.8;1;8.5;1;5.2;1;;;;;0;9;7.7;1;;;13.2;1;160;9;2333;9;14.3;1;200;1;1305;9;;;;;;;14.2;1;170;1;2333;9;;;0;1
75107005;TOUR EIFFEL;48.858333;2.294500;330;20260302;;;6.3;1;513;9;16.0;1;1620;9;11.4;1;11.2;1;9.7;1;;;;;0;9;8.1;1;;;16.0;1;180;1;51;9;17.0;1;180;1;150;9;;;;;;;16.5;1;180;1;50;9;;;0;1
75107005;TOUR EIFFEL;48.858333;2.294500;330;20260303;;;10.9;1;630;9;15.9;1;1459;9;13.4;1;13.4;1;5.0;1;;;;;;;4.3;1;;;9.8;1;100;9;2302;9;11.2;1;100;9;2307;9;;;;;;;10.8;1;100;1;2307;9;;;0;1
75107005;TOUR EIFFEL;48.858333;2.294500;330;20260304;;;10.4;1;617;9;15.5;1;1350;9;13.3;1;13.0;1;5.1;1;;;;;0;9;8.6;1;;;13.2;1;130;9;2244;9;15.6;1;140;9;2302;9;;;;;;;14.2;1;140;1;2302;9;;;0;1
75107005;TOUR EIFFEL;48.858333;2.294500;330;20260305;;;9.2;1;724;9;17.1;1;1508;9;13.4;1;13.2;1;7.9;1;;;;;0;9;5.4;1;;;9.5;1;160;1;51;9;11.1;1;160;1;47;9;;;;;;;10.6;1;160;1;47;9;;;0;1
75107005;TOUR EIFFEL;48.858333;2.294500;330;20260306;;;13.5;1;656;9;15.7;1;1553;9;14.5;1;14.6;1;2.2;1;;;;;0;9;3.4;1;;;7.0;1;40;9;2343;9;7.6;1;230;1;1;9;;;;;;;7.4;1;50;1;2336;9;;;0;1
75107005;TOUR EIFFEL;48.858333;2.294500;330;20260307;;;9.6;1;820;9;15.2;1;1528;9;11.8;1;12.4;1;5.6;1;;;;;0;9;4.9;1;;;7.9;1;40;1;149;9;8.6;1;50;1;146;9;;;;;;;8.5;1;50;1;146;9;;;0;1
75107005;TOUR EIFFEL;48.858333;2.294500;330;20260308;;;6.5;1;735;9;17.4;1;1618;9;12.5;1;12.0;1;10.9;1;;;;;0;9;2.4;1;;;5.4;1;130;1;22;9;6.1;1;160;1;1606;9;;;;;;;5.8;1;140;1;16;9;;;0;1
75107005;TOUR EIFFEL;48.858333;2.294500;330;20260309;;;9.7;1;637;9;16.7;1;1519;9;13.6;1;13.2;1;7.0;1;;;;;0;9;3.4;1;;;6.8;1;240;9;2250;9;9.4;1;190;1;1142;9;;;;;;;9.1;1;230;1;2243;9;;;0;1
75107005;TOUR EIFFEL;48.858333;2.294500;330;20260310;;;9.3;1;319;9;14.3;1;1350;9;11.1;1;11.8;1;5.0;1;;;;;0;9;5.0;1;;;8.7;1;240;1;1620;9;12.3;1;200;9;2155;9;;;;;;;11.4;1;230;1;1620;9;;;0;1
75107005;TOUR EIFFEL;48.858333;2.294500;330;20260311;;;7.8;1;720;9;11.6;1;1447;9;8.8;1;9.7;1;3.8;1;;;;;0;9;9.7;1;;;14.6;1;200;1;646;9;23.7;1;210;1;641;9;;;;;;;21.7;1;210;1;641;9;;;0;1
75107005;TOUR EIFFEL;48.858333;2.294500;330;20260312;;;6.3;1;640;9;10.3;1;1638;9;8.3;1;8.3;1;4.0;1;;;;;0;9;8.2;1;;;13.7;1;200;9;2028;9;21.7;1;200;1;2042;9;;;;;;;20.4;1;200;1;2141;9;;;0;1
75107005;TOUR EIFFEL;48.858333;2.294500;330;20260313;;;3.7;1;1729;9;10.1;1;1008;9;6.4;1;6.9;1;6.4;1;;;;;0;9;9.8;1;;;18.7;1;200;1;706;9;29.3;1;200;1;701;9;;;;;;;27.2;1;200;1;731;9;;;0;1
75107005;TOUR EIFFEL;48.858333;2.294500;330;20260314;;;0.2;1;25;9;7.8;1;1705;9;3.9;1;4.0;1;7.6;1;;;;;0;9;8.1;1;;;12.3;1;260;1;154;9;15.5;1;260;1;150;9;;;;;;;15.1;1;260;1;150;9;;;0;1
75107005;TOUR EIFFEL;48.858333;2.294500;330;20260315;;;2.8;1;2302;9;11.5;1;1513;9;7.0;1;7.2;1;8.7;1;;;;;0;9;6.1;1;;;13.9;1;230;9;2205;9;23.5;1;230;9;2153;9;;;;;;;20.6;1;230;1;2153;9;;;0;1
75107005;TOUR EIFFEL;48.858333;2.294500;330;20260316;;;6.2;1;406;9;9.9;1;1458;9;8.3;1;8.1;1;3.7;1;;;;;0;9;8.1;1;;;14.0;1;250;1;10;9;18.9;1;260;1;3;9;;;;;;;18.5;1;260;1;3;9;;;0;1
75107005;TOUR EIFFEL;48.858333;2.294500;330;20260317;;;7.6;1;607;9;16.1;1;1612;9;11.5;1;11.9;1;8.5;1;;;;;;;6.4;1;;;;;;;;;17.6;1;130;9;2328;9;;;;;;;17.1;1;130;1;2326;9;;;0;1
75107005;TOUR EIFFEL;48.858333;2.294500;330;20260318;;;7.8;1;504;9;13.0;1;1701;9;10.2;1;10.4;1;5.2;1;;;;;0;9;11.1;1;;;13.8;1;130;1;124;9;18.5;1;130;1;41;9;;;;;;;16.6;1;130;1;41;9;;;0;1
75107005;TOUR EIFFEL;48.858333;2.294500;330;20260319;;;6.5;1;539;9;14.6;1;1538;9;10.8;1;10.6;1;8.1;1;;;;;0;9;9.4;1;;;13.6;1;90;1;143;9;16.1;1;50;9;2059;9;;;;;;;14.7;1;50;1;2059;9;;;0;1
75107005;TOUR EIFFEL;48.858333;2.294500;330;20260320;;;7.6;1;813;9;14.4;1;1555;9;11.6;1;11.0;1;6.8;1;;;;;0;9;6.7;1;;;11.8;1;60;9;2228;9;13.8;1;50;9;2153;9;;;;;;;12.6;1;50;1;2206;9;;;0;1
75107005;TOUR EIFFEL;48.858333;2.294500;330;20260321;;;5.8;1;641;9;13.5;1;1543;9;9.6;1;9.7;1;7.7;1;;;;;0;9;6.1;1;;;10.7;1;20;9;2115;9;13.0;1;40;9;2135;9;;;;;;;12.5;1;40;1;2110;9;;;0;1
75107005;TOUR EIFFEL;48.858333;2.294500;330;20260322;;;4.4;1;603;9;12.3;1;1609;9;8.6;1;8.4;1;7.9;1;;;;;0;9;5.9;1;;;9.4;1;10;9;2217;9;12.0;1;40;1;1222;9;;;;;;;10.8;1;20;1;51;9;;;0;1
75107005;TOUR EIFFEL;48.858333;2.294500;330;20260323;;;5.4;1;540;9;14.5;1;1558;9;10.2;1;10.0;1;9.1;1;;;;;0;9;3.7;1;;;8.9;1;20;1;41;9;9.5;1;20;1;40;9;;;;;;;9.4;1;20;1;41;9;;;0;1
75107005;TOUR EIFFEL;48.858333;2.294500;330;20260324;;;10.1;1;129;9;16.1;1;1402;9;12.4;1;13.1;1;6.0;1;;;;;0;9;6.7;1;;;16.3;1;230;9;2304;9;23.8;1;230;9;2145;9;;;;;;;22.3;1;230;1;2145;9;;;0;1
75107005;TOUR EIFFEL;48.858333;2.294500;330;20260325;;;3.1;1;1259;9;6.5;1;1716;9;5.2;1;4.8;1;3.4;1;;;;;0;9;13.8;1;;;22.4;1;300;1;1438;9;31.4;1;300;1;1435;9;;;;;;;29.3;1;300;1;1435;9;;;0;1
75107005;TOUR EIFFEL;48.858333;2.294500;330;20260326;;;1.4;1;1838;9;7.2;1;1505;9;4.2;1;4.3;1;5.8;1;;;;;0;9;9.3;1;;;14.3;1;310;1;25;9;17.8;1;300;1;1153;9;;;;;;;17.0;1;300;1;1153;9;;;0;1
75107005;TOUR EIFFEL;48.858333;2.294500;330;20260327;;;1.9;1;238;9;9.6;1;1257;9;6.7;1;5.8;1;7.7;1;;;;;0;9;3.4;1;;;9.5;1;240;9;2344;9;12.5;1;240;9;2320;9;;;;;;;12.0;1;240;1;2320;9;;;0;1
75107005;TOUR EIFFEL;48.858333;2.294500;330;20260328;;;5.1;1;549;9;7.9;1;1437;9;6.1;1;6.5;1;2.8;1;;;;;0;9;9.9;1;;;13.9;1;310;1;1510;9;19.5;1;320;1;1502;9;;;;;;;17.8;1;320;1;1502;9;;;0;1
75107005;TOUR EIFFEL;48.858333;2.294500;330;20260329;;;3.0;1;511;9;8.8;1;1614;9;6.2;1;5.9;1;5.8;1;;;;;0;9;8.7;1;;;14.3;1;330;1;43;9;19.5;1;250;9;2349;9;;;;;;;18.5;1;250;1;2352;9;;;0;1
75107005;TOUR EIFFEL;48.858333;2.294500;330;20260330;;;6.3;1;156;9;10.2;1;1421;9;7.9;1;8.3;1;3.9;1;;;;;0;9;10.9;1;;;15.4;1;310;1;1752;9;22.2;1;300;1;1355;9;;;;;;;21.2;1;300;1;1355;9;;;0;1
75107005;TOUR EIFFEL;48.858333;2.294500;330;20260331;;;5.4;1;352;9;9.2;1;341;9;7.1;1;7.3;1;3.8;1;;;;;;;4.8;1;;;7.7;1;340;1;240;1;9.8;1;320;1;1131;9;;;;;;;9.3;1;320;1;1131;9;;;0;1
75107005;TOUR EIFFEL;48.858333;2.294500;330;20260401;;;7.7;1;2028;9;9.1;1;1421;9;8.2;1;8.4;1;1.4;1;;;;;0;9;2.9;1;;;7.3;1;320;1;415;9;8.4;1;320;1;408;9;;;;;;;8.2;1;320;1;408;9;;;0;1
75107005;TOUR EIFFEL;48.858333;2.294500;330;20260402;;;6.8;1;605;9;11.4;1;1621;9;8.2;1;9.1;1;4.6;1;;;;;0;9;4.0;1;;;9.9;1;320;1;1736;9;13.1;1;320;1;1729;9;;;;;;;12.3;1;320;1;1727;9;;;0;1
75107005;TOUR EIFFEL;48.858333;2.294500;330;20260403;;;4.7;1;209;9;11.0;1;1221;9;8.2;1;7.9;1;6.3;1;;;;;0;9;7.5;1;;;12.0;1;240;9;2212;9;16.1;1;230;1;1606;9;;;;;;;15.4;1;230;1;1606;9;;;0;1
75107005;TOUR EIFFEL;48.858333;2.294500;330;20260404;;;9.4;1;1801;9;16.9;1;1604;9;13.0;1;13.2;1;7.5;1;;;;;0;9;9.2;1;;;16.3;1;200;9;2213;9;24.1;1;200;9;2215;9;;;;;;;22.4;1;200;1;2237;9;;;0;1
75107005;TOUR EIFFEL;48.858333;2.294500;330;20260405;;;8.4;1;905;9;12.8;1;1351;9;10.5;1;10.6;1;4.4;1;;;;;0;9;8.1;1;;;16.2;1;260;1;251;9;24.2;1;230;1;27;9;;;;;;;22.1;1;230;1;27;9;;;0;1
75107005;TOUR EIFFEL;48.858333;2.294500;330;20260406;;;6.8;1;428;9;15.6;1;1555;9;11.4;1;11.2;1;8.8;1;;;;;0;9;4.4;1;;;9.7;1;110;9;2323;9;10.7;1;110;9;2331;9;;;;;;;10.4;1;110;1;2319;9;;;0;1
75107005;TOUR EIFFEL;48.858333;2.294500;330;20260407;;;11.1;1;603;9;21.7;1;1542;9;16.5;1;16.4;1;10.6;1;;;;;0;9;7.6;1;;;11.7;1;110;9;2206;9;12.7;1;120;9;2234;9;;;;;;;12.4;1;120;1;2208;9;;;0;1
75107005;TOUR EIFFEL;48.858333;2.294500;330;20260408;;;13.9;1;510;9;23.3;1;1613;9;18.7;1;18.6;1;9.4;1;;;;;0;9;4.4;1;;;11.1;1;120;1;1;9;12.0;1;120;1;1;9;;;;;;;11.9;1;120;1;1;9;;;0;1
75107005;TOUR EIFFEL;48.858333;2.294500;330;20260409;;;16.4;1;503;9;24.1;1;1337;9;18.1;1;20.3;1;7.7;1;;;;;0;9;5.7;1;;;15.7;1;310;9;2130;9;21.4;1;310;9;2127;9;;;;;;;20.1;1;310;9;2127;9;;;0;1
75107005;TOUR EIFFEL;48.858333;2.294500;330;20260410;;;6.4;1;500;9;15.5;1;1424;9;10.6;1;11.0;1;9.1;1;;;;;0;9;5.4;1;;;11.4;1;320;1;123;9;15.5;1;140;9;2256;9;;;;;;;15.0;1;140;9;2358;9;;;0;1
75107005;TOUR EIFFEL;48.858333;2.294500;330;20260411;;;6.1;1;1623;9;13.2;1;923;9;9.6;1;9.7;1;7.1;1;;;;;0;9;8.8;1;;;16.3;1;180;1;614;9;18.3;1;200;1;727;9;;;;;;;17.8;1;200;1;720;9;;;0;1
75107005;TOUR EIFFEL;48.858333;2.294500;330;20260412;;;6.1;1;346;9;13.4;1;1451;9;9.6;1;9.8;1;7.3;1;;;;;0;9;4.4;1;;;9.9;1;260;1;143;9;11.8;1;250;1;351;9;;;;;;;10.9;1;260;1;132;9;;;0;1
75107005;TOUR EIFFEL;48.858333;2.294500;330;20260413;;;7.1;1;1530;9;13.1;1;1411;9;8.7;1;10.1;1;6.0;1;;;;;0;9;2.7;1;;;10.1;1;280;1;1508;9;13.5;1;270;1;1502;9;;;;;;;13.0;1;270;1;1502;9;;;0;1
75107005;TOUR EIFFEL;48.858333;2.294500;330;20260414;;;6.6;1;452;9;17.5;1;1610;9;12.3;1;12.1;1;10.9;1;;;;;0;9;3.4;1;;;9.9;1;160;9;0;9;10.8;1;170;9;2342;9;;;;;;;10.6;1;170;9;2342;9;;;0;1
75107005;TOUR EIFFEL;48.858333;2.294500;330;20260415;;;11.0;1;345;9;17.5;1;1602;9;14.0;1;14.3;1;6.5;1;;;;;;;7.3;1;;;;;;;;;;1;;1;;1;;;;;;;;;;;;;;;;
75107005;TOUR EIFFEL;48.858333;2.294500;330;20260416;;;9.0;1;628;9;17.8;1;1614;9;13.0;1;13.4;1;8.8;1;;;;;0;9;4.4;1;;;11.9;1;260;1;112;9;13.0;1;260;1;10;9;;;;;;;12.5;1;260;1;10;9;;;0;1
75107005;TOUR EIFFEL;48.858333;2.294500;330;20260417;;;12.3;1;510;9;19.3;1;1318;9;16.1;1;15.8;1;7.0;1;;;;;0;9;2.3;1;;;5.4;1;160;9;2357;9;5.8;1;260;1;1332;9;;;;;;;5.6;1;130;9;2205;9;;;0;1
75107005;TOUR EIFFEL;48.858333;2.294500;330;20260418;;;12.5;1;1754;9;19.1;1;1032;9;14.6;1;15.8;1;6.6;1;;;;;0;9;6.9;1;;;12.5;1;330;9;2332;9;14.5;1;340;9;2256;9;;;;;;;14.2;1;340;9;2327;9;;;0;1
75107005;TOUR EIFFEL;48.858333;2.294500;330;20260419;;;5.5;1;638;9;14.6;1;1400;9;10.3;1;10.1;1;9.1;1;;;;;0;9;5.7;1;;;11.4;1;340;1;1;9;14.7;1;40;1;2240;9;;;;;;;;;;;;;;;;
75107005;TOUR EIFFEL;48.858333;2.294500;330;20260420;;;5.5;1;532;9;12.1;1;1612;9;8.8;1;8.8;1;6.6;1;;;;;0;9;8.1;1;;;14.0;1;40;1;2127;9;18.0;1;40;1;2107;9;;;;;;;16.3;1;40;1;2224;9;;;0;1
75107005;TOUR EIFFEL;48.858333;2.294500;330;20260421;;;4.5;1;600;9;12.2;1;1742;9;9.1;1;8.4;1;7.7;1;;;;;0;9;10.1;1;;;15.5;1;90;9;2338;9;19.3;1;60;1;1636;9;;;;;;;17.1;1;60;1;1636;9;;;0;1
75107005;TOUR EIFFEL;48.858333;2.294500;330;20260422;;;6.7;1;603;9;16.0;1;1633;9;11.8;1;11.4;1;9.3;1;;;;;0;9;12.2;1;;;16.7;1;90;1;400;9;19.2;1;80;1;159;9;;;;;;;18.7;1;80;1;137;9;;;0;1
75107005;TOUR EIFFEL;48.858333;2.294500;330;20260423;;;9.5;1;530;9;18.7;1;1547;9;14.6;1;14.1;1;9.2;1;;;;;0;9;10.6;1;;;16.4;1;100;1;44;9;19.2;1;100;1;34;9;;;;;;;17.8;1;100;1;40;9;;;0;1
75107005;TOUR EIFFEL;48.858333;2.294500;330;20260424;;;9.3;1;505;9;19.5;1;1602;9;14.6;1;14.4;1;10.2;1;;;;;0;9;8.1;1;;;13.7;1;80;1;1;9;15.8;1;90;1;316;9;;;;;;;14.7;1;90;1;316;9;;;0;1
75107005;TOUR EIFFEL;48.858333;2.294500;330;20260425;;;9.9;1;651;9;21.9;1;1542;9;15.0;1;15.9;1;12.0;1;;;;;0;9;5.4;1;;;9.9;1;60;9;2357;9;11.6;1;40;9;2019;9;;;;;;;10.9;1;70;1;16;9;;;0;1
75107005;TOUR EIFFEL;48.858333;2.294500;330;20260426;;;10.8;1;611;9;19.6;1;1421;9;15.1;1;15.2;1;8.8;1;;;;;0;9;6.3;1;;;10.8;1;60;1;58;9;11.7;1;60;1;54;9;;;;;;;11.6;1;60;1;54;9;;;0;1
75107005;TOUR EIFFEL;48.858333;2.294500;330;20260427;;;10.4;1;508;9;19.5;1;1538;9;14.8;1;15.0;1;9.1;1;;;;;0;9;5.2;1;;;9.8;1;20;9;2030;9;11.8;1;30;9;2006;9;;;;;;;11.2;1;20;1;1942;9;;;0;1
75107005;TOUR EIFFEL;48.858333;2.294500;330;20260428;;;9.1;1;713;9;17.8;1;1757;9;13.5;1;13.5;1;8.7;1;;;;;0;9;8.1;1;;;14.8;1;60;9;2320;9;18.8;1;60;9;2316;9;;;;;;;18.0;1;60;9;2316;9;;;0;1
75107005;TOUR EIFFEL;48.858333;2.294500;330;20260429;;;10.8;1;642;9;20.3;1;1516;9;15.7;1;15.6;1;9.5;1;;;;;0;9;11.2;1;;;14.9;1;90;9;2301;9;19.9;1;100;9;2033;9;;;;;;;19.1;1;80;9;1954;9;;;0;1
75107005;TOUR EIFFEL;48.858333;2.294500;330;20260430;;;10.5;1;536;9;20.2;1;1620;9;15.4;1;15.4;1;9.7;1;;;;;0;9;9.2;1;;;14.1;1;100;1;1;9;18.2;1;100;1;3;9;;;;;;;17.5;1;100;1;3;9;;;0;1
75107005;TOUR EIFFEL;48.858333;2.294500;330;20260501;;;11.5;1;436;9;25.4;1;1541;9;17.2;1;18.5;1;13.9;1;;;;;0;9;4.0;1;;;9.7;1;130;1;246;9;12.3;1;130;1;50;9;;;;;;;11.5;1;130;1;51;9;;;0;1
75107005;TOUR EIFFEL;48.858333;2.294500;330;20260502;;;14.3;1;449;9;23.8;1;1418;9;18.5;1;19.1;1;9.5;1;;;;;0;9;4.0;1;;;8.8;1;170;1;1210;9;14.2;1;240;1;1546;9;;;;;;;13.1;1;240;1;1546;9;;;0;1
75107005;TOUR EIFFEL;48.858333;2.294500;330;20260503;;;11.6;1;523;9;18.9;1;1725;9;14.2;1;15.3;1;7.3;1;;;;;0;9;4.9;1;;;7.4;1;230;1;33;9;11.3;1;240;1;33;9;;;;;;;10.8;1;240;1;33;9;;;0;1
75107005;TOUR EIFFEL;48.858333;2.294500;330;20260504;;;11.8;1;1120;9;14.0;1;817;9;13.0;1;12.9;1;2.2;1;;;;;0;9;2.5;1;;;7.0;1;20;9;2335;9;8.5;1;30;9;2338;9;;;;;;;7.8;1;30;1;2340;9;;;0;1
75107005;TOUR EIFFEL;48.858333;2.294500;330;20260505;;;10.1;1;1434;9;11.3;1;603;9;10.6;1;10.7;1;1.2;1;;;;;0;9;7.2;1;;;10.1;1;360;9;2254;9;13.5;1;10;9;2146;9;;;;;;;12.7;1;10;1;2207;9;;;0;1
75107005;TOUR EIFFEL;48.858333;2.294500;330;20260506;;;6.3;1;704;9;11.2;1;1218;9;8.9;1;8.8;1;4.9;1;;;;;0;9;6.9;1;;;9.6;1;350;1;454;9;12.5;1;350;1;448;9;;;;;;;12.1;1;350;1;448;9;;;0;1
75107005;TOUR EIFFEL;48.858333;2.294500;330;20260507;;;7.7;1;520;9;15.0;1;1453;9;11.4;1;11.4;1;7.3;1;;;;;0;9;3.1;1;;;6.1;1;360;1;57;9;7.2;1;310;1;1;9;;;;;;;6.8;1;310;1;1;9;;;0;1
75107005;TOUR EIFFEL;48.858333;2.294500;330;20260508;;;10.1;1;307;9;17.5;1;1607;9;13.9;1;13.8;1;7.4;1;;;;;0;9;4.5;1;;;9.1;1;70;9;2230;9;10.2;1;70;9;2325;9;;;;;;;9.8;1;70;1;2230;9;;;0;1
75107005;TOUR EIFFEL;48.858333;2.294500;330;20260509;;;12.0;1;617;9;21.0;1;1658;9;17.1;1;16.5;1;9.0;1;;;;;0;9;6.5;1;;;13.3;1;70;9;2113;9;16.1;1;60;9;2216;9;;;;;;;14.7;1;60;1;2215;9;;;0;1
75107005;TOUR EIFFEL;48.858333;2.294500;330;20260510;;;10.7;1;645;9;15.2;1;1045;9;12.1;1;13.0;1;4.5;1;;;;;0;9;7.5;1;;;11.5;1;60;1;2;9;15.0;1;50;1;158;9;;;;;;;14.2;1;50;1;2;9;;;0;1
75107005;TOUR EIFFEL;48.858333;2.294500;330;20260511;;;6.3;1;739;9;10.8;1;1527;9;8.0;1;8.6;1;4.5;1;;;;;0;9;7.0;1;;;9.8;1;360;1;626;9;15.5;1;310;1;1847;9;;;;;;;13.7;1;310;1;1847;9;;;0;1
75107005;TOUR EIFFEL;48.858333;2.294500;330;20260512;;;5.1;1;2329;9;14.2;1;1825;9;9.8;1;9.7;1;9.1;1;;;;;0;9;3.6;1;;;9.7;1;280;9;0;9;12.5;1;270;9;2028;9;;;;;;;12.0;1;270;1;2028;9;;;0;1
75107005;TOUR EIFFEL;48.858333;2.294500;330;20260513;;;7.0;1;1633;9;11.2;1;1117;9;8.8;1;9.1;1;4.2;1;;;;;0;9;12.4;1;;;17.4;1;270;9;2205;9;23.2;1;270;1;1418;9;;;;;;;22.6;1;270;1;1412;9;;;0;1
75107005;TOUR EIFFEL;48.858333;2.294500;330;20260514;;;5.0;1;1424;9;8.9;1;1142;9;6.8;1;7.0;1;3.9;1;;;;;0;9;8.0;1;;;14.1;1;260;1;226;9;16.8;1;260;1;225;9;;;;;;;16.0;1;270;1;141;9;;;0;1
75107005;TOUR EIFFEL;48.858333;2.294500;330;20260515;;;5.3;1;512;9;10.1;1;1116;9;7.8;1;7.7;1;4.8;1;;;;;0;9;5.3;1;;;14.1;1;350;1;1519;9;17.7;1;350;1;1512;9;;;;;;;16.7;1;350;1;1512;9;;;0;1
75107005;TOUR EIFFEL;48.858333;2.294500;330;20260516;;;6.3;1;621;9;12.5;1;1535;9;9.6;1;9.4;1;6.2;1;;;;;0;9;5.8;1;;;12.0;1;270;1;1205;9;15.4;1;270;1;1157;9;;;;;;;14.9;1;270;1;1157;9;;;0;1
75107005;TOUR EIFFEL;48.858333;2.294500;330;20260517;;;8.4;1;446;9;14.7;1;1215;9;10.1;1;11.6;1;6.3;1;;;;;0;9;4.8;1;;;9.2;1;230;1;159;9;12.2;1;230;1;8;9;;;;;;;11.4;1;230;1;8;9;;;0;1
75107005;TOUR EIFFEL;48.858333;2.294500;330;20260518;;;8.0;1;533;9;13.6;1;1352;9;10.9;1;10.8;1;5.6;1;;;;;0;9;3.9;1;;;9.0;1;270;1;322;9;10.6;1;270;1;1106;9;;;;;;;10.3;1;270;1;1106;9;;;0;1
75107005;TOUR EIFFEL;48.858333;2.294500;330;20260519;;;9.7;1;518;9;14.9;1;1701;9;12.4;1;12.3;1;5.2;1;;;;;0;9;9.2;1;;;13.1;1;230;9;2232;9;18.6;1;240;9;2224;9;;;;;;;17.7;1;240;1;2224;9;;;0;1
75107005;TOUR EIFFEL;48.858333;2.294500;330;20260520;;;11.2;1;347;9;18.1;1;1628;9;14.7;1;14.7;1;6.9;1;;;;;0;9;7.3;1;;;12.9;1;230;1;15;9;18.5;1;240;1;124;9;;;;;;;16.8;1;240;1;7;9;;;0;1
75107005;TOUR EIFFEL;48.858333;2.294500;330;20260521;;;13.7;1;418;9;22.7;1;1407;9;18.6;1;18.2;1;9.0;1;;;;;0;9;3.4;1;;;7.2;1;130;9;2121;9;8.2;1;130;9;2120;9;;;;;;;7.9;1;130;1;2118;9;;;0;1
75107005;TOUR EIFFEL;48.858333;2.294500;330;20260522;;;18.6;1;59;9;28.3;1;1810;9;23.3;1;23.5;1;9.7;1;;;;;0;9;3.7;1;;;6.2;1;120;1;45;1;8.4;1;130;1;1758;9;;;;;;;8.0;1;130;1;1758;1;;;0;0
75107005;TOUR EIFFEL;48.858333;2.294500;330;20260523;;;20.8;1;404;9;30.9;1;1410;9;25.6;1;25.9;1;10.1;1;;;;;0;9;3.1;1;;;5.4;1;140;1;539;9;7.7;1;50;1;1623;9;;;;;;;7.2;1;50;1;1824;9;;;0;1
75107005;TOUR EIFFEL;48.858333;2.294500;330;20260524;;;22.1;1;705;9;28.5;1;1419;9;25.7;1;25.3;1;6.4;1;;;;;0;9;6.7;1;;;11.6;1;80;9;2321;9;12.4;1;80;9;2323;9;;;;;;;12.3;1;80;1;2324;9;;;0;1
75107005;TOUR EIFFEL;48.858333;2.294500;330;20260525;;;22.3;1;404;9;29.7;1;1353;9;26.5;1;26.0;1;7.4;1;;;;;0;9;7.3;1;;;11.3;1;90;1;13;9;12.1;1;90;1;13;9;;;;;;;12.0;1;90;1;13;9;;;0;1
75107005;TOUR EIFFEL;48.858333;2.294500;330;20260526;;;23.4;1;126;9;30.9;1;1357;9;26.5;1;27.2;1;7.5;1;;;;;0;9;4.0;1;;;10.5;1;90;1;1;9;11.2;1;90;1;8;9;;;;;;;11.0;1;90;1;11;9;;;0;1
75107005;TOUR EIFFEL;48.858333;2.294500;330;20260527;;;23.7;1;629;9;29.3;1;1414;9;26.4;1;26.5;1;5.6;1;;;;;0;9;5.5;1;;;10.1;1;80;9;2212;9;10.8;1;70;9;2148;9;;;;;;;10.6;1;80;1;2206;9;;;0;1
75107005;TOUR EIFFEL;48.858333;2.294500;330;20260528;;;21.5;1;342;9;33.6;1;1658;9;27.6;1;27.6;1;12.1;1;;;;;0;9;4.5;1;;;10.0;1;100;1;19;9;12.3;1;90;1;24;9;;;;;;;11.8;1;90;1;24;9;;;0;1
75107005;TOUR EIFFEL;48.858333;2.294500;330;20260529;;;24.1;1;420;9;34.0;1;1451;9;27.9;1;29.1;1;9.9;1;;;;;0;9;4.7;1;;;10.5;1;180;1;600;9;11.8;1;180;1;552;9;;;;;;;11.6;1;180;1;552;9;;;0;1
75107005;TOUR EIFFEL;48.858333;2.294500;330;20260530;;;22.4;1;630;9;33.5;1;1528;9;27.1;1;28.0;1;11.1;1;;;;;0;9;3.2;1;;;10.4;1;300;9;2253;9;14.6;1;310;9;2333;9;;;;;;;13.6;1;310;1;2340;9;;;0;1
75107005;TOUR EIFFEL;48.858333;2.294500;330;20260531;;;14.6;1;612;9;19.8;1;1734;9;17.2;1;17.2;1;5.2;1;;;;;0;9;6.5;1;;;11.4;1;300;1;328;9;15.0;1;310;1;301;9;;;;;;;13.9;1;310;1;349;9;;;0;1
75107005;TOUR EIFFEL;48.858333;2.294500;330;20260601;;;13.1;1;429;9;25.0;1;1727;9;19.3;1;19.1;1;11.9;1;;;;;0;9;3.1;1;;;6.4;1;300;1;436;9;11.0;1;240;1;1157;9;;;;;;;10.2;1;240;1;1157;9;;;0;1
75107005;TOUR EIFFEL;48.858333;2.294500;330;20260602;;;13.0;1;1130;9;17.6;1;1708;9;15.4;1;15.3;1;4.6;1;;;;;0;9;8.5;1;;;16.5;1;270;1;1324;9;22.2;1;270;1;1319;9;;;;;;;21.6;1;270;1;1319;9;;;0;1
75107005;TOUR EIFFEL;48.858333;2.294500;330;20260603;;;11.7;1;249;9;17.7;1;1443;9;14.8;1;14.7;1;6.0;1;;;;;0;9;9.8;1;;;15.1;1;200;1;1732;9;22.4;1;200;1;1518;9;;;;;;;21.5;1;200;1;1531;9;;;0;1
75107005;TOUR EIFFEL;48.858333;2.294500;330;20260604;;;12.6;1;622;9;17.9;1;1414;9;14.2;1;15.3;1;5.3;1;;;;;0;9;9.8;1;;;17.0;1;250;1;1516;9;24.2;1;240;1;1241;9;;;;;;;22.9;1;240;1;1241;9;;;0;1
75107005;TOUR EIFFEL;48.858333;2.294500;330;20260605;;;10.1;1;327;9;18.6;1;1609;9;13.7;1;14.4;1;8.5;1;;;;;0;9;6.1;1;;;13.3;1;260;1;206;9;16.7;1;260;1;150;9;;;;;;;16.3;1;260;1;151;9;;;0;1
75107005;TOUR EIFFEL;48.858333;2.294500;330;20260606;;;13.0;1;506;9;18.7;1;1544;9;15.1;1;15.9;1;5.7;1;;;;;0;9;11.7;1;;;16.4;1;240;1;1510;9;20.8;1;230;1;1505;9;;;;;;;19.9;1;230;1;1553;9;;;0;1
75107005;TOUR EIFFEL;48.858333;2.294500;330;20260607;;;10.9;1;411;9;23.6;1;1727;9;16.2;1;17.3;1;12.7;1;;;;;0;9;4.1;1;;;10.9;1;280;1;13;9;14.4;1;270;1;6;9;;;;;;;13.3;1;270;1;6;9;;;0;1
75107005;TOUR EIFFEL;48.858333;2.294500;330;20260608;;;11.7;1;1644;9;19.5;1;1330;9;15.5;1;15.6;1;7.8;1;;;;;0;9;7.4;1;;;14.3;1;300;1;1613;9;20.2;1;300;1;1615;9;;;;;;;19.0;1;300;1;1615;9;;;0;1
75107005;TOUR EIFFEL;48.858333;2.294500;330;20260609;;;8.4;1;430;9;16.7;1;1527;9;12.4;1;12.6;1;8.3;1;;;;;0;9;7.2;1;;;12.7;1;300;1;1606;9;19.9;1;310;1;1601;9;;;;;;;17.4;1;310;1;1600;9;;;0;1
75107005;TOUR EIFFEL;48.858333;2.294500;330;20260610;;;10.0;1;518;9;14.7;1;1401;9;12.0;1;12.4;1;4.7;1;;;;;0;9;6.4;1;;;14.9;1;270;1;1529;9;19.0;1;300;1;1747;9;;;;;;;17.9;1;300;1;1747;9;;;0;1
75107005;TOUR EIFFEL;48.858333;2.294500;330;20260611;;;8.8;1;506;9;16.1;1;2031;9;13.3;1;12.5;1;7.3;1;;;;;0;9;8.1;1;;;15.0;1;260;9;2258;9;19.6;1;260;9;2256;9;;;;;;;18.2;1;260;1;2253;9;;;0;1
75107005;TOUR EIFFEL;48.858333;2.294500;330;20260612;;;14.3;1;317;9;23.2;1;1731;9;18.2;1;18.8;1;8.9;1;;;;;0;9;10.5;1;;;15.3;1;270;9;2311;9;18.1;1;270;1;37;9;;;;;;;17.3;1;270;1;37;9;;;0;1
75107005;TOUR EIFFEL;48.858333;2.294500;330;20260613;;;13.8;1;446;9;24.3;1;1550;9;18.7;1;19.1;1;10.5;1;;;;;0;9;7.3;1;;;14.6;1;280;1;106;9;17.6;1;270;1;59;9;;;;;;;16.6;1;270;1;59;9;;;0;1
75107005;TOUR EIFFEL;48.858333;2.294500;330;20260614;;;12.0;1;447;9;22.8;1;1716;9;17.2;1;17.4;1;10.8;1;;;;;0;9;4.9;1;;;8.5;1;310;1;1;9;11.9;1;330;1;253;9;;;;;;;11.3;1;330;1;237;9;;;0;1
75107005;TOUR EIFFEL;48.858333;2.294500;330;20260615;;;13.4;1;415;9;26.8;1;1548;9;20.8;1;20.1;1;13.4;1;;;;;0;9;4.7;1;;;11.3;1;300;1;1843;9;14.2;1;300;1;1834;9;;;;;;;13.8;1;300;1;1834;9;;;0;1
75107005;TOUR EIFFEL;48.858333;2.294500;330;20260616;;;18.6;1;828;9;25.3;1;1644;9;22.0;1;22.0;1;6.7;1;;;;;0;9;5.7;1;;;12.4;1;200;1;408;9;16.3;1;200;1;405;9;;;;;;;15.8;1;200;1;405;9;;;0;1
75107005;TOUR EIFFEL;48.858333;2.294500;330;20260617;;;17.7;1;314;9;33.6;1;1812;9;24.9;1;25.7;1;15.9;1;;;;;0;9;2.4;1;;;7.2;1;300;9;2136;9;9.8;1;300;9;2114;9;;;;;;;9.6;1;300;9;2114;9;;;0;0
75107005;TOUR EIFFEL;48.858333;2.294500;330;20260618;;;19.4;1;37;9;35.3;1;1602;9;26.9;1;27.4;1;15.9;1;;;;;;;5.3;1;;;14.1;1;230;1;1657;1;24.5;1;230;1;1649;9;;;;;;;20.9;1;240;1;1656;1;;;0;0
75107005;TOUR EIFFEL;48.858333;2.294500;330;20260619;;;22.4;1;404;9;35.1;1;1559;9;27.1;1;28.8;1;12.7;1;;;;;0;9;6.6;1;;;14.4;1;160;1;51;9;16.6;1;160;1;47;9;;;;;;;15.9;1;160;1;48;9;;;0;0
75107005;TOUR EIFFEL;48.858333;2.294500;330;20260620;;;18.8;1;414;9;34.6;1;1653;9;26.7;1;26.7;1;15.8;1;;;;;0;9;3.3;1;;;9.9;1;200;1;1553;9;14.3;1;200;1;1550;9;;;;;;;13.6;1;200;1;1550;9;;;0;0
75107005;TOUR EIFFEL;48.858333;2.294500;330;20260621;;;19.5;1;410;9;36.4;1;1718;9;27.4;1;28.0;1;16.9;1;;;;;0;9;3.7;1;;;10.0;1;70;9;2209;9;13.4;1;40;9;1942;9;;;;;;;12.2;1;70;9;2138;9;;;0;0
75107005;TOUR EIFFEL;48.858333;2.294500;330;20260622;;;24.1;1;427;9;34.1;1;1527;9;29.1;1;29.1;1;10.0;1;;;;;0;9;5.8;1;;;9.6;1;60;9;2043;9;11.8;1;70;1;4;9;;;;;;;11.1;1;70;1;4;9;;;0;0
75107005;TOUR EIFFEL;48.858333;2.294500;330;20260623;;;25.2;1;858;9;33.8;1;1456;9;29.8;1;29.5;1;8.6;1;;;;;0;9;6.7;1;;;12.6;1;20;1;902;9;18.1;1;360;1;837;9;;;;;;;16.7;1;350;1;837;9;;;0;0
75107005;TOUR EIFFEL;48.858333;2.294500;330;20260624;;;27.5;1;219;9;40.1;1;1656;9;33.4;1;33.8;1;12.6;1;;;;;0;9;5.9;1;;;10.5;1;160;1;644;9;14.4;1;140;1;147;9;;;;;;;12.8;1;140;1;155;9;;;0;0
75107005;TOUR EIFFEL;48.858333;2.294500;330;20260625;;;28.8;1;406;9;36.2;1;1725;9;33.0;1;32.5;1;7.4;1;;;;;0;9;7.8;1;;;13.0;1;100;9;2043;9;17.4;1;100;1;1355;9;;;;;;;16.1;1;100;1;1355;9;;;0;0
75107005;TOUR EIFFEL;48.858333;2.294500;330;20260626;;;26.6;1;647;9;33.6;1;1535;9;29.2;1;30.1;1;7.0;1;;;;;;;6.2;1;;;14.0;1;270;1;702;1;17.7;1;240;1;616;9;;;;;;;16.9;1;240;1;616;1;;;0;0
75107005;TOUR EIFFEL;48.858333;2.294500;330;20260627;;;20.3;1;524;9;34.6;1;1756;9;26.9;1;27.5;1;14.3;1;;;;;0;9;5.0;1;;;21.1;1;230;9;2040;9;32.0;1;230;1;2031;9;;;;;;;29.4;1;230;1;2031;9;;;0;0
75107005;TOUR EIFFEL;48.858333;2.294500;330;20260628;;;20.5;1;122;9;28.3;1;1502;9;23.0;1;24.4;1;7.8;1;;;;;0;9;5.1;1;;;10.9;1;340;9;2346;9;13.3;1;330;9;2339;9;;;;;;;13.0;1;340;9;2344;9;;;0;0
75107005;TOUR EIFFEL;48.858333;2.294500;330;20260629;;;14.3;1;610;9;25.5;1;1742;9;19.3;1;19.9;1;11.2;1;;;;;0;9;4.8;1;;;10.6;1;330;1;10;9;14.1;1;300;1;4;9;;;;;;;13.4;1;300;1;4;9;;;0;0
75107005;TOUR EIFFEL;48.858333;2.294500;330;20260630;;;15.1;1;340;9;27.4;1;1414;9;19.6;1;21.3;1;12.3;1;;;;;0;9;4.9;1;;;11.0;1;320;1;1518;9;14.3;1;320;1;1512;9;;;;;;;13.6;1;310;1;1511;9;;;0;0
75107005;TOUR EIFFEL;48.858333;2.294500;330;20260701;;;14.4;1;511;9;21.1;1;1749;9;17.9;1;17.8;1;6.7;1;;;;;0;9;7.1;1;;;11.9;1;310;9;2155;9;14.8;1;310;9;2203;9;;;;;;;13.8;1;310;9;2203;9;;;0;0
75107005;TOUR EIFFEL;48.858333;2.294500;330;20260702;;;13.4;1;459;9;22.2;1;1559;9;17.6;1;17.8;1;8.8;1;;;;;0;9;7.0;1;;;11.0;1;320;1;1742;9;15.7;1;320;1;1645;9;;;;;;;14.5;1;310;1;1646;9;;;0;0
75107005;TOUR EIFFEL;48.858333;2.294500;330;20260703;;;14.6;1;410;9;25.1;1;1655;9;20.0;1;19.9;1;10.5;1;;;;;0;9;4.3;1;;;8.8;1;320;1;49;9;13.4;1;320;1;1552;9;;;;;;;11.7;1;310;1;43;9;;;0;0
75107005;TOUR EIFFEL;48.858333;2.294500;330;20260704;;;15.5;1;352;9;26.9;1;1544;9;20.8;1;21.2;1;11.4;1;;;;;0;9;5.0;1;;;9.9;1;300;1;1902;9;12.7;1;300;9;2203;9;;;;;;;12.5;1;300;9;2203;9;;;0;0
75107005;TOUR EIFFEL;48.858333;2.294500;330;20260705;;;14.7;1;359;9;25.7;1;1724;9;20.3;1;20.2;1;11.0;1;;;;;0;9;5.5;1;;;8.4;1;310;1;134;9;12.4;1;320;1;1456;9;;;;;;;11.0;1;320;1;1456;9;;;0;0
75107005;TOUR EIFFEL;48.858333;2.294500;330;20260706;;;18.2;1;337;9;31.8;1;1736;9;25.4;1;25.0;1;13.6;1;;;;;0;9;3.2;1;;;6.5;1;290;1;1351;9;11.2;1;300;1;1430;9;;;;;;;10.6;1;310;1;1430;9;;;0;0
75107005;TOUR EIFFEL;48.858333;2.294500;330;20260707;;;25.0;1;801;9;29.8;1;1716;9;26.6;1;27.4;1;4.8;1;;;;;0;9;5.8;1;;;10.9;1;300;1;1753;9;14.3;1;310;1;1708;9;;;;;;;12.9;1;310;1;1709;9;;;0;0
75107005;TOUR EIFFEL;48.858333;2.294500;330;20260708;;;20.0;1;512;9;30.4;1;1710;9;25.6;1;25.2;1;10.4;1;;;;;0;9;4.5;1;;;9.2;1;50;9;2207;9;11.4;1;50;9;2200;9;;;;;;;10.8;1;40;9;2159;9;;;0;0
75107005;TOUR EIFFEL;48.858333;2.294500;330;20260709;;;22.1;1;402;9;30.0;1;1737;9;25.5;1;26.1;1;7.9;1;;;;;0;9;6.7;1;;;11.5;1;50;9;2119;9;14.1;1;50;9;2152;9;;;;;;;13.4;1;50;9;2122;9;;;0;0
75107005;TOUR EIFFEL;48.858333;2.294500;330;20260710;;;20.8;1;347;9;31.7;1;1603;9;26.4;1;26.3;1;10.9;1;;;;;0;9;7.2;1;;;12.3;1;40;9;2026;9;16.3;1;50;9;2155;9;;;;;;;14.6;1;60;9;2116;9;;;0;0
75107005;TOUR EIFFEL;48.858333;2.294500;330;20260711;;;21.4;1;540;9;32.2;1;1710;9;26.9;1;26.8;1;10.8;1;;;;;0;9;7.6;1;;;13.4;1;40;9;2305;9;17.4;1;40;9;2259;9;;;;;;;16.1;1;40;9;2259;9;;;0;0
75107005;TOUR EIFFEL;48.858333;2.294500;330;20260712;;;21.4;1;432;9;32.2;1;1704;9;26.8;1;26.8;1;10.8;1;;;;;0;9;8.6;1;;;13.8;1;60;9;2138;9;16.6;1;50;9;2241;9;;;;;;;15.4;1;60;9;2150;9;;;0;0
75107005;TOUR EIFFEL;48.858333;2.294500;330;20260713;;;20.7;1;445;9;31.0;1;1410;9;25.9;1;25.9;1;10.3;1;;;;;0;9;9.6;1;;;13.5;1;60;9;2246;9;17.5;1;60;9;2228;9;;;;;;;16.2;1;60;9;2227;9;;;0;0
75107005;TOUR EIFFEL;48.858333;2.294500;330;20260714;;;18.7;1;454;9;31.1;1;1541;9;25.2;1;24.9;1;12.4;1;;;;;0;9;6.2;1;;;12.0;1;30;1;16;9;14.9;1;30;1;14;9;;;;;;;14.0;1;40;1;8;9;;;0;0
75107005;TOUR EIFFEL;48.858333;2.294500;330;20260715;;;21.4;1;555;9;27.8;1;1605;9;25.0;1;24.6;1;6.4;1;;;;;0;9;7.3;1;;;11.9;1;40;9;2335;9;15.1;1;40;9;2313;9;;;;;;;14.2;1;50;9;2331;9;;;0;0
75107005;TOUR EIFFEL;48.858333;2.294500;330;20260716;;;19.9;1;437;9;30.5;1;1623;9;24.5;1;25.2;1;10.6;1;;;;;0;9;5.6;1;;;13.4;1;310;9;2325;9;17.2;1;50;9;2349;9;;;;;;;16.4;1;50;9;2349;9;;;0;0
75107005;TOUR EIFFEL;48.858333;2.294500;330;20260717;;;17.4;1;530;9;23.8;1;1749;9;20.8;1;20.6;1;6.4;1;;;;;0;9;4.3;1;;;12.1;1;30;1;1;9;13.9;1;40;1;7;9;;;;;;;13.2;1;60;1;112;9;;;0;0
75107005;TOUR EIFFEL;48.858333;2.294500;330;20260718;;;17.3;1;445;9;26.0;1;1530;9;21.1;1;21.7;1;8.7;1;;;;;0;9;4.9;1;;;11.1;1;360;1;1739;9;14.1;1;10;1;1727;9;;;;;;;13.0;1;20;9;2146;9;;;0;0
75107005;TOUR EIFFEL;48.858333;2.294500;330;20260719;;;13.1;1;327;9;21.1;1;1749;9;16.7;1;17.1;1;8.0;1;;;;;0;9;7.1;1;;;12.5;1;20;9;2237;9;16.5;1;30;9;2110;9;;;;;;;15.3;1;20;9;2145;9;;;0;0
75107005;TOUR EIFFEL;48.858333;2.294500;330;20260720;;;11.9;1;441;9;20.5;1;1654;9;16.3;1;16.2;1;8.6;1;;;;;0;9;8.1;1;;;12.7;1;20;9;2219;9;15.9;1;40;9;2335;9;;;;;;;14.8;1;30;9;2242;9;;;0;0
75107005;TOUR EIFFEL;48.858333;2.294500;330;20260721;;;12.6;1;448;9;22.3;1;1557;9;17.5;1;17.5;1;9.7;1;;;;;0;9;6.8;1;;;13.1;1;40;1;45;9;16.0;1;30;1;21;9;;;;;;;15.0;1;50;1;30;9;;;0;0
75107005;TOUR EIFFEL;48.858333;2.294500;330;20260722;;;13.4;1;427;9;22.4;1;1728;9;17.6;1;17.9;1;9.0;1;;;;;0;9;6.0;1;;;9.0;1;20;1;1812;1;12.4;1;10;1;1401;9;;;;;;;11.5;1;30;1;1735;9;;;0;0
75107005;TOUR EIFFEL;48.858333;2.294500;330;20260723;;;14.3;1;532;9;21.8;1;1738;9;17.8;1;18.1;1;7.5;1;;;;;0;1;7.0;1;;;9.2;1;50;1;109;1;13.1;1;50;1;1501;1;;;;;;;12.0;1;360;1;1450;1;;;0;0
75107005;TOUR EIFFEL;48.858333;2.294500;330;20260724;;;15.4;1;533;9;24.8;1;1718;9;20.4;1;20.1;1;9.4;1;;;;;0;9;6.2;1;;;9.0;1;60;1;153;1;12.2;1;70;1;1053;1;;;;;;;11.2;1;60;1;1053;1;;;0;0
75107005;TOUR EIFFEL;48.858333;2.294500;330;20260725;;;17.6;1;430;9;26.1;1;1604;9;21.5;1;21.9;1;8.5;1;;;;;0;9;5.2;1;;;11.0;1;310;1;1834;9;16.7;1;310;1;1832;9;;;;;;;14.7;1;300;1;1832;9;;;0;0
75107005;TOUR EIFFEL;48.858333;2.294500;330;20260726;;;14.9;1;344;9;23.2;1;1648;9;18.2;1;19.1;1;8.3;1;;;;;0;9;9.4;1;;;16.0;1;280;9;1942;9;20.5;1;270;9;1942;9;;;;;;;19.5;1;270;9;1942;9;;;0;0
75110001;LARIBOISIERE;48.882833;2.352000;55;20250101;15.3;1;4.9;1;1801;9;9.0;1;2303;9;7.0;1;7.0;1;4.1;1;;;;;0;9;;;;;;;;;;;;;;;;;;;;;;;;;;;;;;;;
75110001;LARIBOISIERE;48.882833;2.352000;55;20250102;8.4;1;3.3;1;845;9;5.6;1;601;9;5.2;1;4.5;1;2.3;1;;;;;0;9;;;;;;;;;;;;;;;;;;;;;;;;;;;;;;;;
75110001;LARIBOISIERE;48.882833;2.352000;55;20250103;0.0;1;2.0;1;622;9;4.9;1;1337;9;3.4;1;3.5;1;2.9;1;;;;;0;9;;;;;;;;;;;;;;;;;;;;;;;;;;;;;;;;
75110001;LARIBOISIERE;48.882833;2.352000;55;20250104;9.8;1;-0.8;1;746;9;11.7;1;517;9;1.4;1;5.5;1;12.5;1;;;;;338;9;;;;;;;;;;;;;;;;;;;;;;;;;;;;;;;;
75110001;LARIBOISIERE;48.882833;2.352000;55;20250105;1.2;1;1.7;1;1918;9;13.2;1;1318;9;11.6;1;7.5;1;11.5;1;;;;;0;9;;;;;;;;;;;;;;;;;;;;;;;;;;;;;;;;
75110001;LARIBOISIERE;48.882833;2.352000;55;20250106;2.4;1;7.8;1;1501;9;12.5;1;657;9;10.1;1;10.2;1;4.7;1;;;;;0;9;;;;;;;;;;;;;;;;;;;;;;;;;;;;;;;;
75110001;LARIBOISIERE;48.882833;2.352000;55;20250107;0.0;1;5.1;1;710;9;8.1;1;1346;9;6.6;1;6.6;1;3.0;1;;;;;0;9;;;;;;;;;;;;;;;;;;;;;;;;;;;;;;;;
75110001;LARIBOISIERE;48.882833;2.352000;55;20250108;16.1;1;4.5;1;1108;9;12.9;1;1834;9;8.1;1;8.7;1;8.4;1;;;;;0;9;;;;;;;;;;;;;;;;;;;;;;;;;;;;;;;;
75110001;LARIBOISIERE;48.882833;2.352000;55;20250109;1.0;1;3.0;1;914;9;11.5;1;609;9;6.7;1;7.3;1;8.5;1;;;;;0;9;;;;;;;;;;;;;;;;;;;;;;;;;;;;;;;;
75110001;LARIBOISIERE;48.882833;2.352000;55;20250110;0.0;1;4.8;1;623;9;6.4;1;1426;9;5.0;1;5.6;1;1.6;1;;;;;0;9;;;;;;;;;;;;;;;;;;;;;;;;;;;;;;;;
75110001;LARIBOISIERE;48.882833;2.352000;55;20250111;0.0;1;0.3;1;448;9;3.0;1;347;9;1.4;1;1.7;1;2.7;1;;;;;0;9;;;;;;;;;;;;;;;;;;;;;;;;;;;;;;;;
75110001;LARIBOISIERE;48.882833;2.352000;55;20250112;0.0;1;1.7;1;1801;9;5.0;1;1428;9;3.5;1;3.4;1;3.3;1;;;;;0;9;;;;;;;;;;;;;;;;;;;;;;;;;;;;;;;;
75110001;LARIBOISIERE;48.882833;2.352000;55;20250113;0.0;1;2.2;1;821;9;4.8;1;1411;9;3.0;1;3.5;1;2.6;1;;;;;0;9;;;;;;;;;;;;;;;;;;;;;;;;;;;;;;;;
75110001;LARIBOISIERE;48.882833;2.352000;55;20250114;0.0;1;-1.0;1;834;9;4.9;1;347;9;2.0;1;2.0;1;5.9;1;;;;;320;9;;;;;;;;;;;;;;;;;;;;;;;;;;;;;;;;
75110001;LARIBOISIERE;48.882833;2.352000;55;20250115;0.4;1;2.0;1;42;9;7.6;1;1700;9;5.6;1;4.8;1;5.6;1;;;;;0;9;;;;;;;;;;;;;;;;;;;;;;;;;;;;;;;;
75110001;LARIBOISIERE;48.882833;2.352000;55;20250116;0.0;1;3.4;1;653;9;5.8;1;1359;9;4.9;1;4.6;1;2.4;1;;;;;;;;;;;;;;;;;;;;;;;;;;;;;;;;;;;;;;
75110001;LARIBOISIERE;48.882833;2.352000;55;20250117;0.0;1;0.5;1;925;9;1.9;1;1323;9;1.4;1;1.2;1;1.4;1;;;;;0;9;;;;;;;;;;;;;;;;;;;;;;;;;;;;;;;;
75110001;LARIBOISIERE;48.882833;2.352000;55;20250118;0.0;1;0.1;1;2240;9;2.6;1;1455;9;1.7;1;1.4;1;2.5;1;;;;;0;9;;;;;;;;;;;;;;;;;;;;;;;;;;;;;;;;
75110001;LARIBOISIERE;48.882833;2.352000;55;20250119;0.0;1;1.1;1;545;9;3.1;1;1359;9;1.8;1;2.1;1;2.0;1;;;;;0;9;;;;;;;;;;;;;;;;;;;;;;;;;;;;;;;;
75110001;LARIBOISIERE;48.882833;2.352000;55;20250120;0.0;1;-0.2;1;900;9;1.0;1;1459;9;0.4;1;0.4;1;1.2;1;;;;;89;9;;;;;;;;;;;;;;;;;;;;;;;;;;;;;;;;
75110001;LARIBOISIERE;48.882833;2.352000;55;20250121;0.0;1;-0.4;1;123;9;5.7;1;600;9;2.3;1;2.7;1;6.1;1;;;;;429;9;;;;;;;;;;;;;;;;;;;;;;;;;;;;;;;;
75110001;LARIBOISIERE;48.882833;2.352000;55;20250122;21.7;1;3.9;1;1835;9;9.7;1;1438;9;7.3;1;6.8;1;5.8;1;;;;;0;9;;;;;;;;;;;;;;;;;;;;;;;;;;;;;;;;
75110001;LARIBOISIERE;48.882833;2.352000;55;20250123;0.4;1;5.9;1;750;9;9.4;1;2312;9;7.5;1;7.7;1;3.5;1;;;;;0;9;;;;;;;;;;;;;;;;;;;;;;;;;;;;;;;;
75110001;LARIBOISIERE;48.882833;2.352000;55;20250124;2.2;1;8.1;1;1801;9;13.5;1;2047;9;10.6;1;10.8;1;5.4;1;;;;;0;9;;;;;;;;;;;;;;;;;;;;;;;;;;;;;;;;
75110001;LARIBOISIERE;48.882833;2.352000;55;20250125;10.0;1;8.9;1;1734;9;12.9;1;601;9;9.9;1;10.9;1;4.0;1;;;;;0;9;;;;;;;;;;;;;;;;;;;;;;;;;;;;;;;;
75110001;LARIBOISIERE;48.882833;2.352000;55;20250126;3.8;1;2.8;1;728;9;12.8;1;229;9;6.4;1;7.8;1;10.0;1;;;;;0;9;;;;;;;;;;;;;;;;;;;;;;;;;;;;;;;;
75110001;LARIBOISIERE;48.882833;2.352000;55;20250127;0.0;1;9.2;1;2325;9;12.1;1;1312;9;10.6;1;10.7;1;2.9;1;;;;;0;9;;;;;;;;;;;;;;;;;;;;;;;;;;;;;;;;
75110001;LARIBOISIERE;48.882833;2.352000;55;20250128;1.8;1;7.4;1;821;9;12.4;1;1542;9;9.5;1;9.9;1;5.0;1;;;;;0;9;;;;;;;;;;;;;;;;;;;;;;;;;;;;;;;;
75110001;LARIBOISIERE;48.882833;2.352000;55;20250129;14.1;1;7.4;1;721;9;8.6;1;1120;9;8.4;1;8.0;1;1.2;1;;;;;0;9;;;;;;;;;;;;;;;;;;;;;;;;;;;;;;;;
75110001;LARIBOISIERE;48.882833;2.352000;55;20250130;0.2;1;6.8;1;1154;9;9.0;1;955;9;7.5;1;7.9;1;2.2;1;;;;;0;9;;;;;;;;;;;;;;;;;;;;;;;;;;;;;;;;
75110001;LARIBOISIERE;48.882833;2.352000;55;20250131;4.8;1;3.8;1;1744;9;7.3;1;1110;9;4.9;1;5.6;1;3.5;1;;;;;0;9;;;;;;;;;;;;;;;;;;;;;;;;;;;;;;;;
75110001;LARIBOISIERE;48.882833;2.352000;55;20250201;0.0;1;1.9;1;800;9;7.0;1;1458;9;4.4;1;4.5;1;5.1;1;;;;;0;9;;;;;;;;;;;;;;;;;;;;;;;;;;;;;;;;
75110001;LARIBOISIERE;48.882833;2.352000;55;20250202;0.0;1;1.4;1;424;9;7.7;1;1445;9;4.4;1;4.6;1;6.3;1;;;;;0;9;;;;;;;;;;;;;;;;;;;;;;;;;;;;;;;;
75110001;LARIBOISIERE;48.882833;2.352000;55;20250203;0.0;1;2.1;1;744;9;7.9;1;1351;9;3.7;1;5.0;1;5.8;1;;;;;0;9;;;;;;;;;;;;;;;;;;;;;;;;;;;;;;;;
75110001;LARIBOISIERE;48.882833;2.352000;55;20250204;0.0;1;-0.2;1;744;9;4.7;1;549;9;1.7;1;2.3;1;4.9;1;;;;;193;9;;;;;;;;;;;;;;;;;;;;;;;;;;;;;;;;
75110001;LARIBOISIERE;48.882833;2.352000;55;20250205;0.0;1;3.0;1;1831;9;7.0;1;1529;9;5.4;1;5.0;1;4.0;1;;;;;0;9;;;;;;;;;;;;;;;;;;;;;;;;;;;;;;;;
75110001;LARIBOISIERE;48.882833;2.352000;55;20250206;0.0;1;3.2;1;820;9;5.8;1;1808;9;4.7;1;4.5;1;2.6;1;;;;;0;9;;;;;;;;;;;;;;;;;;;;;;;;;;;;;;;;
75110001;LARIBOISIERE;48.882833;2.352000;55;20250207;1.2;1;3.0;1;835;9;8.0;1;505;9;5.3;1;5.5;1;5.0;1;;;;;0;9;;;;;;;;;;;;;;;;;;;;;;;;;;;;;;;;
75110001;LARIBOISIERE;48.882833;2.352000;55;20250208;2.6;1;4.4;1;818;9;7.9;1;601;9;6.6;1;6.2;1;3.5;1;;;;;0;9;;;;;;;;;;;;;;;;;;;;;;;;;;;;;;;;
75110001;LARIBOISIERE;48.882833;2.352000;55;20250209;0.0;1;4.8;1;52;9;7.8;1;1538;9;6.5;1;6.3;1;3.0;1;;;;;0;9;;;;;;;;;;;;;;;;;;;;;;;;;;;;;;;;
75110001;LARIBOISIERE;48.882833;2.352000;55;20250210;6.8;1;5.2;1;758;9;6.5;1;1426;9;5.5;1;5.9;1;1.3;1;;;;;0;9;;;;;;;;;;;;;;;;;;;;;;;;;;;;;;;;
75110001;LARIBOISIERE;48.882833;2.352000;55;20250211;0.0;1;3.9;1;2018;9;6.6;1;1529;9;5.4;1;5.3;1;2.7;1;;;;;0;9;;;;;;;;;;;;;;;;;;;;;;;;;;;;;;;;
75110001;LARIBOISIERE;48.882833;2.352000;55;20250212;2.6;1;3.5;1;158;9;6.4;1;1701;9;5.1;1;5.0;1;2.9;1;;;;;0;9;;;;;;;;;;;;;;;;;;;;;;;;;;;;;;;;
75110001;LARIBOISIERE;48.882833;2.352000;55;20250213;0.0;1;4.8;1;716;9;6.6;1;1418;9;5.3;1;5.7;1;1.8;1;;;;;0;9;;;;;;;;;;;;;;;;;;;;;;;;;;;;;;;;
75110001;LARIBOISIERE;48.882833;2.352000;55;20250214;0.0;1;0.4;1;631;9;5.4;1;1413;9;2.9;1;2.9;1;5.0;1;;;;;0;9;;;;;;;;;;;;;;;;;;;;;;;;;;;;;;;;
75110001;LARIBOISIERE;48.882833;2.352000;55;20250215;0.0;1;0.5;1;543;9;4.9;1;1506;9;2.5;1;2.7;1;4.4;1;;;;;0;9;;;;;;;;;;;;;;;;;;;;;;;;;;;;;;;;
75110001;LARIBOISIERE;48.882833;2.352000;55;20250216;0.0;1;0.8;1;720;9;6.5;1;1517;9;3.3;1;3.7;1;5.7;1;;;;;0;9;;;;;;;;;;;;;;;;;;;;;;;;;;;;;;;;
75110001;LARIBOISIERE;48.882833;2.352000;55;20250217;0.0;1;0.5;1;630;9;6.8;1;1435;9;3.4;1;3.7;1;6.3;1;;;;;0;9;;;;;;;;;;;;;;;;;;;;;;;;;;;;;;;;
75110001;LARIBOISIERE;48.882833;2.352000;55;20250218;0.0;1;1.2;1;705;9;8.2;1;1458;9;4.4;1;4.7;1;7.0;1;;;;;0;9;;;;;;;;;;;;;;;;;;;;;;;;;;;;;;;;
75110001;LARIBOISIERE;48.882833;2.352000;55;20250219;0.0;1;2.3;1;559;9;11.0;1;1724;9;7.1;1;6.7;1;8.7;1;;;;;0;9;;;;;;;;;;;;;;;;;;;;;;;;;;;;;;;;
75110001;LARIBOISIERE;48.882833;2.352000;55;20250220;1.2;1;8.2;1;658;9;14.1;1;1440;9;11.5;1;11.2;1;5.9;1;;;;;0;9;;;;;;;;;;;;;;;;;;;;;;;;;;;;;;;;
75110001;LARIBOISIERE;48.882833;2.352000;55;20250221;0.8;1;11.6;1;651;9;16.4;1;1522;9;14.1;1;14.0;1;4.8;1;;;;;0;9;;;;;;;;;;;;;;;;;;;;;;;;;;;;;;;;
75110001;LARIBOISIERE;48.882833;2.352000;55;20250222;1.6;1;11.0;1;644;9;14.2;1;1453;9;12.4;1;12.6;1;3.2;1;;;;;0;9;;;;;;;;;;;;;;;;;;;;;;;;;;;;;;;;
75110001;LARIBOISIERE;48.882833;2.352000;55;20250223;0.0;1;7.5;1;657;9;14.6;1;1323;9;11.5;1;11.1;1;7.1;1;;;;;0;9;;;;;;;;;;;;;;;;;;;;;;;;;;;;;;;;
75110001;LARIBOISIERE;48.882833;2.352000;55;20250224;0.6;1;11.3;1;404;9;13.9;1;1122;9;12.0;1;12.6;1;2.6;1;;;;;0;9;;;;;;;;;;;;;;;;;;;;;;;;;;;;;;;;
75110001;LARIBOISIERE;48.882833;2.352000;55;20250225;16.7;1;7.4;1;1759;9;10.4;1;743;9;9.4;1;8.9;1;3.0;1;;;;;0;9;;;;;;;;;;;;;;;;;;;;;;;;;;;;;;;;
75110001;LARIBOISIERE;48.882833;2.352000;55;20250226;2.2;1;6.0;1;613;9;10.9;1;1347;9;8.2;1;8.5;1;4.9;1;;;;;0;9;;;;;;;;;;;;;;;;;;;;;;;;;;;;;;;;
75110001;LARIBOISIERE;48.882833;2.352000;55;20250227;0.0;1;5.8;1;601;9;9.6;1;1321;9;7.8;1;7.7;1;3.8;1;;;;;0;9;;;;;;;;;;;;;;;;;;;;;;;;;;;;;;;;
75110001;LARIBOISIERE;48.882833;2.352000;55;20250228;0.0;1;6.0;1;434;9;9.6;1;1423;9;7.3;1;7.8;1;3.6;1;;;;;0;9;;;;;;;;;;;;;;;;;;;;;;;;;;;;;;;;
75110001;LARIBOISIERE;48.882833;2.352000;55;20250301;0.0;1;2.7;1;644;9;7.5;1;1321;9;4.9;1;5.1;1;4.8;1;;;;;0;9;;;;;;;;;;;;;;;;;;;;;;;;;;;;;;;;
75110001;LARIBOISIERE;48.882833;2.352000;55;20250302;0.0;1;1.8;1;535;9;11.0;1;1446;9;6.2;1;6.4;1;9.2;1;;;;;0;9;;;;;;;;;;;;;;;;;;;;;;;;;;;;;;;;
75110001;LARIBOISIERE;48.882833;2.352000;55;20250303;0.0;1;3.0;1;644;9;11.6;1;1456;9;7.5;1;7.3;1;8.6;1;;;;;0;9;;;;;;;;;;;;;;;;;;;;;;;;;;;;;;;;
75110001;LARIBOISIERE;48.882833;2.352000;55;20250304;0.0;1;4.3;1;624;9;13.9;1;1648;9;9.0;1;9.1;1;9.6;1;;;;;0;9;;;;;;;;;;;;;;;;;;;;;;;;;;;;;;;;
75110001;LARIBOISIERE;48.882833;2.352000;55;20250305;0.0;1;5.6;1;527;9;18.0;1;1603;9;11.8;1;11.8;1;12.4;1;;;;;0;9;;;;;;;;;;;;;;;;;;;;;;;;;;;;;;;;
75110001;LARIBOISIERE;48.882833;2.352000;55;20250306;0.0;1;7.6;1;640;9;18.1;1;1540;9;13.3;1;12.9;1;10.5;1;;;;;0;9;;;;;;;;;;;;;;;;;;;;;;;;;;;;;;;;
75110001;LARIBOISIERE;48.882833;2.352000;55;20250307;0.0;1;9.5;1;632;9;18.0;1;1504;9;13.9;1;13.8;1;8.5;1;;;;;0;9;;;;;;;;;;;;;;;;;;;;;;;;;;;;;;;;
75110001;LARIBOISIERE;48.882833;2.352000;55;20250308;0.0;1;10.6;1;637;9;18.6;1;1501;9;14.6;1;14.6;1;8.0;1;;;;;0;9;;;;;;;;;;;;;;;;;;;;;;;;;;;;;;;;
75110001;LARIBOISIERE;48.882833;2.352000;55;20250309;0.0;1;11.7;1;651;9;18.6;1;1440;9;14.9;1;15.2;1;6.9;1;;;;;0;9;;;;;;;;;;;;;;;;;;;;;;;;;;;;;;;;
75110001;LARIBOISIERE;48.882833;2.352000;55;20250310;1.6;1;11.5;1;928;9;14.2;1;601;9;12.9;1;12.9;1;2.7;1;;;;;0;9;;;;;;;;;;;;;;;;;;;;;;;;;;;;;;;;
75110001;LARIBOISIERE;48.882833;2.352000;55;20250311;0.6;1;8.7;1;602;9;10.5;1;945;9;9.1;1;9.6;1;1.8;1;;;;;0;9;;;;;;;;;;;;;;;;;;;;;;;;;;;;;;;;
75110001;LARIBOISIERE;48.882833;2.352000;55;20250312;1.0;1;4.2;1;637;9;8.4;1;1552;9;6.3;1;6.3;1;4.2;1;;;;;0;9;;;;;;;;;;;;;;;;;;;;;;;;;;;;;;;;
75110001;LARIBOISIERE;48.882833;2.352000;55;20250313;0.0;1;4.3;1;637;9;8.5;1;1442;9;6.0;1;6.4;1;4.2;1;;;;;0;9;;;;;;;;;;;;;;;;;;;;;;;;;;;;;;;;
75110001;LARIBOISIERE;48.882833;2.352000;55;20250314;1.6;1;3.3;1;312;9;7.3;1;1605;9;5.3;1;5.3;1;4.0;1;;;;;0;9;;;;;;;;;;;;;;;;;;;;;;;;;;;;;;;;
75110001;LARIBOISIERE;48.882833;2.352000;55;20250315;0.0;1;1.9;1;631;9;9.0;1;1343;9;5.5;1;5.5;1;7.1;1;;;;;0;9;;;;;;;;;;;;;;;;;;;;;;;;;;;;;;;;
75110001;LARIBOISIERE;48.882833;2.352000;55;20250316;0.0;1;3.9;1;306;9;11.3;1;1511;9;7.2;1;7.6;1;7.4;1;;;;;0;9;;;;;;;;;;;;;;;;;;;;;;;;;;;;;;;;
75110001;LARIBOISIERE;48.882833;2.352000;55;20250317;0.0;1;3.0;1;556;9;11.8;1;1530;9;7.6;1;7.4;1;8.8;1;;;;;0;9;;;;;;;;;;;;;;;;;;;;;;;;;;;;;;;;
75110001;LARIBOISIERE;48.882833;2.352000;55;20250318;0.0;1;3.5;1;629;9;13.5;1;1704;9;9.1;1;8.5;1;10.0;1;;;;;0;9;;;;;;;;;;;;;;;;;;;;;;;;;;;;;;;;
75110001;LARIBOISIERE;48.882833;2.352000;55;20250319;0.0;1;8.3;1;605;9;17.8;1;1520;9;13.3;1;13.1;1;9.5;1;;;;;0;9;;;;;;;;;;;;;;;;;;;;;;;;;;;;;;;;
75110001;LARIBOISIERE;48.882833;2.352000;55;20250320;0.0;1;9.7;1;552;9;19.8;1;1448;9;14.9;1;14.8;1;10.1;1;;;;;0;9;;;;;;;;;;;;;;;;;;;;;;;;;;;;;;;;
75110001;LARIBOISIERE;48.882833;2.352000;55;20250321;5.0;1;13.1;1;420;9;19.8;1;1456;9;15.7;1;16.5;1;6.7;1;;;;;0;9;;;;;;;;;;;;;;;;;;;;;;;;;;;;;;;;
75110001;LARIBOISIERE;48.882833;2.352000;55;20250322;4.6;1;12.2;1;748;9;18.8;1;1440;9;13.9;1;15.5;1;6.6;1;;;;;0;9;;;;;;;;;;;;;;;;;;;;;;;;;;;;;;;;
75110001;LARIBOISIERE;48.882833;2.352000;55;20250323;2.0;1;9.0;1;515;9;14.0;1;1607;9;11.2;1;11.5;1;5.0;1;;;;;0;9;;;;;;;;;;;;;;;;;;;;;;;;;;;;;;;;
75110001;LARIBOISIERE;48.882833;2.352000;55;20250324;0.0;1;10.1;1;559;9;16.4;1;1309;9;13.2;1;13.3;1;6.3;1;;;;;0;9;;;;;;;;;;;;;;;;;;;;;;;;;;;;;;;;
75110001;LARIBOISIERE;48.882833;2.352000;55;20250325;0.0;1;8.2;1;808;9;15.0;1;1506;9;11.3;1;11.6;1;6.8;1;;;;;0;9;;;;;;;;;;;;;;;;;;;;;;;;;;;;;;;;
75110001;LARIBOISIERE;48.882833;2.352000;55;20250326;0.0;1;9.8;1;416;9;14.9;1;1532;9;11.3;1;12.4;1;5.1;1;;;;;0;9;;;;;;;;;;;;;;;;;;;;;;;;;;;;;;;;
75110001;LARIBOISIERE;48.882833;2.352000;55;20250327;0.0;1;6.2;1;616;9;16.4;1;1648;9;11.5;1;11.3;1;10.2;1;;;;;0;9;;;;;;;;;;;;;;;;;;;;;;;;;;;;;;;;
75110001;LARIBOISIERE;48.882833;2.352000;55;20250328;5.2;1;5.6;1;623;9;13.9;1;1348;9;10.0;1;9.8;1;8.3;1;;;;;0;9;;;;;;;;;;;;;;;;;;;;;;;;;;;;;;;;
75110001;LARIBOISIERE;48.882833;2.352000;55;20250329;0.0;1;8.1;1;618;9;14.4;1;1453;9;11.2;1;11.3;1;6.3;1;;;;;0;9;;;;;;;;;;;;;;;;;;;;;;;;;;;;;;;;
75110001;LARIBOISIERE;48.882833;2.352000;55;20250330;0.0;1;10.0;1;408;9;17.0;1;1335;9;12.8;1;13.5;1;7.0;1;;;;;0;9;;;;;;;;;;;;;;;;;;;;;;;;;;;;;;;;
75110001;LARIBOISIERE;48.882833;2.352000;55;20250331;0.0;1;8.3;1;601;9;15.7;1;1528;9;11.6;1;12.0;1;7.4;1;;;;;0;9;;;;;;;;;;;;;;;;;;;;;;;;;;;;;;;;
75110001;LARIBOISIERE;48.882833;2.352000;55;20250401;0.0;1;7.1;1;537;9;15.3;1;1421;9;11.2;1;11.2;1;8.2;1;;;;;;;;;;;;;;;;;;;;;;;;;;;;;;;;;;;;;;
75110001;LARIBOISIERE;48.882833;2.352000;55;20250402;0.0;1;7.8;1;607;9;18.2;1;1730;9;13.5;1;13.0;1;10.4;1;;;;;0;9;;;;;;;;;;;;;;;;;;;;;;;;;;;;;;;;
75110001;LARIBOISIERE;48.882833;2.352000;55;20250403;0.0;1;12.3;1;402;9;21.8;1;1426;9;17.4;1;17.1;1;9.5;1;;;;;0;9;;;;;;;;;;;;;;;;;;;;;;;;;;;;;;;;
75110001;LARIBOISIERE;48.882833;2.352000;55;20250404;0.0;1;15.0;1;527;9;23.9;1;1357;9;19.0;1;19.5;1;8.9;1;;;;;0;9;;;;;;;;;;;;;;;;;;;;;;;;;;;;;;;;
75110001;LARIBOISIERE;48.882833;2.352000;55;20250405;0.0;1;12.7;1;558;9;24.5;1;1537;9;18.6;1;18.6;1;11.8;1;;;;;0;9;;;;;;;;;;;;;;;;;;;;;;;;;;;;;;;;
75110001;LARIBOISIERE;48.882833;2.352000;55;20250406;0.0;1;10.2;1;555;9;18.7;1;1527;9;14.3;1;14.5;1;8.5;1;;;;;0;9;;;;;;;;;;;;;;;;;;;;;;;;;;;;;;;;
75110001;LARIBOISIERE;48.882833;2.352000;55;20250407;0.0;1;7.1;1;604;9;17.4;1;1533;9;12.6;1;12.3;1;10.3;1;;;;;0;9;;;;;;;;;;;;;;;;;;;;;;;;;;;;;;;;
75110001;LARIBOISIERE;48.882833;2.352000;55;20250408;0.0;1;7.9;1;601;9;18.6;1;1533;9;13.7;1;13.3;1;10.7;1;;;;;0;9;;;;;;;;;;;;;;;;;;;;;;;;;;;;;;;;
75110001;LARIBOISIERE;48.882833;2.352000;55;20250409;0.0;1;8.3;1;604;9;18.5;1;1537;9;13.4;1;13.4;1;10.2;1;;;;;0;9;;;;;;;;;;;;;;;;;;;;;;;;;;;;;;;;
75110001;LARIBOISIERE;48.882833;2.352000;55;20250410;0.0;1;6.2;1;527;9;17.1;1;1532;9;11.5;1;11.7;1;10.9;1;;;;;0;9;;;;;;;;;;;;;;;;;;;;;;;;;;;;;;;;
75110001;LARIBOISIERE;48.882833;2.352000;55;20250411;0.0;1;7.8;1;550;9;22.0;1;1544;9;14.9;1;14.9;1;14.2;1;;;;;0;9;;;;;;;;;;;;;;;;;;;;;;;;;;;;;;;;
75110001;LARIBOISIERE;48.882833;2.352000;55;20250412;3.6;1;11.2;1;455;9;22.0;1;1301;9;15.6;1;16.6;1;10.8;1;;;;;0;9;;;;;;;;;;;;;;;;;;;;;;;;;;;;;;;;
75110001;LARIBOISIERE;48.882833;2.352000;55;20250413;0.0;1;13.6;1;617;9;17.7;1;1552;9;14.9;1;15.7;1;4.1;1;;;;;0;9;;;;;;;;;;;;;;;;;;;;;;;;;;;;;;;;
75110001;LARIBOISIERE;48.882833;2.352000;55;20250414;0.4;1;10.9;1;519;9;20.6;1;1543;9;15.8;1;15.8;1;9.7;1;;;;;0;9;;;;;;;;;;;;;;;;;;;;;;;;;;;;;;;;
75110001;LARIBOISIERE;48.882833;2.352000;55;20250415;0.0;1;13.3;1;437;9;18.6;1;1206;9;15.0;1;16.0;1;5.3;1;;;;;0;9;;;;;;;;;;;;;;;;;;;;;;;;;;;;;;;;
75110001;LARIBOISIERE;48.882833;2.352000;55;20250416;0.0;1;9.1;1;603;9;14.4;1;1447;9;11.9;1;11.8;1;5.3;1;;;;;0;9;;;;;;;;;;;;;;;;;;;;;;;;;;;;;;;;
75110001;LARIBOISIERE;48.882833;2.352000;55;20250417;0.0;1;9.4;1;532;9;17.5;1;1535;9;13.4;1;13.5;1;8.1;1;;;;;0;9;;;;;;;;;;;;;;;;;;;;;;;;;;;;;;;;
75110001;LARIBOISIERE;48.882833;2.352000;55;20250418;0.0;1;8.1;1;517;9;19.3;1;1532;9;13.9;1;13.7;1;11.2;1;;;;;0;9;;;;;;;;;;;;;;;;;;;;;;;;;;;;;;;;
75110001;LARIBOISIERE;48.882833;2.352000;55;20250419;7.2;1;10.2;1;534;9;20.3;1;1545;9;14.5;1;15.3;1;10.1;1;;;;;0;9;;;;;;;;;;;;;;;;;;;;;;;;;;;;;;;;
75110001;LARIBOISIERE;48.882833;2.352000;55;20250420;6.8;1;11.6;1;656;9;16.3;1;1339;9;13.4;1;14.0;1;4.7;1;;;;;0;9;;;;;;;;;;;;;;;;;;;;;;;;;;;;;;;;
75110001;LARIBOISIERE;48.882833;2.352000;55;20250421;1.8;1;10.8;1;255;9;15.7;1;1446;9;12.8;1;13.3;1;4.9;1;;;;;0;9;;;;;;;;;;;;;;;;;;;;;;;;;;;;;;;;
75110001;LARIBOISIERE;48.882833;2.352000;55;20250422;0.8;1;11.3;1;502;9;17.2;1;1320;9;14.2;1;14.3;1;5.9;1;;;;;0;9;;;;;;;;;;;;;;;;;;;;;;;;;;;;;;;;
75110001;LARIBOISIERE;48.882833;2.352000;55;20250423;7.0;1;9.6;1;635;9;15.9;1;1550;9;12.8;1;12.8;1;6.3;1;;;;;0;9;;;;;;;;;;;;;;;;;;;;;;;;;;;;;;;;
75110001;LARIBOISIERE;48.882833;2.352000;55;20250424;0.0;1;11.0;1;601;9;15.8;1;1533;9;13.4;1;13.4;1;4.8;1;;;;;0;9;;;;;;;;;;;;;;;;;;;;;;;;;;;;;;;;
75110001;LARIBOISIERE;48.882833;2.352000;55;20250425;0.0;1;9.4;1;147;9;16.1;1;1454;9;13.0;1;12.8;1;6.7;1;;;;;0;9;;;;;;;;;;;;;;;;;;;;;;;;;;;;;;;;
75110001;LARIBOISIERE;48.882833;2.352000;55;20250426;0.0;1;9.3;1;540;9;19.9;1;1425;9;15.0;1;14.6;1;10.6;1;;;;;0;9;;;;;;;;;;;;;;;;;;;;;;;;;;;;;;;;
75110001;LARIBOISIERE;48.882833;2.352000;55;20250427;0.0;1;12.3;1;448;9;22.1;1;1538;9;17.0;1;17.2;1;9.8;1;;;;;0;9;;;;;;;;;;;;;;;;;;;;;;;;;;;;;;;;
75110001;LARIBOISIERE;48.882833;2.352000;55;20250428;0.0;1;13.0;1;459;9;24.6;1;1527;9;19.0;1;18.8;1;11.6;1;;;;;0;9;;;;;;;;;;;;;;;;;;;;;;;;;;;;;;;;
75110001;LARIBOISIERE;48.882833;2.352000;55;20250429;0.0;1;13.7;1;525;9;26.0;1;1507;9;20.5;1;19.9;1;12.3;1;;;;;0;9;;;;;;;;;;;;;;;;;;;;;;;;;;;;;;;;
75110001;LARIBOISIERE;48.882833;2.352000;55;20250430;0.0;1;15.4;1;509;9;28.5;1;1532;9;22.4;1;22.0;1;13.1;1;;;;;0;9;;;;;;;;;;;;;;;;;;;;;;;;;;;;;;;;
75110001;LARIBOISIERE;48.882833;2.352000;55;20250501;0.0;1;18.3;1;456;9;30.3;1;1524;9;24.1;1;24.3;1;12.0;1;;;;;0;9;;;;;;;;;;;;;;;;;;;;;;;;;;;;;;;;
75110001;LARIBOISIERE;48.882833;2.352000;55;20250502;0.0;1;19.3;1;517;9;28.3;1;1501;9;23.9;1;23.8;1;9.0;1;;;;;0;9;;;;;;;;;;;;;;;;;;;;;;;;;;;;;;;;
75110001;LARIBOISIERE;48.882833;2.352000;55;20250503;12.7;1;16.5;1;1428;9;26.4;1;1228;9;20.0;1;21.5;1;9.9;1;;;;;0;9;;;;;;;;;;;;;;;;;;;;;;;;;;;;;;;;
75110001;LARIBOISIERE;48.882833;2.352000;55;20250504;0.0;1;10.2;1;522;9;16.8;1;1322;9;12.8;1;13.5;1;6.6;1;;;;;0;9;;;;;;;;;;;;;;;;;;;;;;;;;;;;;;;;
75110001;LARIBOISIERE;48.882833;2.352000;55;20250505;0.0;1;7.3;1;431;9;14.7;1;1555;9;11.5;1;11.0;1;7.4;1;;;;;0;9;;;;;;;;;;;;;;;;;;;;;;;;;;;;;;;;
75110001;LARIBOISIERE;48.882833;2.352000;55;20250506;0.0;1;8.3;1;453;9;16.4;1;1440;9;12.7;1;12.4;1;8.1;1;;;;;0;9;;;;;;;;;;;;;;;;;;;;;;;;;;;;;;;;
75110001;LARIBOISIERE;48.882833;2.352000;55;20250507;0.0;1;9.9;1;206;9;16.7;1;1532;9;12.6;1;13.3;1;6.8;1;;;;;0;9;;;;;;;;;;;;;;;;;;;;;;;;;;;;;;;;
75110001;LARIBOISIERE;48.882833;2.352000;55;20250508;0.0;1;9.4;1;427;9;19.0;1;1529;9;14.3;1;14.2;1;9.6;1;;;;;0;9;;;;;;;;;;;;;;;;;;;;;;;;;;;;;;;;
75110001;LARIBOISIERE;48.882833;2.352000;55;20250509;0.0;1;11.3;1;516;9;20.5;1;1316;9;16.0;1;15.9;1;9.2;1;;;;;0;9;;;;;;;;;;;;;;;;;;;;;;;;;;;;;;;;
75110001;LARIBOISIERE;48.882833;2.352000;55;20250510;0.0;1;11.7;1;453;9;24.4;1;1522;9;18.6;1;18.1;1;12.7;1;;;;;0;9;;;;;;;;;;;;;;;;;;;;;;;;;;;;;;;;
75110001;LARIBOISIERE;48.882833;2.352000;55;20250511;5.6;1;15.3;1;514;9;25.0;1;1359;9;19.4;1;20.2;1;9.7;1;;;;;0;9;;;;;;;;;;;;;;;;;;;;;;;;;;;;;;;;
75110001;LARIBOISIERE;48.882833;2.352000;55;20250512;2.8;1;14.2;1;331;9;21.9;1;1538;9;16.8;1;18.1;1;7.7;1;;;;;0;9;;;;;;;;;;;;;;;;;;;;;;;;;;;;;;;;
75110001;LARIBOISIERE;48.882833;2.352000;55;20250513;2.4;1;14.1;1;500;9;22.3;1;1427;9;17.8;1;18.2;1;8.2;1;;;;;0;9;;;;;;;;;;;;;;;;;;;;;;;;;;;;;;;;
75110001;LARIBOISIERE;48.882833;2.352000;55;20250514;0.2;1;14.5;1;440;9;25.1;1;1456;9;19.7;1;19.8;1;10.6;1;;;;;0;9;;;;;;;;;;;;;;;;;;;;;;;;;;;;;;;;
75110001;LARIBOISIERE;48.882833;2.352000;55;20250515;0.0;1;10.3;1;415;9;16.9;1;1400;9;13.6;1;13.6;1;6.6;1;;;;;0;9;;;;;;;;;;;;;;;;;;;;;;;;;;;;;;;;
75110001;LARIBOISIERE;48.882833;2.352000;55;20250516;0.0;1;9.7;1;447;9;20.8;1;1521;9;15.0;1;15.3;1;11.1;1;;;;;0;9;;;;;;;;;;;;;;;;;;;;;;;;;;;;;;;;
75110001;LARIBOISIERE;48.882833;2.352000;55;20250517;0.0;1;10.8;1;11;9;18.6;1;1728;9;14.5;1;14.7;1;7.8;1;;;;;0;9;;;;;;;;;;;;;;;;;;;;;;;;;;;;;;;;
75110001;LARIBOISIERE;48.882833;2.352000;55;20250518;0.0;1;8.4;1;606;9;21.1;1;1518;9;14.6;1;14.8;1;12.7;1;;;;;0;9;;;;;;;;;;;;;;;;;;;;;;;;;;;;;;;;
75110001;LARIBOISIERE;48.882833;2.352000;55;20250519;0.0;1;9.8;1;445;9;23.7;1;1539;9;17.5;1;16.8;1;13.9;1;;;;;0;9;;;;;;;;;;;;;;;;;;;;;;;;;;;;;;;;
75110001;LARIBOISIERE;48.882833;2.352000;55;20250520;0.0;1;13.5;1;452;9;24.7;1;1500;9;19.7;1;19.1;1;11.2;1;;;;;0;9;;;;;;;;;;;;;;;;;;;;;;;;;;;;;;;;
75110001;LARIBOISIERE;48.882833;2.352000;55;20250521;6.2;1;13.6;1;1758;9;18.8;1;938;9;15.0;1;16.2;1;5.2;1;;;;;0;9;;;;;;;;;;;;;;;;;;;;;;;;;;;;;;;;
75110001;LARIBOISIERE;48.882833;2.352000;55;20250522;0.0;1;9.8;1;404;9;20.4;1;1522;9;14.7;1;15.1;1;10.6;1;;;;;0;9;;;;;;;;;;;;;;;;;;;;;;;;;;;;;;;;
75110001;LARIBOISIERE;48.882833;2.352000;55;20250523;0.0;1;9.8;1;443;9;18.8;1;1535;9;14.7;1;14.3;1;9.0;1;;;;;0;9;;;;;;;;;;;;;;;;;;;;;;;;;;;;;;;;
75110001;LARIBOISIERE;48.882833;2.352000;55;20250524;0.0;1;13.1;1;420;9;21.2;1;1501;9;17.5;1;17.2;1;8.1;1;;;;;0;9;;;;;;;;;;;;;;;;;;;;;;;;;;;;;;;;
75110001;LARIBOISIERE;48.882833;2.352000;55;20250525;0.6;1;15.6;1;653;9;22.6;1;1457;9;17.8;1;19.1;1;7.0;1;;;;;0;9;;;;;;;;;;;;;;;;;;;;;;;;;;;;;;;;
75110001;LARIBOISIERE;48.882833;2.352000;55;20250526;0.0;1;12.8;1;412;9;19.9;1;1200;9;16.9;1;16.4;1;7.1;1;;;;;0;9;;;;;;;;;;;;;;;;;;;;;;;;;;;;;;;;
75110001;LARIBOISIERE;48.882833;2.352000;55;20250527;1.6;1;13.8;1;407;9;19.7;1;1808;9;17.0;1;16.8;1;5.9;1;;;;;0;9;;;;;;;;;;;;;;;;;;;;;;;;;;;;;;;;
75110001;LARIBOISIERE;48.882833;2.352000;55;20250528;0.0;1;14.8;1;438;9;23.6;1;1350;9;18.2;1;19.2;1;8.8;1;;;;;0;9;;;;;;;;;;;;;;;;;;;;;;;;;;;;;;;;
75110001;LARIBOISIERE;48.882833;2.352000;55;20250529;0.0;1;14.8;1;401;9;24.6;1;1426;9;20.2;1;19.7;1;9.8;1;;;;;0;9;;;;;;;;;;;;;;;;;;;;;;;;;;;;;;;;
75110001;LARIBOISIERE;48.882833;2.352000;55;20250530;0.0;1;18.1;1;429;9;30.9;1;1433;9;24.5;1;24.5;1;12.8;1;;;;;0;9;;;;;;;;;;;;;;;;;;;;;;;;;;;;;;;;
75110001;LARIBOISIERE;48.882833;2.352000;55;20250531;0.0;1;18.9;1;434;9;29.6;1;1441;9;23.3;1;24.3;1;10.7;1;;;;;0;9;;;;;;;;;;;;;;;;;;;;;;;;;;;;;;;;
75110001;LARIBOISIERE;48.882833;2.352000;55;20250601;0.0;1;17.5;1;603;9;23.8;1;1408;9;20.1;1;20.7;1;6.3;1;;;;;0;9;;;;;;;;;;;;;;;;;;;;;;;;;;;;;;;;
75110001;LARIBOISIERE;48.882833;2.352000;55;20250602;0.0;1;15.9;1;443;9;23.5;1;1450;9;19.3;1;19.7;1;7.6;1;;;;;0;9;;;;;;;;;;;;;;;;;;;;;;;;;;;;;;;;
75110001;LARIBOISIERE;48.882833;2.352000;55;20250603;0.0;1;16.0;1;319;9;24.6;1;1244;9;20.5;1;20.3;1;8.6;1;;;;;0;9;;;;;;;;;;;;;;;;;;;;;;;;;;;;;;;;
75110001;LARIBOISIERE;48.882833;2.352000;55;20250604;1.4;1;14.2;1;651;9;20.2;1;1742;9;17.1;1;17.2;1;6.0;1;;;;;0;9;;;;;;;;;;;;;;;;;;;;;;;;;;;;;;;;
75110001;LARIBOISIERE;48.882833;2.352000;55;20250605;11.5;1;14.7;1;552;9;19.3;1;1147;9;16.6;1;17.0;1;4.6;1;;;;;0;9;;;;;;;;;;;;;;;;;;;;;;;;;;;;;;;;
75110001;LARIBOISIERE;48.882833;2.352000;55;20250606;0.2;1;14.1;1;607;9;22.4;1;1418;9;18.0;1;18.3;1;8.3;1;;;;;0;9;;;;;;;;;;;;;;;;;;;;;;;;;;;;;;;;
75110001;LARIBOISIERE;48.882833;2.352000;55;20250607;0.6;1;14.7;1;444;9;20.4;1;1405;9;17.1;1;17.6;1;5.7;1;;;;;0;9;;;;;;;;;;;;;;;;;;;;;;;;;;;;;;;;
75110001;LARIBOISIERE;48.882833;2.352000;55;20250608;0.6;1;13.6;1;502;9;21.7;1;1513;9;16.9;1;17.7;1;8.1;1;;;;;0;9;;;;;;;;;;;;;;;;;;;;;;;;;;;;;;;;
75110001;LARIBOISIERE;48.882833;2.352000;55;20250609;0.0;1;14.1;1;402;9;24.1;1;1513;9;18.8;1;19.1;1;10.0;1;;;;;0;9;;;;;;;;;;;;;;;;;;;;;;;;;;;;;;;;
75110001;LARIBOISIERE;48.882833;2.352000;55;20250610;0.0;1;15.7;1;409;9;26.4;1;1433;9;20.4;1;21.1;1;10.7;1;;;;;0;9;;;;;;;;;;;;;;;;;;;;;;;;;;;;;;;;
75110001;LARIBOISIERE;48.882833;2.352000;55;20250611;0.0;1;15.6;1;441;9;28.7;1;1458;9;22.6;1;22.2;1;13.1;1;;;;;0;9;;;;;;;;;;;;;;;;;;;;;;;;;;;;;;;;
75110001;LARIBOISIERE;48.882833;2.352000;55;20250612;0.0;1;19.2;1;419;9;32.0;1;1445;9;26.0;1;25.6;1;12.8;1;;;;;0;9;;;;;;;;;;;;;;;;;;;;;;;;;;;;;;;;
75110001;LARIBOISIERE;48.882833;2.352000;55;20250613;4.7;1;22.3;1;514;9;34.1;1;1500;9;27.9;1;28.2;1;11.8;1;;;;;0;9;;;;;;;;;;;;;;;;;;;;;;;;;;;;;;;;
75110001;LARIBOISIERE;48.882833;2.352000;55;20250614;0.0;1;21.4;1;2316;9;29.6;1;1425;9;24.5;1;25.5;1;8.2;1;;;;;0;9;;;;;;;;;;;;;;;;;;;;;;;;;;;;;;;;
75110001;LARIBOISIERE;48.882833;2.352000;55;20250615;0.0;1;17.8;1;953;9;24.8;1;1549;9;19.8;1;21.3;1;7.0;1;;;;;0;9;;;;;;;;;;;;;;;;;;;;;;;;;;;;;;;;
75110001;LARIBOISIERE;48.882833;2.352000;55;20250616;0.0;1;15.6;1;433;9;27.3;1;1604;9;21.5;1;21.5;1;11.7;1;;;;;0;9;;;;;;;;;;;;;;;;;;;;;;;;;;;;;;;;
75110001;LARIBOISIERE;48.882833;2.352000;55;20250617;0.0;1;18.1;1;321;9;29.4;1;1415;9;23.8;1;23.8;1;11.3;1;;;;;0;9;;;;;;;;;;;;;;;;;;;;;;;;;;;;;;;;
75110001;LARIBOISIERE;48.882833;2.352000;55;20250618;0.0;1;18.4;1;422;9;29.6;1;1532;9;24.3;1;24.0;1;11.2;1;;;;;0;9;;;;;;;;;;;;;;;;;;;;;;;;;;;;;;;;
75110001;LARIBOISIERE;48.882833;2.352000;55;20250619;0.0;1;19.1;1;450;9;32.0;1;1543;9;25.8;1;25.6;1;12.9;1;;;;;0;9;;;;;;;;;;;;;;;;;;;;;;;;;;;;;;;;
75110001;LARIBOISIERE;48.882833;2.352000;55;20250620;0.0;1;20.1;1;432;9;32.6;1;1456;9;26.4;1;26.4;1;12.5;1;;;;;0;9;;;;;;;;;;;;;;;;;;;;;;;;;;;;;;;;
75110001;LARIBOISIERE;48.882833;2.352000;55;20250621;0.0;1;21.6;1;434;9;36.4;1;1544;9;29.4;1;29.0;1;14.8;1;;;;;0;9;;;;;;;;;;;;;;;;;;;;;;;;;;;;;;;;
75110001;LARIBOISIERE;48.882833;2.352000;55;20250622;0.0;1;23.6;1;931;9;31.0;1;1519;9;26.4;1;27.3;1;7.4;1;;;;;0;9;;;;;;;;;;;;;;;;;;;;;;;;;;;;;;;;
75110001;LARIBOISIERE;48.882833;2.352000;55;20250623;0.0;1;19.6;1;521;9;27.8;1;1438;9;21.9;1;23.7;1;8.2;1;;;;;0;9;;;;;;;;;;;;;;;;;;;;;;;;;;;;;;;;
75110001;LARIBOISIERE;48.882833;2.352000;55;20250624;0.0;1;16.4;1;431;9;32.2;1;1552;9;24.2;1;24.3;1;15.8;1;;;;;0;9;;;;;;;;;;;;;;;;;;;;;;;;;;;;;;;;
75110001;LARIBOISIERE;48.882833;2.352000;55;20250625;21.2;1;20.8;1;420;9;36.9;1;1527;9;27.2;1;28.9;1;16.1;1;;;;;0;9;;;;;;;;;;;;;;;;;;;;;;;;;;;;;;;;
75110001;LARIBOISIERE;48.882833;2.352000;55;20250626;0.8;1;20.4;1;712;9;27.9;1;1330;9;23.7;1;24.2;1;7.5;1;;;;;0;9;;;;;;;;;;;;;;;;;;;;;;;;;;;;;;;;
75110001;LARIBOISIERE;48.882833;2.352000;55;20250627;0.0;1;21.4;1;544;9;28.8;1;1550;9;24.9;1;25.1;1;7.4;1;;;;;0;9;;;;;;;;;;;;;;;;;;;;;;;;;;;;;;;;
75110001;LARIBOISIERE;48.882833;2.352000;55;20250628;0.0;1;21.6;1;555;9;31.1;1;1440;9;25.8;1;26.4;1;9.5;1;;;;;0;9;;;;;;;;;;;;;;;;;;;;;;;;;;;;;;;;
75110001;LARIBOISIERE;48.882833;2.352000;55;20250629;0.0;1;20.2;1;421;9;31.4;1;1556;9;25.4;1;25.8;1;11.2;1;;;;;0;9;;;;;;;;;;;;;;;;;;;;;;;;;;;;;;;;
75110001;LARIBOISIERE;48.882833;2.352000;55;20250630;0.0;1;21.7;1;442;9;36.6;1;1441;9;29.4;1;29.2;1;14.9;1;;;;;0;9;;;;;;;;;;;;;;;;;;;;;;;;;;;;;;;;
75110001;LARIBOISIERE;48.882833;2.352000;55;20250701;0.0;1;27.2;1;452;9;39.6;1;1501;9;33.1;1;33.4;1;12.4;1;;;;;0;9;;;;;;;;;;;;;;;;;;;;;;;;;;;;;;;;
75110001;LARIBOISIERE;48.882833;2.352000;55;20250702;0.0;1;21.4;1;1707;9;33.7;1;1258;9;25.6;1;27.6;1;12.3;1;;;;;0;9;;;;;;;;;;;;;;;;;;;;;;;;;;;;;;;;
75110001;LARIBOISIERE;48.882833;2.352000;55;20250703;0.0;1;18.1;1;411;9;26.9;1;1525;9;22.1;1;22.5;1;8.8;1;;;;;0;9;;;;;;;;;;;;;;;;;;;;;;;;;;;;;;;;
75110001;LARIBOISIERE;48.882833;2.352000;55;20250704;0.0;1;17.1;1;449;9;28.8;1;1546;9;22.7;1;23.0;1;11.7;1;;;;;0;9;;;;;;;;;;;;;;;;;;;;;;;;;;;;;;;;
75110001;LARIBOISIERE;48.882833;2.352000;55;20250705;14.3;1;18.4;1;344;9;29.2;1;1522;9;22.7;1;23.8;1;10.8;1;;;;;0;9;;;;;;;;;;;;;;;;;;;;;;;;;;;;;;;;
75110001;LARIBOISIERE;48.882833;2.352000;55;20250706;13.5;1;14.6;1;530;9;20.8;1;1753;9;17.4;1;17.7;1;6.2;1;;;;;0;9;;;;;;;;;;;;;;;;;;;;;;;;;;;;;;;;
75110001;LARIBOISIERE;48.882833;2.352000;55;20250707;8.0;1;15.7;1;726;9;20.3;1;1429;9;17.4;1;18.0;1;4.6;1;;;;;0;9;;;;;;;;;;;;;;;;;;;;;;;;;;;;;;;;
75110001;LARIBOISIERE;48.882833;2.352000;55;20250708;1.4;1;14.3;1;724;9;22.9;1;1554;9;18.8;1;18.6;1;8.6;1;;;;;0;9;;;;;;;;;;;;;;;;;;;;;;;;;;;;;;;;
75110001;LARIBOISIERE;48.882833;2.352000;55;20250709;0.0;1;15.2;1;433;9;26.4;1;1535;9;21.2;1;20.8;1;11.2;1;;;;;0;9;;;;;;;;;;;;;;;;;;;;;;;;;;;;;;;;
75110001;LARIBOISIERE;48.882833;2.352000;55;20250710;0.0;1;18.1;1;406;9;29.3;1;1606;9;23.9;1;23.7;1;11.2;1;;;;;0;9;;;;;;;;;;;;;;;;;;;;;;;;;;;;;;;;
75110001;LARIBOISIERE;48.882833;2.352000;55;20250711;0.0;1;19.5;1;510;9;29.9;1;1600;9;25.1;1;24.7;1;10.4;1;;;;;0;9;;;;;;;;;;;;;;;;;;;;;;;;;;;;;;;;
75110001;LARIBOISIERE;48.882833;2.352000;55;20250712;0.0;1;20.1;1;512;9;29.5;1;1556;9;24.9;1;24.8;1;9.4;1;;;;;0;9;;;;;;;;;;;;;;;;;;;;;;;;;;;;;;;;
75110001;LARIBOISIERE;48.882833;2.352000;55;20250713;0.0;1;19.1;1;456;9;32.3;1;1508;9;26.0;1;25.7;1;13.2;1;;;;;0;9;;;;;;;;;;;;;;;;;;;;;;;;;;;;;;;;
75110001;LARIBOISIERE;48.882833;2.352000;55;20250714;0.0;1;21.7;1;436;9;28.6;1;1541;9;23.9;1;25.2;1;6.9;1;;;;;0;9;;;;;;;;;;;;;;;;;;;;;;;;;;;;;;;;
75110001;LARIBOISIERE;48.882833;2.352000;55;20250715;0.0;1;18.7;1;453;9;25.6;1;1433;9;22.2;1;22.2;1;6.9;1;;;;;0;9;;;;;;;;;;;;;;;;;;;;;;;;;;;;;;;;
75110001;LARIBOISIERE;48.882833;2.352000;55;20250716;1.2;1;19.9;1;246;9;23.1;1;1544;9;21.0;1;21.5;1;3.2;1;;;;;0;9;;;;;;;;;;;;;;;;;;;;;;;;;;;;;;;;
75110001;LARIBOISIERE;48.882833;2.352000;55;20250717;2.2;1;18.5;1;410;9;27.8;1;1511;9;22.4;1;23.2;1;9.3;1;;;;;0;9;;;;;;;;;;;;;;;;;;;;;;;;;;;;;;;;
75110001;LARIBOISIERE;48.882833;2.352000;55;20250718;0.0;1;21.6;1;235;9;31.7;1;1517;9;27.0;1;26.7;1;10.1;1;;;;;0;9;;;;;;;;;;;;;;;;;;;;;;;;;;;;;;;;
75110001;LARIBOISIERE;48.882833;2.352000;55;20250719;4.0;1;21.3;1;1051;9;26.8;1;1540;9;23.8;1;24.1;1;5.5;1;;;;;0;9;;;;;;;;;;;;;;;;;;;;;;;;;;;;;;;;
75110001;LARIBOISIERE;48.882833;2.352000;55;20250720;7.4;1;17.4;1;929;9;24.4;1;1534;9;21.0;1;20.9;1;7.0;1;;;;;0;9;;;;;;;;;;;;;;;;;;;;;;;;;;;;;;;;
75110001;LARIBOISIERE;48.882833;2.352000;55;20250721;19.8;1;17.2;1;545;9;23.1;1;1555;9;19.4;1;20.2;1;5.9;1;;;;;0;9;;;;;;;;;;;;;;;;;;;;;;;;;;;;;;;;
75110001;LARIBOISIERE;48.882833;2.352000;55;20250722;0.0;1;17.3;1;622;9;22.7;1;1444;9;20.3;1;20.0;1;5.4;1;;;;;0;9;;;;;;;;;;;;;;;;;;;;;;;;;;;;;;;;
75110001;LARIBOISIERE;48.882833;2.352000;55;20250723;5.2;1;19.2;1;1744;9;23.2;1;1055;9;20.1;1;21.2;1;4.0;1;;;;;0;9;;;;;;;;;;;;;;;;;;;;;;;;;;;;;;;;
75110001;LARIBOISIERE;48.882833;2.352000;55;20250724;3.2;1;17.0;1;425;9;23.1;1;1340;9;19.1;1;20.1;1;6.1;1;;;;;0;9;;;;;;;;;;;;;;;;;;;;;;;;;;;;;;;;
75110001;LARIBOISIERE;48.882833;2.352000;55;20250725;0.0;1;17.8;1;229;9;27.5;1;1557;9;22.0;1;22.7;1;9.7;1;;;;;0;9;;;;;;;;;;;;;;;;;;;;;;;;;;;;;;;;
75110001;LARIBOISIERE;48.882833;2.352000;55;20250726;4.0;1;18.1;1;432;9;28.6;1;1557;9;22.4;1;23.4;1;10.5;1;;;;;0;9;;;;;;;;;;;;;;;;;;;;;;;;;;;;;;;;
75110001;LARIBOISIERE;48.882833;2.352000;55;20250727;1.4;1;17.8;1;1514;9;24.1;1;1409;9;19.4;1;21.0;1;6.3;1;;;;;0;9;;;;;;;;;;;;;;;;;;;;;;;;;;;;;;;;
75110001;LARIBOISIERE;48.882833;2.352000;55;20250728;0.0;1;17.0;1;201;9;23.6;1;1416;9;20.0;1;20.3;1;6.6;1;;;;;0;9;;;;;;;;;;;;;;;;;;;;;;;;;;;;;;;;
75110001;LARIBOISIERE;48.882833;2.352000;55;20250729;0.0;1;16.8;1;414;9;23.8;1;1145;9;20.1;1;20.3;1;7.0;1;;;;;0;9;;;;;;;;;;;;;;;;;;;;;;;;;;;;;;;;
75110001;LARIBOISIERE;48.882833;2.352000;55;20250730;1.0;1;19.1;1;350;9;24.3;1;1525;9;21.3;1;21.7;1;5.2;1;;;;;0;9;;;;;;;;;;;;;;;;;;;;;;;;;;;;;;;;
75110001;LARIBOISIERE;48.882833;2.352000;55;20250731;6.8;1;17.6;1;517;9;25.9;1;1413;9;21.9;1;21.8;1;8.3;1;;;;;0;9;;;;;;;;;;;;;;;;;;;;;;;;;;;;;;;;
75110001;LARIBOISIERE;48.882833;2.352000;55;20250801;0.2;1;18.2;1;525;9;24.1;1;1445;9;20.3;1;21.2;1;5.9;1;;;;;0;9;;;;;;;;;;;;;;;;;;;;;;;;;;;;;;;;
75110001;LARIBOISIERE;48.882833;2.352000;55;20250802;0.0;1;15.2;1;428;9;22.8;1;1508;9;19.0;1;19.0;1;7.6;1;;;;;0;9;;;;;;;;;;;;;;;;;;;;;;;;;;;;;;;;
75110001;LARIBOISIERE;48.882833;2.352000;55;20250803;0.0;1;16.3;1;426;9;26.3;1;1514;9;21.2;1;21.3;1;10.0;1;;;;;0;9;;;;;;;;;;;;;;;;;;;;;;;;;;;;;;;;
75110001;LARIBOISIERE;48.882833;2.352000;55;20250804;3.2;1;19.7;1;524;9;30.0;1;1554;9;24.2;1;24.9;1;10.3;1;;;;;0;9;;;;;;;;;;;;;;;;;;;;;;;;;;;;;;;;
75110001;LARIBOISIERE;48.882833;2.352000;55;20250805;0.0;1;18.2;1;628;9;24.4;1;1541;9;20.6;1;21.3;1;6.2;1;;;;;0;9;;;;;;;;;;;;;;;;;;;;;;;;;;;;;;;;
75110001;LARIBOISIERE;48.882833;2.352000;55;20250806;0.0;1;16.1;1;552;9;25.7;1;1556;9;20.5;1;20.9;1;9.6;1;;;;;0;9;;;;;;;;;;;;;;;;;;;;;;;;;;;;;;;;
75110001;LARIBOISIERE;48.882833;2.352000;55;20250807;0.0;1;19.2;1;532;9;30.1;1;1522;9;24.7;1;24.7;1;10.9;1;;;;;0;9;;;;;;;;;;;;;;;;;;;;;;;;;;;;;;;;
75110001;LARIBOISIERE;48.882833;2.352000;55;20250808;0.0;1;20.5;1;516;9;28.5;1;1538;9;23.7;1;24.5;1;8.0;1;;;;;0;9;;;;;;;;;;;;;;;;;;;;;;;;;;;;;;;;
75110001;LARIBOISIERE;48.882833;2.352000;55;20250809;0.0;1;19.1;1;413;9;28.1;1;1506;9;22.8;1;23.6;1;9.0;1;;;;;0;9;;;;;;;;;;;;;;;;;;;;;;;;;;;;;;;;
75110001;LARIBOISIERE;48.882833;2.352000;55;20250810;0.0;1;16.7;1;423;9;28.8;1;1535;9;22.5;1;22.8;1;12.1;1;;;;;0;9;;;;;;;;;;;;;;;;;;;;;;;;;;;;;;;;
75110001;LARIBOISIERE;48.882833;2.352000;55;20250811;0.0;1;18.4;1;508;9;32.9;1;1538;9;25.8;1;25.7;1;14.5;1;;;;;0;9;;;;;;;;;;;;;;;;;;;;;;;;;;;;;;;;
75110001;LARIBOISIERE;48.882833;2.352000;55;20250812;0.0;1;21.7;1;522;9;36.1;1;1600;9;29.0;1;28.9;1;14.4;1;;;;;0;9;;;;;;;;;;;;;;;;;;;;;;;;;;;;;;;;
75110001;LARIBOISIERE;48.882833;2.352000;55;20250813;1.8;1;23.9;1;249;9;34.2;1;1325;9;28.2;1;29.1;1;10.3;1;;;;;0;9;;;;;;;;;;;;;;;;;;;;;;;;;;;;;;;;
75110001;LARIBOISIERE;48.882833;2.352000;55;20250814;0.0;1;22.9;1;518;9;31.6;1;1525;9;25.8;1;27.3;1;8.7;1;;;;;0;9;;;;;;;;;;;;;;;;;;;;;;;;;;;;;;;;
75110001;LARIBOISIERE;48.882833;2.352000;55;20250815;0.0;1;19.1;1;422;9;31.7;1;1555;9;25.1;1;25.4;1;12.6;1;;;;;0;9;;;;;;;;;;;;;;;;;;;;;;;;;;;;;;;;
75110001;LARIBOISIERE;48.882833;2.352000;55;20250816;0.0;1;18.9;1;604;9;28.0;1;1527;9;22.6;1;23.5;1;9.1;1;;;;;0;9;;;;;;;;;;;;;;;;;;;;;;;;;;;;;;;;
75110001;LARIBOISIERE;48.882833;2.352000;55;20250817;0.0;1;17.1;1;453;9;27.8;1;1553;9;22.2;1;22.5;1;10.7;1;;;;;0;9;;;;;;;;;;;;;;;;;;;;;;;;;;;;;;;;
75110001;LARIBOISIERE;48.882833;2.352000;55;20250818;0.0;1;16.9;1;453;9;29.3;1;1551;9;22.9;1;23.1;1;12.4;1;;;;;0;9;;;;;;;;;;;;;;;;;;;;;;;;;;;;;;;;
75110001;LARIBOISIERE;48.882833;2.352000;55;20250819;0.6;1;18.6;1;455;9;28.8;1;1257;9;22.9;1;23.7;1;10.2;1;;;;;0;9;;;;;;;;;;;;;;;;;;;;;;;;;;;;;;;;
75110001;LARIBOISIERE;48.882833;2.352000;55;20250820;0.6;1;19.1;1;1208;9;20.2;1;601;9;19.5;1;19.7;1;1.1;1;;;;;0;9;;;;;;;;;;;;;;;;;;;;;;;;;;;;;;;;
75110001;LARIBOISIERE;48.882833;2.352000;55;20250821;0.0;1;16.5;1;147;9;24.9;1;1548;9;19.8;1;20.7;1;8.4;1;;;;;0;9;;;;;;;;;;;;;;;;;;;;;;;;;;;;;;;;
75110001;LARIBOISIERE;48.882833;2.352000;55;20250822;0.0;1;14.5;1;433;9;22.6;1;1536;9;18.6;1;18.6;1;8.1;1;;;;;0;9;;;;;;;;;;;;;;;;;;;;;;;;;;;;;;;;
75110001;LARIBOISIERE;48.882833;2.352000;55;20250823;0.0;1;14.1;1;518;9;24.2;1;1550;9;19.3;1;19.2;1;10.1;1;;;;;0;9;;;;;;;;;;;;;;;;;;;;;;;;;;;;;;;;
75110001;LARIBOISIERE;48.882833;2.352000;55;20250824;0.0;1;14.7;1;540;9;24.9;1;1542;9;20.1;1;19.8;1;10.2;1;;;;;0;9;;;;;;;;;;;;;;;;;;;;;;;;;;;;;;;;
75110001;LARIBOISIERE;48.882833;2.352000;55;20250825;0.0;1;16.2;1;437;9;29.3;1;1542;9;22.8;1;22.8;1;13.1;1;;;;;0;9;;;;;;;;;;;;;;;;;;;;;;;;;;;;;;;;
75110001;LARIBOISIERE;48.882833;2.352000;55;20250826;0.0;1;18.9;1;500;9;30.3;1;1534;9;23.9;1;24.6;1;11.4;1;;;;;0;9;;;;;;;;;;;;;;;;;;;;;;;;;;;;;;;;
75110001;LARIBOISIERE;48.882833;2.352000;55;20250827;0.0;1;21.0;1;543;9;26.0;1;1433;9;23.3;1;23.5;1;5.0;1;;;;;0;9;;;;;;;;;;;;;;;;;;;;;;;;;;;;;;;;
75110001;LARIBOISIERE;48.882833;2.352000;55;20250828;0.8;1;17.8;1;703;9;24.5;1;1536;9;21.0;1;21.2;1;6.7;1;;;;;0;9;;;;;;;;;;;;;;;;;;;;;;;;;;;;;;;;
75110001;LARIBOISIERE;48.882833;2.352000;55;20250829;13.9;1;16.3;1;842;9;20.9;1;1327;9;17.8;1;18.6;1;4.6;1;;;;;0;9;;;;;;;;;;;;;;;;;;;;;;;;;;;;;;;;
75110001;LARIBOISIERE;48.882833;2.352000;55;20250830;0.6;1;15.0;1;551;9;22.3;1;1505;9;18.7;1;18.7;1;7.3;1;;;;;0;9;;;;;;;;;;;;;;;;;;;;;;;;;;;;;;;;
75110001;LARIBOISIERE;48.882833;2.352000;55;20250831;1.2;1;18.4;1;638;9;21.9;1;1005;9;19.3;1;20.2;1;3.5;1;;;;;0;9;;;;;;;;;;;;;;;;;;;;;;;;;;;;;;;;
75110001;LARIBOISIERE;48.882833;2.352000;55;20250901;3.2;1;15.3;1;458;9;23.3;1;1438;9;17.8;1;19.3;1;8.0;1;;;;;0;9;;;;;;;;;;;;;;;;;;;;;;;;;;;;;;;;
75110001;LARIBOISIERE;48.882833;2.352000;55;20250902;4.3;1;14.0;1;532;9;18.6;1;1718;9;17.0;1;16.3;1;4.6;1;;;;;0;9;;;;;;;;;;;;;;;;;;;;;;;;;;;;;;;;
75110001;LARIBOISIERE;48.882833;2.352000;55;20250903;0.2;1;17.6;1;241;9;25.6;1;1533;9;20.4;1;21.6;1;8.0;1;;;;;0;9;;;;;;;;;;;;;;;;;;;;;;;;;;;;;;;;
75110001;LARIBOISIERE;48.882833;2.352000;55;20250904;3.8;1;16.2;1;432;9;22.8;1;1533;9;18.6;1;19.5;1;6.6;1;;;;;0;9;;;;;;;;;;;;;;;;;;;;;;;;;;;;;;;;
75110001;LARIBOISIERE;48.882833;2.352000;55;20250905;0.0;1;14.8;1;524;9;22.9;1;1541;9;19.0;1;18.9;1;8.1;1;;;;;0;9;;;;;;;;;;;;;;;;;;;;;;;;;;;;;;;;
75110001;LARIBOISIERE;48.882833;2.352000;55;20250906;0.0;1;15.3;1;550;9;25.8;1;1528;9;20.9;1;20.6;1;10.5;1;;;;;0;9;;;;;;;;;;;;;;;;;;;;;;;;;;;;;;;;
75110001;LARIBOISIERE;48.882833;2.352000;55;20250907;0.0;1;17.5;1;517;9;30.8;1;1428;9;23.7;1;24.2;1;13.3;1;;;;;0;9;;;;;;;;;;;;;;;;;;;;;;;;;;;;;;;;
75110001;LARIBOISIERE;48.882833;2.352000;55;20250908;0.0;1;18.9;1;912;9;23.5;1;1524;9;20.7;1;21.2;1;4.6;1;;;;;0;9;;;;;;;;;;;;;;;;;;;;;;;;;;;;;;;;
75110001;LARIBOISIERE;48.882833;2.352000;55;20250909;0.0;1;15.4;1;531;9;22.8;1;1514;9;19.3;1;19.1;1;7.4;1;;;;;0;9;;;;;;;;;;;;;;;;;;;;;;;;;;;;;;;;
75110001;LARIBOISIERE;48.882833;2.352000;55;20250910;4.4;1;15.4;1;622;9;21.1;1;1449;9;17.8;1;18.3;1;5.7;1;;;;;0;9;;;;;;;;;;;;;;;;;;;;;;;;;;;;;;;;
75110001;LARIBOISIERE;48.882833;2.352000;55;20250911;2.4;1;14.5;1;530;9;20.2;1;1246;9;16.3;1;17.4;1;5.7;1;;;;;0;9;;;;;;;;;;;;;;;;;;;;;;;;;;;;;;;;
75110001;LARIBOISIERE;48.882833;2.352000;55;20250912;1.2;1;12.9;1;525;9;21.2;1;1514;9;16.9;1;17.1;1;8.3;1;;;;;0;9;;;;;;;;;;;;;;;;;;;;;;;;;;;;;;;;
75110001;LARIBOISIERE;48.882833;2.352000;55;20250913;1.6;1;14.6;1;502;9;19.7;1;1434;9;16.6;1;17.2;1;5.1;1;;;;;0;9;;;;;;;;;;;;;;;;;;;;;;;;;;;;;;;;
75110001;LARIBOISIERE;48.882833;2.352000;55;20250914;0.6;1;15.0;1;502;9;21.2;1;2021;9;17.9;1;18.1;1;6.2;1;;;;;0;9;;;;;;;;;;;;;;;;;;;;;;;;;;;;;;;;
75110001;LARIBOISIERE;48.882833;2.352000;55;20250915;0.2;1;16.7;1;609;9;21.0;1;1404;9;18.4;1;18.9;1;4.3;1;;;;;0;9;;;;;;;;;;;;;;;;;;;;;;;;;;;;;;;;
75110001;LARIBOISIERE;48.882833;2.352000;55;20250916;0.0;1;13.6;1;541;9;19.2;1;1339;9;16.6;1;16.4;1;5.6;1;;;;;0;9;;;;;;;;;;;;;;;;;;;;;;;;;;;;;;;;
75110001;LARIBOISIERE;48.882833;2.352000;55;20250917;0.0;1;15.5;1;402;9;23.1;1;1444;9;19.1;1;19.3;1;7.6;1;;;;;0;9;;;;;;;;;;;;;;;;;;;;;;;;;;;;;;;;
75110001;LARIBOISIERE;48.882833;2.352000;55;20250918;0.0;1;15.7;1;547;9;25.1;1;1541;9;20.4;1;20.4;1;9.4;1;;;;;0;9;;;;;;;;;;;;;;;;;;;;;;;;;;;;;;;;
75110001;LARIBOISIERE;48.882833;2.352000;55;20250919;0.0;1;16.4;1;535;9;30.4;1;1437;9;23.4;1;23.4;1;14.0;1;;;;;0;9;;;;;;;;;;;;;;;;;;;;;;;;;;;;;;;;
75110001;LARIBOISIERE;48.882833;2.352000;55;20250920;6.6;1;19.4;1;1237;9;22.2;1;1640;9;20.7;1;20.8;1;2.8;1;;;;;0;9;;;;;;;;;;;;;;;;;;;;;;;;;;;;;;;;
75110001;LARIBOISIERE;48.882833;2.352000;55;20250921;0.0;1;15.0;1;708;9;19.1;1;1445;9;15.8;1;17.1;1;4.1;1;;;;;0;9;;;;;;;;;;;;;;;;;;;;;;;;;;;;;;;;
75110001;LARIBOISIERE;48.882833;2.352000;55;20250922;0.8;1;11.0;1;538;9;17.2;1;1520;9;13.9;1;14.1;1;6.2;1;;;;;0;9;;;;;;;;;;;;;;;;;;;;;;;;;;;;;;;;
75110001;LARIBOISIERE;48.882833;2.352000;55;20250923;8.2;1;11.1;1;538;9;15.5;1;1325;9;12.7;1;13.3;1;4.4;1;;;;;0;9;;;;;;;;;;;;;;;;;;;;;;;;;;;;;;;;
75110001;LARIBOISIERE;48.882833;2.352000;55;20250924;5.8;1;10.7;1;652;9;11.6;1;8;9;11.1;1;11.2;1;0.9;1;;;;;0;9;;;;;;;;;;;;;;;;;;;;;;;;;;;;;;;;
75110001;LARIBOISIERE;48.882833;2.352000;55;20250925;0.4;1;10.7;1;711;9;13.0;1;1333;9;11.8;1;11.9;1;2.3;1;;;;;0;9;;;;;;;;;;;;;;;;;;;;;;;;;;;;;;;;
75110001;LARIBOISIERE;48.882833;2.352000;55;20250926;0.0;1;10.2;1;354;9;15.1;1;1506;9;12.4;1;12.7;1;4.9;1;;;;;0;9;;;;;;;;;;;;;;;;;;;;;;;;;;;;;;;;
75110001;LARIBOISIERE;48.882833;2.352000;55;20250927;0.0;1;11.3;1;829;9;16.0;1;1425;9;13.1;1;13.7;1;4.7;1;;;;;0;9;;;;;;;;;;;;;;;;;;;;;;;;;;;;;;;;
75110001;LARIBOISIERE;48.882833;2.352000;55;20250928;0.0;1;9.8;1;524;9;19.7;1;1448;9;14.7;1;14.8;1;9.9;1;;;;;0;9;;;;;;;;;;;;;;;;;;;;;;;;;;;;;;;;
75110001;LARIBOISIERE;48.882833;2.352000;55;20250929;0.0;1;12.1;1;618;9;20.4;1;1416;9;16.1;1;16.3;1;8.3;1;;;;;0;9;;;;;;;;;;;;;;;;;;;;;;;;;;;;;;;;
75110001;LARIBOISIERE;48.882833;2.352000;55;20250930;0.0;1;12.1;1;546;9;18.8;1;1428;9;15.4;1;15.5;1;6.7;1;;;;;0;9;;;;;;;;;;;;;;;;;;;;;;;;;;;;;;;;
75110001;LARIBOISIERE;48.882833;2.352000;55;20251001;0.0;1;11.7;1;605;9;19.8;1;1434;9;15.8;1;15.8;1;8.1;1;;;;;0;9;;;;;;;;;;;;;;;;;;;;;;;;;;;;;;;;
75110001;LARIBOISIERE;48.882833;2.352000;55;20251002;0.0;1;12.3;1;622;9;18.8;1;1227;9;15.6;1;15.6;1;6.5;1;;;;;0;9;;;;;;;;;;;;;;;;;;;;;;;;;;;;;;;;
75110001;LARIBOISIERE;48.882833;2.352000;55;20251003;7.0;1;13.0;1;558;9;19.2;1;343;9;15.2;1;16.1;1;6.2;1;;;;;0;9;;;;;;;;;;;;;;;;;;;;;;;;;;;;;;;;
75110001;LARIBOISIERE;48.882833;2.352000;55;20251004;10.1;1;11.8;1;1542;9;18.4;1;601;9;15.3;1;15.1;1;6.6;1;;;;;0;9;;;;;;;;;;;;;;;;;;;;;;;;;;;;;;;;
75110001;LARIBOISIERE;48.882833;2.352000;55;20251005;0.6;1;11.3;1;535;9;17.5;1;1356;9;14.0;1;14.4;1;6.2;1;;;;;0;9;;;;;;;;;;;;;;;;;;;;;;;;;;;;;;;;
75110001;LARIBOISIERE;48.882833;2.352000;55;20251006;0.0;1;11.9;1;610;9;16.7;1;1503;9;14.4;1;14.3;1;4.8;1;;;;;0;9;;;;;;;;;;;;;;;;;;;;;;;;;;;;;;;;
75110001;LARIBOISIERE;48.882833;2.352000;55;20251007;0.0;1;12.5;1;453;9;19.4;1;1506;9;15.7;1;16.0;1;6.9;1;;;;;0;9;;;;;;;;;;;;;;;;;;;;;;;;;;;;;;;;
75110001;LARIBOISIERE;48.882833;2.352000;55;20251008;0.0;1;11.5;1;645;9;17.1;1;1414;9;14.6;1;14.3;1;5.6;1;;;;;0;9;;;;;;;;;;;;;;;;;;;;;;;;;;;;;;;;
75110001;LARIBOISIERE;48.882833;2.352000;55;20251009;0.0;1;14.2;1;555;9;19.1;1;1432;9;16.5;1;16.7;1;4.9;1;;;;;0;9;;;;;;;;;;;;;;;;;;;;;;;;;;;;;;;;
75110001;LARIBOISIERE;48.882833;2.352000;55;20251010;0.0;1;12.0;1;550;9;14.7;1;1320;9;13.6;1;13.4;1;2.7;1;;;;;0;9;;;;;;;;;;;;;;;;;;;;;;;;;;;;;;;;
75110001;LARIBOISIERE;48.882833;2.352000;55;20251011;0.0;1;11.8;1;641;9;18.4;1;1541;9;14.5;1;15.1;1;6.6;1;;;;;0;9;;;;;;;;;;;;;;;;;;;;;;;;;;;;;;;;
75110001;LARIBOISIERE;48.882833;2.352000;55;20251012;0.0;1;10.3;1;620;9;18.1;1;1447;9;14.0;1;14.2;1;7.8;1;;;;;0;9;;;;;;;;;;;;;;;;;;;;;;;;;;;;;;;;
75110001;LARIBOISIERE;48.882833;2.352000;55;20251013;0.0;1;11.3;1;241;9;16.9;1;1602;9;14.1;1;14.1;1;5.6;1;;;;;0;9;;;;;;;;;;;;;;;;;;;;;;;;;;;;;;;;
75110001;LARIBOISIERE;48.882833;2.352000;55;20251014;0.0;1;13.2;1;613;9;17.4;1;1330;9;14.7;1;15.3;1;4.2;1;;;;;0;9;;;;;;;;;;;;;;;;;;;;;;;;;;;;;;;;
75110001;LARIBOISIERE;48.882833;2.352000;55;20251015;0.0;1;12.0;1;140;9;15.6;1;1418;9;14.1;1;13.8;1;3.6;1;;;;;0;9;;;;;;;;;;;;;;;;;;;;;;;;;;;;;;;;
75110001;LARIBOISIERE;48.882833;2.352000;55;20251016;0.0;1;11.0;1;444;9;15.1;1;1049;9;13.6;1;13.1;1;4.1;1;;;;;0;9;;;;;;;;;;;;;;;;;;;;;;;;;;;;;;;;
75110001;LARIBOISIERE;48.882833;2.352000;55;20251017;0.0;1;10.4;1;554;9;17.2;1;1401;9;13.6;1;13.8;1;6.8;1;;;;;0;9;;;;;;;;;;;;;;;;;;;;;;;;;;;;;;;;
75110001;LARIBOISIERE;48.882833;2.352000;55;20251018;0.0;1;9.5;1;545;9;16.6;1;1251;9;13.3;1;13.1;1;7.1;1;;;;;0;9;;;;;;;;;;;;;;;;;;;;;;;;;;;;;;;;
75110001;LARIBOISIERE;48.882833;2.352000;55;20251019;2.2;1;10.2;1;539;9;16.5;1;2210;9;13.4;1;13.4;1;6.3;1;;;;;0;9;;;;;;;;;;;;;;;;;;;;;;;;;;;;;;;;
75110001;LARIBOISIERE;48.882833;2.352000;55;20251020;1.8;1;14.4;1;606;9;18.3;1;1221;9;15.8;1;16.4;1;3.9;1;;;;;0;9;;;;;;;;;;;;;;;;;;;;;;;;;;;;;;;;
75110001;LARIBOISIERE;48.882833;2.352000;55;20251021;0.0;1;12.8;1;545;9;17.8;1;1414;9;15.0;1;15.3;1;5.0;1;;;;;0;9;;;;;;;;;;;;;;;;;;;;;;;;;;;;;;;;
75110001;LARIBOISIERE;48.882833;2.352000;55;20251022;3.2;1;14.0;1;512;9;17.9;1;2352;9;15.6;1;16.0;1;3.9;1;;;;;0;9;;;;;;;;;;;;;;;;;;;;;;;;;;;;;;;;
75110001;LARIBOISIERE;48.882833;2.352000;55;20251023;4.2;1;11.1;1;1058;9;14.5;1;1453;9;12.5;1;12.8;1;3.4;1;;;;;0;9;;;;;;;;;;;;;;;;;;;;;;;;;;;;;;;;
75110001;LARIBOISIERE;48.882833;2.352000;55;20251024;0.0;1;7.8;1;536;9;13.9;1;1539;9;10.8;1;10.9;1;6.1;1;;;;;0;9;;;;;;;;;;;;;;;;;;;;;;;;;;;;;;;;
75110001;LARIBOISIERE;48.882833;2.352000;55;20251025;4.0;1;10.5;1;2353;9;15.0;1;1314;9;11.8;1;12.8;1;4.5;1;;;;;0;9;;;;;;;;;;;;;;;;;;;;;;;;;;;;;;;;
75110001;LARIBOISIERE;48.882833;2.352000;55;20251026;1.4;1;8.0;1;640;9;12.8;1;1403;9;10.2;1;10.4;1;4.8;1;;;;;0;9;;;;;;;;;;;;;;;;;;;;;;;;;;;;;;;;
75110001;LARIBOISIERE;48.882833;2.352000;55;20251027;2.8;1;9.5;1;2300;9;15.5;1;1322;9;12.9;1;12.5;1;6.0;1;;;;;0;9;;;;;;;;;;;;;;;;;;;;;;;;;;;;;;;;
75110001;LARIBOISIERE;48.882833;2.352000;55;20251028;0.0;1;11.8;1;2254;9;15.5;1;1429;9;13.9;1;13.7;1;3.7;1;;;;;0;9;;;;;;;;;;;;;;;;;;;;;;;;;;;;;;;;
75110001;LARIBOISIERE;48.882833;2.352000;55;20251029;10.7;1;11.9;1;647;9;15.6;1;1417;9;13.3;1;13.8;1;3.7;1;;;;;0;9;;;;;;;;;;;;;;;;;;;;;;;;;;;;;;;;
75110001;LARIBOISIERE;48.882833;2.352000;55;20251030;0.0;1;9.9;1;713;9;13.8;1;1140;9;11.8;1;11.9;1;3.9;1;;;;;0;9;;;;;;;;;;;;;;;;;;;;;;;;;;;;;;;;
75110001;LARIBOISIERE;48.882833;2.352000;55;20251031;0.0;1;9.6;1;404;9;17.3;1;1509;9;13.3;1;13.5;1;7.7;1;;;;;0;9;;;;;;;;;;;;;;;;;;;;;;;;;;;;;;;;
75110001;LARIBOISIERE;48.882833;2.352000;55;20251101;3.6;1;13.8;1;1749;9;16.3;1;825;9;14.4;1;15.1;1;2.5;1;;;;;0;9;;;;;;;;;;;;;;;;;;;;;;;;;;;;;;;;
75110001;LARIBOISIERE;48.882833;2.352000;55;20251102;2.6;1;11.3;1;656;9;13.8;1;1304;9;12.2;1;12.6;1;2.5;1;;;;;0;9;;;;;;;;;;;;;;;;;;;;;;;;;;;;;;;;
75110001;LARIBOISIERE;48.882833;2.352000;55;20251103;0.0;1;8.8;1;557;9;15.6;1;1457;9;12.7;1;12.2;1;6.8;1;;;;;0;9;;;;;;;;;;;;;;;;;;;;;;;;;;;;;;;;
75110001;LARIBOISIERE;48.882833;2.352000;55;20251104;0.0;1;10.0;1;732;9;17.7;1;1500;9;13.7;1;13.9;1;7.7;1;;;;;0;9;;;;;;;;;;;;;;;;;;;;;;;;;;;;;;;;
75110001;LARIBOISIERE;48.882833;2.352000;55;20251105;0.0;1;12.4;1;604;9;18.0;1;1358;9;15.1;1;15.2;1;5.6;1;;;;;0;9;;;;;;;;;;;;;;;;;;;;;;;;;;;;;;;;
75110001;LARIBOISIERE;48.882833;2.352000;55;20251106;0.6;1;13.8;1;450;9;15.6;1;946;9;14.7;1;14.7;1;1.8;1;;;;;0;9;;;;;;;;;;;;;;;;;;;;;;;;;;;;;;;;
75110001;LARIBOISIERE;48.882833;2.352000;55;20251107;0.0;1;11.0;1;740;9;14.6;1;1309;9;13.1;1;12.8;1;3.6;1;;;;;0;9;;;;;;;;;;;;;;;;;;;;;;;;;;;;;;;;
75110001;LARIBOISIERE;48.882833;2.352000;55;20251108;0.8;1;11.5;1;545;9;14.8;1;1358;9;12.8;1;13.2;1;3.3;1;;;;;0;9;;;;;;;;;;;;;;;;;;;;;;;;;;;;;;;;
75110001;LARIBOISIERE;48.882833;2.352000;55;20251109;0.0;1;9.1;1;721;9;13.0;1;1343;9;10.7;1;11.1;1;3.9;1;;;;;0;9;;;;;;;;;;;;;;;;;;;;;;;;;;;;;;;;
75110001;LARIBOISIERE;48.882833;2.352000;55;20251110;0.0;1;8.3;1;659;9;12.8;1;1906;9;10.9;1;10.6;1;4.5;1;;;;;0;9;;;;;;;;;;;;;;;;;;;;;;;;;;;;;;;;
75110001;LARIBOISIERE;48.882833;2.352000;55;20251111;0.0;1;10.1;1;341;9;15.3;1;1501;9;12.6;1;12.7;1;5.2;1;;;;;0;9;;;;;;;;;;;;;;;;;;;;;;;;;;;;;;;;
75110001;LARIBOISIERE;48.882833;2.352000;55;20251112;0.0;1;9.9;1;615;9;15.8;1;1403;9;13.1;1;12.9;1;5.9;1;;;;;0;9;;;;;;;;;;;;;;;;;;;;;;;;;;;;;;;;
75110001;LARIBOISIERE;48.882833;2.352000;55;20251113;0.0;1;13.0;1;657;9;18.0;1;1507;9;15.9;1;15.5;1;5.0;1;;;;;0;9;;;;;;;;;;;;;;;;;;;;;;;;;;;;;;;;
75110001;LARIBOISIERE;48.882833;2.352000;55;20251114;0.4;1;15.8;1;651;9;20.0;1;1408;9;17.3;1;17.9;1;4.2;1;;;;;0;9;;;;;;;;;;;;;;;;;;;;;;;;;;;;;;;;
75110001;LARIBOISIERE;48.882833;2.352000;55;20251115;7.2;1;13.1;1;1603;9;15.2;1;1114;9;13.9;1;14.2;1;2.1;1;;;;;0;9;;;;;;;;;;;;;;;;;;;;;;;;;;;;;;;;
75110001;LARIBOISIERE;48.882833;2.352000;55;20251116;0.0;1;9.6;1;753;9;12.8;1;1452;9;11.0;1;11.2;1;3.2;1;;;;;0;9;;;;;;;;;;;;;;;;;;;;;;;;;;;;;;;;
75110001;LARIBOISIERE;48.882833;2.352000;55;20251117;0.0;1;6.7;1;402;9;10.4;1;1314;9;7.7;1;8.6;1;3.7;1;;;;;0;9;;;;;;;;;;;;;;;;;;;;;;;;;;;;;;;;
75110001;LARIBOISIERE;48.882833;2.352000;55;20251118;0.0;1;4.3;1;452;9;9.3;1;1335;9;6.8;1;6.8;1;5.0;1;;;;;0;9;;;;;;;;;;;;;;;;;;;;;;;;;;;;;;;;
75110001;LARIBOISIERE;48.882833;2.352000;55;20251119;5.0;1;5.0;1;1737;9;8.3;1;1106;9;6.4;1;6.7;1;3.3;1;;;;;0;9;;;;;;;;;;;;;;;;;;;;;;;;;;;;;;;;
75110001;LARIBOISIERE;48.882833;2.352000;55;20251120;0.2;1;3.7;1;823;9;6.4;1;1412;9;4.6;1;5.1;1;2.7;1;;;;;0;9;;;;;;;;;;;;;;;;;;;;;;;;;;;;;;;;
75110001;LARIBOISIERE;48.882833;2.352000;55;20251121;1.0;1;2.6;1;2326;9;4.3;1;1528;9;3.2;1;3.5;1;1.7;1;;;;;0;9;;;;;;;;;;;;;;;;;;;;;;;;;;;;;;;;
75110001;LARIBOISIERE;48.882833;2.352000;55;20251122;1.4;1;0.6;1;1752;9;2.2;1;601;9;1.2;1;1.4;1;1.6;1;;;;;0;9;;;;;;;;;;;;;;;;;;;;;;;;;;;;;;;;
75110001;LARIBOISIERE;48.882833;2.352000;55;20251123;4.0;1;0.3;1;2346;9;8.4;1;2103;9;5.0;1;4.4;1;8.1;1;;;;;0;9;;;;;;;;;;;;;;;;;;;;;;;;;;;;;;;;
75110001;LARIBOISIERE;48.882833;2.352000;55;20251124;3.6;1;7.7;1;647;9;11.1;1;1419;9;8.6;1;9.4;1;3.4;1;;;;;0;9;;;;;;;;;;;;;;;;;;;;;;;;;;;;;;;;
75110001;LARIBOISIERE;48.882833;2.352000;55;20251125;0.8;1;6.9;1;142;9;8.6;1;1405;9;7.3;1;7.8;1;1.7;1;;;;;0;9;;;;;;;;;;;;;;;;;;;;;;;;;;;;;;;;
75110001;LARIBOISIERE;48.882833;2.352000;55;20251126;0.0;1;5.2;1;337;9;8.9;1;1509;9;7.0;1;7.1;1;3.7;1;;;;;0;9;;;;;;;;;;;;;;;;;;;;;;;;;;;;;;;;
75110001;LARIBOISIERE;48.882833;2.352000;55;20251127;2.8;1;5.4;1;801;9;8.7;1;558;9;7.2;1;7.1;1;3.3;1;;;;;0;9;;;;;;;;;;;;;;;;;;;;;;;;;;;;;;;;
75110001;LARIBOISIERE;48.882833;2.352000;55;20251128;3.6;1;8.1;1;1804;9;11.4;1;1858;9;9.6;1;9.8;1;3.3;1;;;;;0;9;;;;;;;;;;;;;;;;;;;;;;;;;;;;;;;;
75110001;LARIBOISIERE;48.882833;2.352000;55;20251129;4.8;1;8.9;1;155;9;12.4;1;1314;9;10.6;1;10.7;1;3.5;1;;;;;0;9;;;;;;;;;;;;;;;;;;;;;;;;;;;;;;;;
75110001;LARIBOISIERE;48.882833;2.352000;55;20251130;0.0;1;7.8;1;837;9;9.7;1;1357;9;8.4;1;8.8;1;1.9;1;;;;;0;9;;;;;;;;;;;;;;;;;;;;;;;;;;;;;;;;
75110001;LARIBOISIERE;48.882833;2.352000;55;20251201;0.0;1;4.2;1;420;9;8.8;1;550;9;6.7;1;6.5;1;4.6;1;;;;;0;9;;;;;;;;;;;;;;;;;;;;;;;;;;;;;;;;
75110001;LARIBOISIERE;48.882833;2.352000;55;20251202;0.0;1;7.6;1;1821;9;10.5;1;1236;9;9.2;1;9.1;1;2.9;1;;;;;0;9;;;;;;;;;;;;;;;;;;;;;;;;;;;;;;;;
75110001;LARIBOISIERE;48.882833;2.352000;55;20251203;0.0;1;8.5;1;818;9;10.3;1;1122;9;9.1;1;9.4;1;1.8;1;;;;;0;9;;;;;;;;;;;;;;;;;;;;;;;;;;;;;;;;
75110001;LARIBOISIERE;48.882833;2.352000;55;20251204;0.4;1;6.4;1;132;9;10.6;1;1424;9;8.1;1;8.5;1;4.2;1;;;;;0;9;;;;;;;;;;;;;;;;;;;;;;;;;;;;;;;;
75110001;LARIBOISIERE;48.882833;2.352000;55;20251205;1.8;1;3.9;1;1047;9;10.1;1;554;9;5.9;1;7.0;1;6.2;1;;;;;0;9;;;;;;;;;;;;;;;;;;;;;;;;;;;;;;;;
75110001;LARIBOISIERE;48.882833;2.352000;55;20251206;2.8;1;6.6;1;1801;9;13.7;1;1337;9;11.3;1;10.2;1;7.1;1;;;;;0;9;;;;;;;;;;;;;;;;;;;;;;;;;;;;;;;;
75110001;LARIBOISIERE;48.882833;2.352000;55;20251207;9.3;1;11.2;1;316;9;15.4;1;1912;9;13.5;1;13.3;1;4.2;1;;;;;0;9;;;;;;;;;;;;;;;;;;;;;;;;;;;;;;;;
75110001;LARIBOISIERE;48.882833;2.352000;55;20251208;0.0;1;14.6;1;1016;9;16.4;1;1305;9;14.8;1;15.5;1;1.8;1;;;;;0;9;;;;;;;;;;;;;;;;;;;;;;;;;;;;;;;;
75110001;LARIBOISIERE;48.882833;2.352000;55;20251209;0.6;1;10.8;1;640;9;16.0;1;1344;9;13.6;1;13.4;1;5.2;1;;;;;0;9;;;;;;;;;;;;;;;;;;;;;;;;;;;;;;;;
75110001;LARIBOISIERE;48.882833;2.352000;55;20251210;0.0;1;13.3;1;254;9;15.0;1;1227;9;13.6;1;14.2;1;1.7;1;;;;;0;9;;;;;;;;;;;;;;;;;;;;;;;;;;;;;;;;
75110001;LARIBOISIERE;48.882833;2.352000;55;20251211;0.0;1;6.5;1;555;9;11.2;1;118;9;9.6;1;8.9;1;4.7;1;;;;;0;9;;;;;;;;;;;;;;;;;;;;;;;;;;;;;;;;
75110001;LARIBOISIERE;48.882833;2.352000;55;20251212;0.0;1;10.3;1;2106;9;12.3;1;1349;9;11.2;1;11.3;1;2.0;1;;;;;0;9;;;;;;;;;;;;;;;;;;;;;;;;;;;;;;;;
75110001;LARIBOISIERE;48.882833;2.352000;55;20251213;0.0;1;9.3;1;1005;9;11.0;1;1345;9;9.8;1;10.2;1;1.7;1;;;;;0;9;;;;;;;;;;;;;;;;;;;;;;;;;;;;;;;;
75110001;LARIBOISIERE;48.882833;2.352000;55;20251214;0.0;1;6.9;1;1753;9;8.4;1;1155;9;7.4;1;7.7;1;1.5;1;;;;;0;9;;;;;;;;;;;;;;;;;;;;;;;;;;;;;;;;
75110001;LARIBOISIERE;48.882833;2.352000;55;20251215;0.0;1;5.5;1;3;9;12.4;1;2309;9;9.1;1;9.0;1;6.9;1;;;;;0;9;;;;;;;;;;;;;;;;;;;;;;;;;;;;;;;;
75110001;LARIBOISIERE;48.882833;2.352000;55;20251216;0.2;1;11.4;1;1815;9;15.0;1;1502;9;12.9;1;13.2;1;3.6;1;;;;;0;9;;;;;;;;;;;;;;;;;;;;;;;;;;;;;;;;
75110001;LARIBOISIERE;48.882833;2.352000;55;20251217;0.0;1;9.7;1;1619;9;11.1;1;1418;9;10.4;1;10.4;1;1.4;1;;;;;0;9;;;;;;;;;;;;;;;;;;;;;;;;;;;;;;;;
75110001;LARIBOISIERE;48.882833;2.352000;55;20251218;2.0;1;8.2;1;11;9;15.5;1;1417;9;12.4;1;11.9;1;7.3;1;;;;;0;9;;;;;;;;;;;;;;;;;;;;;;;;;;;;;;;;
75110001;LARIBOISIERE;48.882833;2.352000;55;20251219;1.0;1;11.5;1;1725;9;12.5;1;1236;9;11.8;1;12.0;1;1.0;1;;;;;0;9;;;;;;;;;;;;;;;;;;;;;;;;;;;;;;;;
75110001;LARIBOISIERE;48.882833;2.352000;55;20251220;2.8;1;8.8;1;614;9;11.0;1;1837;9;9.9;1;9.9;1;2.2;1;;;;;0;9;;;;;;;;;;;;;;;;;;;;;;;;;;;;;;;;
75110001;LARIBOISIERE;48.882833;2.352000;55;20251221;14.3;1;10.3;1;240;9;12.1;1;1353;9;11.1;1;11.2;1;1.8;1;;;;;0;9;;;;;;;;;;;;;;;;;;;;;;;;;;;;;;;;
75110001;LARIBOISIERE;48.882833;2.352000;55;20251222;0.0;1;9.7;1;658;9;10.7;1;1151;9;10.2;1;10.2;1;1.0;1;;;;;0;9;;;;;;;;;;;;;;;;;;;;;;;;;;;;;;;;
75110001;LARIBOISIERE;48.882833;2.352000;55;20251223;0.0;1;4.0;1;813;9;6.3;1;601;9;5.7;1;5.2;1;2.3;1;;;;;0;9;;;;;;;;;;;;;;;;;;;;;;;;;;;;;;;;
75110001;LARIBOISIERE;48.882833;2.352000;55;20251224;0.0;1;2.0;1;1758;9;6.3;1;601;9;3.8;1;4.2;1;4.3;1;;;;;0;9;;;;;;;;;;;;;;;;;;;;;;;;;;;;;;;;
75110001;LARIBOISIERE;48.882833;2.352000;55;20251225;0.0;1;-0.3;1;242;9;2.7;1;1312;9;0.8;1;1.2;1;3.0;1;;;;;298;9;;;;;;;;;;;;;;;;;;;;;;;;;;;;;;;;
75110001;LARIBOISIERE;48.882833;2.352000;55;20251226;0.0;1;-1.1;1;520;9;3.6;1;1406;9;1.0;1;1.3;1;4.7;1;;;;;567;9;;;;;;;;;;;;;;;;;;;;;;;;;;;;;;;;
75110001;LARIBOISIERE;48.882833;2.352000;55;20251227;0.0;1;0.0;1;715;9;3.6;1;1520;9;1.8;1;1.8;1;3.6;1;;;;;24;9;;;;;;;;;;;;;;;;;;;;;;;;;;;;;;;;
75110001;LARIBOISIERE;48.882833;2.352000;55;20251228;0.0;1;0.3;1;247;9;3.2;1;1001;9;2.0;1;1.8;1;2.9;1;;;;;0;9;;;;;;;;;;;;;;;;;;;;;;;;;;;;;;;;
75110001;LARIBOISIERE;48.882833;2.352000;55;20251229;0.0;1;-0.7;1;811;9;3.9;1;2312;9;1.4;1;1.6;1;4.6;1;;;;;354;9;;;;;;;;;;;;;;;;;;;;;;;;;;;;;;;;
75110001;LARIBOISIERE;48.882833;2.352000;55;20251230;0.0;1;1.9;1;1801;9;5.7;1;1330;9;3.7;1;3.8;1;3.8;1;;;;;0;9;;;;;;;;;;;;;;;;;;;;;;;;;;;;;;;;
75110001;LARIBOISIERE;48.882833;2.352000;55;20251231;0.0;1;0.7;1;406;9;5.2;1;1449;9;2.9;1;3.0;1;4.5;1;;;;;0;9;;;;;;;;;;;;;;;;;;;;;;;;;;;;;;;;
75110001;LARIBOISIERE;48.882833;2.352000;55;20260101;0.0;1;2.1;1;511;9;5.3;1;1426;9;3.8;1;3.7;1;3.2;1;;;;;0;9;;;;;;;;;;;;;;;;;;;;;;;;;;;;;;;;
75110001;LARIBOISIERE;48.882833;2.352000;55;20260102;1.6;1;2.6;1;1245;9;6.0;1;1203;9;3.7;1;4.3;1;3.4;1;;;;;0;9;;;;;;;;;;;;;;;;;;;;;;;;;;;;;;;;
75110001;LARIBOISIERE;48.882833;2.352000;55;20260103;0.0;1;1.0;1;712;9;4.5;1;1308;9;2.5;1;2.8;1;3.5;1;;;;;0;9;;;;;;;;;;;;;;;;;;;;;;;;;;;;;;;;
75110001;LARIBOISIERE;48.882833;2.352000;55;20260104;0.0;1;0.8;1;632;9;3.7;1;1349;9;2.2;1;2.3;1;2.9;1;;;;;0;9;;;;;;;;;;;;;;;;;;;;;;;;;;;;;;;;
75110001;LARIBOISIERE;48.882833;2.352000;55;20260105;4.0;1;-2.8;1;606;9;0.7;1;1932;9;-0.6;1;-1.1;1;3.5;1;;;;;936;9;;;;;;;;;;;;;;;;;;;;;;;;;;;;;;;;
75110001;LARIBOISIERE;48.882833;2.352000;55;20260106;1.0;1;-1.5;1;646;9;3.6;1;1310;9;0.5;1;1.1;1;5.1;1;;;;;833;9;;;;;;;;;;;;;;;;;;;;;;;;;;;;;;;;
75110001;LARIBOISIERE;48.882833;2.352000;55;20260107;4.0;1;-1.2;1;718;9;4.7;1;553;9;1.5;1;1.8;1;5.9;1;;;;;662;9;;;;;;;;;;;;;;;;;;;;;;;;;;;;;;;;
75110001;LARIBOISIERE;48.882833;2.352000;55;20260108;4.6;1;3.0;1;2032;9;11.0;1;2133;9;7.6;1;7.0;1;8.0;1;;;;;0;9;;;;;;;;;;;;;;;;;;;;;;;;;;;;;;;;
75110001;LARIBOISIERE;48.882833;2.352000;55;20260109;2.4;1;5.0;1;1747;9;8.1;1;623;9;7.1;1;6.6;1;3.1;1;;;;;0;9;;;;;;;;;;;;;;;;;;;;;;;;;;;;;;;;
75110001;LARIBOISIERE;48.882833;2.352000;55;20260110;0.0;1;4.3;1;731;9;5.2;1;1347;9;4.6;1;4.8;1;0.9;1;;;;;0;9;;;;;;;;;;;;;;;;;;;;;;;;;;;;;;;;
75110001;LARIBOISIERE;48.882833;2.352000;55;20260111;0.6;1;2.2;1;822;9;8.6;1;554;9;4.0;1;5.4;1;6.4;1;;;;;0;9;;;;;;;;;;;;;;;;;;;;;;;;;;;;;;;;
75110001;LARIBOISIERE;48.882833;2.352000;55;20260112;0.2;1;4.6;1;2154;9;12.3;1;1830;9;10.1;1;8.5;1;7.7;1;;;;;0;9;;;;;;;;;;;;;;;;;;;;;;;;;;;;;;;;
75110001;LARIBOISIERE;48.882833;2.352000;55;20260113;0.2;1;9.6;1;730;9;12.9;1;1303;9;11.4;1;11.3;1;3.3;1;;;;;0;9;;;;;;;;;;;;;;;;;;;;;;;;;;;;;;;;
75110001;LARIBOISIERE;48.882833;2.352000;55;20260114;0.4;1;9.8;1;651;9;13.6;1;1321;9;11.6;1;11.7;1;3.8;1;;;;;0;9;;;;;;;;;;;;;;;;;;;;;;;;;;;;;;;;
75110001;LARIBOISIERE;48.882833;2.352000;55;20260115;0.0;1;9.2;1;727;9;13.9;1;1421;9;11.5;1;11.6;1;4.7;1;;;;;0;9;;;;;;;;;;;;;;;;;;;;;;;;;;;;;;;;
75110001;LARIBOISIERE;48.882833;2.352000;55;20260116;1.4;1;9.3;1;631;9;11.6;1;1355;9;10.4;1;10.5;1;2.3;1;;;;;0;9;;;;;;;;;;;;;;;;;;;;;;;;;;;;;;;;
75110001;LARIBOISIERE;48.882833;2.352000;55;20260117;0.2;1;8.7;1;500;9;12.5;1;1401;9;10.3;1;10.6;1;3.8;1;;;;;;;;;;;;;;;;;;;;;;;;;;;;;;;;;;;;;;
75110001;LARIBOISIERE;48.882833;2.352000;55;20260118;0.0;1;8.9;1;704;9;10.6;1;1423;9;9.1;1;9.8;1;1.7;1;;;;;0;9;;;;;;;;;;;;;;;;;;;;;;;;;;;;;;;;
75110001;LARIBOISIERE;48.882833;2.352000;55;20260119;0.0;1;4.3;1;650;9;11.3;1;1504;9;7.6;1;7.8;1;7.0;1;;;;;0;9;;;;;;;;;;;;;;;;;;;;;;;;;;;;;;;;
75110001;LARIBOISIERE;48.882833;2.352000;55;20260120;0.0;1;6.8;1;922;9;10.2;1;56;9;8.5;1;8.5;1;3.4;1;;;;;0;9;;;;;;;;;;;;;;;;;;;;;;;;;;;;;;;;
75110001;LARIBOISIERE;48.882833;2.352000;55;20260121;0.2;1;8.1;1;1935;9;14.3;1;1354;9;11.0;1;11.2;1;6.2;1;;;;;0;9;;;;;;;;;;;;;;;;;;;;;;;;;;;;;;;;
75110001;LARIBOISIERE;48.882833;2.352000;55;20260122;0.4;1;8.7;1;419;9;11.3;1;1408;9;9.7;1;10.0;1;2.6;1;;;;;0;9;;;;;;;;;;;;;;;;;;;;;;;;;;;;;;;;
75110001;LARIBOISIERE;48.882833;2.352000;55;20260123;2.0;1;6.7;1;341;9;9.9;1;1433;9;7.8;1;8.3;1;3.2;1;;;;;0;9;;;;;;;;;;;;;;;;;;;;;;;;;;;;;;;;
75110001;LARIBOISIERE;48.882833;2.352000;55;20260124;0.0;1;4.6;1;650;9;10.0;1;1505;9;6.9;1;7.3;1;5.4;1;;;;;0;9;;;;;;;;;;;;;;;;;;;;;;;;;;;;;;;;
75110001;LARIBOISIERE;48.882833;2.352000;55;20260125;1.4;1;5.6;1;311;9;8.6;1;1235;9;7.0;1;7.1;1;3.0;1;;;;;0;9;;;;;;;;;;;;;;;;;;;;;;;;;;;;;;;;
75110001;LARIBOISIERE;48.882833;2.352000;55;20260126;0.6;1;6.4;1;900;9;9.0;1;1532;9;7.3;1;7.7;1;2.6;1;;;;;0;9;;;;;;;;;;;;;;;;;;;;;;;;;;;;;;;;
75110001;LARIBOISIERE;48.882833;2.352000;55;20260127;8.2;1;5.8;1;656;9;10.1;1;1441;9;7.9;1;8.0;1;4.3;1;;;;;0;9;;;;;;;;;;;;;;;;;;;;;;;;;;;;;;;;
75110001;LARIBOISIERE;48.882833;2.352000;55;20260128;0.0;1;6.7;1;710;9;8.9;1;1429;9;7.5;1;7.8;1;2.2;1;;;;;0;9;;;;;;;;;;;;;;;;;;;;;;;;;;;;;;;;
75110001;LARIBOISIERE;48.882833;2.352000;55;20260129;2.8;1;1.1;1;738;9;6.3;1;2352;9;4.4;1;3.7;1;5.2;1;;;;;0;9;;;;;;;;;;;;;;;;;;;;;;;;;;;;;;;;
75110001;LARIBOISIERE;48.882833;2.352000;55;20260130;2.2;1;5.2;1;1801;9;11.5;1;1532;9;8.7;1;8.4;1;6.3;1;;;;;0;9;;;;;;;;;;;;;;;;;;;;;;;;;;;;;;;;
75110001;LARIBOISIERE;48.882833;2.352000;55;20260131;0.0;1;6.7;1;832;9;8.7;1;1738;9;7.9;1;7.7;1;2.0;1;;;;;0;9;;;;;;;;;;;;;;;;;;;;;;;;;;;;;;;;
75110001;LARIBOISIERE;48.882833;2.352000;55;20260201;4.8;1;6.9;1;521;9;9.6;1;1443;9;8.4;1;8.3;1;2.7;1;;;;;0;9;;;;;;;;;;;;;;;;;;;;;;;;;;;;;;;;
75110001;LARIBOISIERE;48.882833;2.352000;55;20260202;2.0;1;5.8;1;727;9;10.4;1;1612;9;8.4;1;8.1;1;4.6;1;;;;;0;9;;;;;;;;;;;;;;;;;;;;;;;;;;;;;;;;
75110001;LARIBOISIERE;48.882833;2.352000;55;20260203;6.0;1;8.7;1;55;9;10.8;1;1644;9;9.4;1;9.8;1;2.1;1;;;;;0;9;;;;;;;;;;;;;;;;;;;;;;;;;;;;;;;;
75110001;LARIBOISIERE;48.882833;2.352000;55;20260204;0.8;1;6.2;1;612;9;13.1;1;1433;9;9.3;1;9.7;1;6.9;1;;;;;0;9;;;;;;;;;;;;;;;;;;;;;;;;;;;;;;;;
75110001;LARIBOISIERE;48.882833;2.352000;55;20260205;2.4;1;8.5;1;514;9;12.2;1;1355;9;10.2;1;10.4;1;3.7;1;;;;;0;9;;;;;;;;;;;;;;;;;;;;;;;;;;;;;;;;
75110001;LARIBOISIERE;48.882833;2.352000;55;20260206;3.0;1;9.7;1;56;9;13.2;1;1423;9;11.0;1;11.5;1;3.5;1;;;;;0;9;;;;;;;;;;;;;;;;;;;;;;;;;;;;;;;;
75110001;LARIBOISIERE;48.882833;2.352000;55;20260207;0.0;1;8.0;1;455;9;12.9;1;1502;9;10.3;1;10.5;1;4.9;1;;;;;0;9;;;;;;;;;;;;;;;;;;;;;;;;;;;;;;;;
75110001;LARIBOISIERE;48.882833;2.352000;55;20260208;0.0;1;7.4;1;727;9;13.8;1;1533;9;10.4;1;10.6;1;6.4;1;;;;;0;9;;;;;;;;;;;;;;;;;;;;;;;;;;;;;;;;
75110001;LARIBOISIERE;48.882833;2.352000;55;20260209;5.8;1;5.2;1;429;9;10.9;1;1554;9;8.1;1;8.1;1;5.7;1;;;;;0;9;;;;;;;;;;;;;;;;;;;;;;;;;;;;;;;;
75110001;LARIBOISIERE;48.882833;2.352000;55;20260210;14.3;1;8.9;1;2234;9;13.1;1;1945;9;11.4;1;11.0;1;4.2;1;;;;;0;9;;;;;;;;;;;;;;;;;;;;;;;;;;;;;;;;
75110001;LARIBOISIERE;48.882833;2.352000;55;20260211;12.8;1;10.9;1;1800;9;14.0;1;1345;9;12.0;1;12.5;1;3.1;1;;;;;0;9;;;;;;;;;;;;;;;;;;;;;;;;;;;;;;;;
75110001;LARIBOISIERE;48.882833;2.352000;55;20260212;0.4;1;9.8;1;457;9;13.3;1;1408;9;10.9;1;11.6;1;3.5;1;;;;;0;9;;;;;;;;;;;;;;;;;;;;;;;;;;;;;;;;
75110001;LARIBOISIERE;48.882833;2.352000;55;20260213;14.3;1;8.4;1;621;9;9.7;1;1045;9;9.0;1;9.1;1;1.3;1;;;;;0;9;;;;;;;;;;;;;;;;;;;;;;;;;;;;;;;;
75110001;LARIBOISIERE;48.882833;2.352000;55;20260214;0.0;1;2.0;1;834;9;4.1;1;1553;9;3.7;1;3.1;1;2.1;1;;;;;0;9;;;;;;;;;;;;;;;;;;;;;;;;;;;;;;;;
75110001;LARIBOISIERE;48.882833;2.352000;55;20260215;5.4;1;1.4;1;323;9;10.5;1;2156;9;4.5;1;6.0;1;9.1;1;;;;;0;9;;;;;;;;;;;;;;;;;;;;;;;;;;;;;;;;
75110001;LARIBOISIERE;48.882833;2.352000;55;20260216;2.2;1;7.8;1;1801;9;11.5;1;1212;9;9.0;1;9.7;1;3.7;1;;;;;0;9;;;;;;;;;;;;;;;;;;;;;;;;;;;;;;;;
75110001;LARIBOISIERE;48.882833;2.352000;55;20260217;8.8;1;7.0;1;737;9;9.0;1;1447;9;7.6;1;8.0;1;2.0;1;;;;;0;9;;;;;;;;;;;;;;;;;;;;;;;;;;;;;;;;
75110001;LARIBOISIERE;48.882833;2.352000;55;20260218;8.5;1;3.5;1;712;9;10.2;1;2015;9;6.6;1;6.9;1;6.7;1;;;;;0;9;;;;;;;;;;;;;;;;;;;;;;;;;;;;;;;;
75110001;LARIBOISIERE;48.882833;2.352000;55;20260219;3.6;1;8.3;1;1801;9;10.9;1;1506;9;9.1;1;9.6;1;2.6;1;;;;;0;9;;;;;;;;;;;;;;;;;;;;;;;;;;;;;;;;
75110001;LARIBOISIERE;48.882833;2.352000;55;20260220;0.0;1;6.9;1;311;9;12.1;1;1444;9;9.7;1;9.5;1;5.2;1;;;;;0;9;;;;;;;;;;;;;;;;;;;;;;;;;;;;;;;;
75110001;LARIBOISIERE;48.882833;2.352000;55;20260221;0.0;1;10.8;1;2127;9;16.3;1;1412;9;13.4;1;13.6;1;5.5;1;;;;;0;9;;;;;;;;;;;;;;;;;;;;;;;;;;;;;;;;
75110001;LARIBOISIERE;48.882833;2.352000;55;20260222;1.8;1;12.0;1;1748;9;14.8;1;1246;9;13.0;1;13.4;1;2.8;1;;;;;0;9;;;;;;;;;;;;;;;;;;;;;;;;;;;;;;;;
75110001;LARIBOISIERE;48.882833;2.352000;55;20260223;0.0;1;11.1;1;647;9;16.1;1;1509;9;13.7;1;13.6;1;5.0;1;;;;;0;9;;;;;;;;;;;;;;;;;;;;;;;;;;;;;;;;
75110001;LARIBOISIERE;48.882833;2.352000;55;20260224;0.0;1;12.6;1;729;9;15.6;1;1528;9;13.8;1;14.1;1;3.0;1;;;;;0;9;;;;;;;;;;;;;;;;;;;;;;;;;;;;;;;;
75110001;LARIBOISIERE;48.882833;2.352000;55;20260225;0.0;1;10.2;1;638;9;20.5;1;1522;9;14.9;1;15.4;1;10.3;1;;;;;0;9;;;;;;;;;;;;;;;;;;;;;;;;;;;;;;;;
75110001;LARIBOISIERE;48.882833;2.352000;55;20260226;0.0;1;12.2;1;526;9;18.7;1;1417;9;15.1;1;15.5;1;6.5;1;;;;;0;9;;;;;;;;;;;;;;;;;;;;;;;;;;;;;;;;
75110001;LARIBOISIERE;48.882833;2.352000;55;20260227;2.0;1;11.1;1;552;9;15.5;1;1254;9;13.0;1;13.3;1;4.4;1;;;;;0;9;;;;;;;;;;;;;;;;;;;;;;;;;;;;;;;;
75110001;LARIBOISIERE;48.882833;2.352000;55;20260228;0.0;1;10.0;1;704;9;14.3;1;1452;9;11.6;1;12.2;1;4.3;1;;;;;0;9;;;;;;;;;;;;;;;;;;;;;;;;;;;;;;;;
75110001;LARIBOISIERE;48.882833;2.352000;55;20260301;0.0;1;6.8;1;646;9;13.6;1;1414;9;10.5;1;10.2;1;6.8;1;;;;;0;9;;;;;;;;;;;;;;;;;;;;;;;;;;;;;;;;
75110001;LARIBOISIERE;48.882833;2.352000;55;20260302;0.0;1;8.4;1;636;9;17.8;1;1500;9;13.0;1;13.1;1;9.4;1;;;;;0;9;;;;;;;;;;;;;;;;;;;;;;;;;;;;;;;;
75110001;LARIBOISIERE;48.882833;2.352000;55;20260303;0.0;1;10.0;1;652;9;18.5;1;1512;9;14.1;1;14.3;1;8.5;1;;;;;0;9;;;;;;;;;;;;;;;;;;;;;;;;;;;;;;;;
75110001;LARIBOISIERE;48.882833;2.352000;55;20260304;0.0;1;9.1;1;645;9;18.6;1;1408;9;14.2;1;13.9;1;9.5;1;;;;;0;9;;;;;;;;;;;;;;;;;;;;;;;;;;;;;;;;
75110001;LARIBOISIERE;48.882833;2.352000;55;20260305;0.0;1;10.0;1;633;9;18.7;1;1515;9;14.5;1;14.4;1;8.7;1;;;;;0;9;;;;;;;;;;;;;;;;;;;;;;;;;;;;;;;;
75110001;LARIBOISIERE;48.882833;2.352000;55;20260306;0.0;1;13.0;1;703;9;18.5;1;1443;9;15.4;1;15.8;1;5.5;1;;;;;0;9;;;;;;;;;;;;;;;;;;;;;;;;;;;;;;;;
75110001;LARIBOISIERE;48.882833;2.352000;55;20260307;0.0;1;11.1;1;738;9;17.8;1;1525;9;13.5;1;14.5;1;6.7;1;;;;;0;9;;;;;;;;;;;;;;;;;;;;;;;;;;;;;;;;
75110001;LARIBOISIERE;48.882833;2.352000;55;20260308;0.0;1;7.2;1;747;9;18.1;1;1551;9;12.2;1;12.7;1;10.9;1;;;;;0;9;;;;;;;;;;;;;;;;;;;;;;;;;;;;;;;;
75110001;LARIBOISIERE;48.882833;2.352000;55;20260309;2.6;1;10.2;1;640;9;18.0;1;1348;9;14.7;1;14.1;1;7.8;1;;;;;0;9;;;;;;;;;;;;;;;;;;;;;;;;;;;;;;;;
75110001;LARIBOISIERE;48.882833;2.352000;55;20260310;2.0;1;12.0;1;345;9;16.7;1;1349;9;13.8;1;14.4;1;4.7;1;;;;;0;9;;;;;;;;;;;;;;;;;;;;;;;;;;;;;;;;
75110001;LARIBOISIERE;48.882833;2.352000;55;20260311;3.6;1;10.2;1;734;9;14.4;1;1340;9;11.6;1;12.3;1;4.2;1;;;;;0;9;;;;;;;;;;;;;;;;;;;;;;;;;;;;;;;;
75110001;LARIBOISIERE;48.882833;2.352000;55;20260312;0.0;1;7.2;1;636;9;13.1;1;1203;9;10.5;1;10.2;1;5.9;1;;;;;0;9;;;;;;;;;;;;;;;;;;;;;;;;;;;;;;;;
75110001;LARIBOISIERE;48.882833;2.352000;55;20260313;20.9;1;7.5;1;1755;9;12.4;1;943;9;9.3;1;10.0;1;4.9;1;;;;;0;9;;;;;;;;;;;;;;;;;;;;;;;;;;;;;;;;
75110001;LARIBOISIERE;48.882833;2.352000;55;20260314;0.2;1;3.9;1;37;9;11.1;1;1443;9;7.1;1;7.5;1;7.2;1;;;;;0;9;;;;;;;;;;;;;;;;;;;;;;;;;;;;;;;;
75110001;LARIBOISIERE;48.882833;2.352000;55;20260315;0.0;1;5.0;1;311;9;13.3;1;1531;9;9.1;1;9.2;1;8.3;1;;;;;0;9;;;;;;;;;;;;;;;;;;;;;;;;;;;;;;;;
75110001;LARIBOISIERE;48.882833;2.352000;55;20260316;0.0;1;8.8;1;446;9;13.4;1;1318;9;11.2;1;11.1;1;4.6;1;;;;;0;9;;;;;;;;;;;;;;;;;;;;;;;;;;;;;;;;
75110001;LARIBOISIERE;48.882833;2.352000;55;20260317;0.2;1;7.9;1;613;9;17.3;1;1441;9;12.8;1;12.6;1;9.4;1;;;;;0;9;;;;;;;;;;;;;;;;;;;;;;;;;;;;;;;;
75110001;LARIBOISIERE;48.882833;2.352000;55;20260318;0.0;1;9.7;1;606;9;16.0;1;1400;9;12.8;1;12.9;1;6.3;1;;;;;0;9;;;;;;;;;;;;;;;;;;;;;;;;;;;;;;;;
75110001;LARIBOISIERE;48.882833;2.352000;55;20260319;0.0;1;7.9;1;507;9;17.5;1;1520;9;12.4;1;12.7;1;9.6;1;;;;;0;9;;;;;;;;;;;;;;;;;;;;;;;;;;;;;;;;
75110001;LARIBOISIERE;48.882833;2.352000;55;20260320;0.0;1;7.6;1;547;9;17.4;1;1422;9;12.6;1;12.5;1;9.8;1;;;;;0;9;;;;;;;;;;;;;;;;;;;;;;;;;;;;;;;;
75110001;LARIBOISIERE;48.882833;2.352000;55;20260321;0.0;1;7.9;1;657;9;16.7;1;1413;9;12.0;1;12.3;1;8.8;1;;;;;0;9;;;;;;;;;;;;;;;;;;;;;;;;;;;;;;;;
75110001;LARIBOISIERE;48.882833;2.352000;55;20260322;0.0;1;6.5;1;618;9;15.4;1;1440;9;11.3;1;11.0;1;8.9;1;;;;;0;9;;;;;;;;;;;;;;;;;;;;;;;;;;;;;;;;
75110001;LARIBOISIERE;48.882833;2.352000;55;20260323;0.0;1;7.2;1;618;9;16.7;1;1458;9;12.5;1;12.0;1;9.5;1;;;;;0;9;;;;;;;;;;;;;;;;;;;;;;;;;;;;;;;;
75110001;LARIBOISIERE;48.882833;2.352000;55;20260324;0.0;1;10.6;1;325;9;18.4;1;1357;9;14.4;1;14.5;1;7.8;1;;;;;0;9;;;;;;;;;;;;;;;;;;;;;;;;;;;;;;;;
75110001;LARIBOISIERE;48.882833;2.352000;55;20260325;8.4;1;6.5;1;1258;9;10.1;1;1130;9;8.1;1;8.3;1;3.6;1;;;;;0;9;;;;;;;;;;;;;;;;;;;;;;;;;;;;;;;;
75110001;LARIBOISIERE;48.882833;2.352000;55;20260326;0.6;1;4.6;1;1841;9;10.7;1;1548;9;7.2;1;7.7;1;6.1;1;;;;;0;9;;;;;;;;;;;;;;;;;;;;;;;;;;;;;;;;
75110001;LARIBOISIERE;48.882833;2.352000;55;20260327;8.2;1;5.5;1;303;9;11.3;1;1447;9;8.9;1;8.4;1;5.8;1;;;;;0;9;;;;;;;;;;;;;;;;;;;;;;;;;;;;;;;;
75110001;LARIBOISIERE;48.882833;2.352000;55;20260328;0.0;1;7.9;1;632;9;11.9;1;1356;9;9.2;1;9.9;1;4.0;1;;;;;0;9;;;;;;;;;;;;;;;;;;;;;;;;;;;;;;;;
75110001;LARIBOISIERE;48.882833;2.352000;55;20260329;0.2;1;5.2;1;413;9;12.9;1;1344;9;9.2;1;9.1;1;7.7;1;;;;;0;9;;;;;;;;;;;;;;;;;;;;;;;;;;;;;;;;
75110001;LARIBOISIERE;48.882833;2.352000;55;20260330;0.0;1;9.2;1;329;9;13.8;1;1254;9;11.1;1;11.5;1;4.6;1;;;;;0;9;;;;;;;;;;;;;;;;;;;;;;;;;;;;;;;;
75110001;LARIBOISIERE;48.882833;2.352000;55;20260331;0.0;1;8.3;1;332;9;11.8;1;1036;9;10.0;1;10.1;1;3.5;1;;;;;0;9;;;;;;;;;;;;;;;;;;;;;;;;;;;;;;;;
75110001;LARIBOISIERE;48.882833;2.352000;55;20260401;2.4;1;10.0;1;1947;9;11.0;1;752;9;10.8;1;10.5;1;1.0;1;;;;;0;9;;;;;;;;;;;;;;;;;;;;;;;;;;;;;;;;
75110001;LARIBOISIERE;48.882833;2.352000;55;20260402;0.0;1;9.8;1;602;9;14.4;1;1609;9;11.2;1;12.1;1;4.6;1;;;;;0;9;;;;;;;;;;;;;;;;;;;;;;;;;;;;;;;;
75110001;LARIBOISIERE;48.882833;2.352000;55;20260403;2.8;1;7.1;1;414;9;13.3;1;1305;9;10.6;1;10.2;1;6.2;1;;;;;0;9;;;;;;;;;;;;;;;;;;;;;;;;;;;;;;;;
75110001;LARIBOISIERE;48.882833;2.352000;55;20260404;0.2;1;12.1;1;1801;9;18.8;1;1518;9;15.1;1;15.5;1;6.7;1;;;;;0;9;;;;;;;;;;;;;;;;;;;;;;;;;;;;;;;;
75110001;LARIBOISIERE;48.882833;2.352000;55;20260405;0.0;1;12.1;1;542;9;16.9;1;1408;9;13.6;1;14.5;1;4.8;1;;;;;0;9;;;;;;;;;;;;;;;;;;;;;;;;;;;;;;;;
75110001;LARIBOISIERE;48.882833;2.352000;55;20260406;0.0;1;8.2;1;544;9;18.6;1;1537;9;13.5;1;13.4;1;10.4;1;;;;;0;9;;;;;;;;;;;;;;;;;;;;;;;;;;;;;;;;
75110001;LARIBOISIERE;48.882833;2.352000;55;20260407;0.0;1;9.7;1;533;9;24.6;1;1536;9;17.4;1;17.2;1;14.9;1;;;;;0;9;;;;;;;;;;;;;;;;;;;;;;;;;;;;;;;;
75110001;LARIBOISIERE;48.882833;2.352000;55;20260408;0.0;1;12.3;1;559;9;25.9;1;1536;9;19.1;1;19.1;1;13.6;1;;;;;0;9;;;;;;;;;;;;;;;;;;;;;;;;;;;;;;;;
75110001;LARIBOISIERE;48.882833;2.352000;55;20260409;0.0;1;14.5;1;442;9;26.8;1;1422;9;19.6;1;20.7;1;12.3;1;;;;;0;9;;;;;;;;;;;;;;;;;;;;;;;;;;;;;;;;
75110001;LARIBOISIERE;48.882833;2.352000;55;20260410;0.0;1;9.5;1;422;9;17.3;1;1510;9;13.2;1;13.4;1;7.8;1;;;;;0;9;;;;;;;;;;;;;;;;;;;;;;;;;;;;;;;;
75110001;LARIBOISIERE;48.882833;2.352000;55;20260411;0.6;1;9.2;1;1702;9;16.0;1;1006;9;12.2;1;12.6;1;6.8;1;;;;;0;9;;;;;;;;;;;;;;;;;;;;;;;;;;;;;;;;
75110001;LARIBOISIERE;48.882833;2.352000;55;20260412;0.0;1;8.4;1;445;9;14.5;1;1542;9;11.4;1;11.5;1;6.1;1;;;;;0;9;;;;;;;;;;;;;;;;;;;;;;;;;;;;;;;;
75110001;LARIBOISIERE;48.882833;2.352000;55;20260413;0.0;1;10.0;1;557;9;14.8;1;1431;9;11.5;1;12.4;1;4.8;1;;;;;0;9;;;;;;;;;;;;;;;;;;;;;;;;;;;;;;;;
75110001;LARIBOISIERE;48.882833;2.352000;55;20260414;0.0;1;8.4;1;504;9;18.2;1;1513;9;13.8;1;13.3;1;9.8;1;;;;;0;9;;;;;;;;;;;;;;;;;;;;;;;;;;;;;;;;
75110001;LARIBOISIERE;48.882833;2.352000;55;20260415;0.0;1;10.2;1;510;9;18.7;1;1315;9;15.4;1;14.5;1;8.5;1;;;;;0;9;;;;;;;;;;;;;;;;;;;;;;;;;;;;;;;;
75110001;LARIBOISIERE;48.882833;2.352000;55;20260416;0.0;1;11.7;1;546;9;19.5;1;1601;9;15.8;1;15.6;1;7.8;1;;;;;0;9;;;;;;;;;;;;;;;;;;;;;;;;;;;;;;;;
75110001;LARIBOISIERE;48.882833;2.352000;55;20260417;0.0;1;12.7;1;533;9;21.3;1;1526;9;17.7;1;17.0;1;8.6;1;;;;;0;9;;;;;;;;;;;;;;;;;;;;;;;;;;;;;;;;
75110001;LARIBOISIERE;48.882833;2.352000;55;20260418;0.0;1;15.0;1;433;9;22.3;1;1350;9;16.8;1;18.7;1;7.3;1;;;;;0;9;;;;;;;;;;;;;;;;;;;;;;;;;;;;;;;;
75110001;LARIBOISIERE;48.882833;2.352000;55;20260419;0.0;1;7.9;1;649;9;18.4;1;1535;9;13.3;1;13.2;1;10.5;1;;;;;0;9;;;;;;;;;;;;;;;;;;;;;;;;;;;;;;;;
75110001;LARIBOISIERE;48.882833;2.352000;55;20260420;0.0;1;7.9;1;516;9;15.9;1;1520;9;12.0;1;11.9;1;8.0;1;;;;;0;9;;;;;;;;;;;;;;;;;;;;;;;;;;;;;;;;
75110001;LARIBOISIERE;48.882833;2.352000;55;20260421;0.0;1;6.6;1;530;9;15.5;1;1211;9;11.9;1;11.1;1;8.9;1;;;;;0;9;;;;;;;;;;;;;;;;;;;;;;;;;;;;;;;;
75110001;LARIBOISIERE;48.882833;2.352000;55;20260422;0.0;1;8.2;1;505;9;19.5;1;1543;9;14.1;1;13.9;1;11.3;1;;;;;0;9;;;;;;;;;;;;;;;;;;;;;;;;;;;;;;;;
75110001;LARIBOISIERE;48.882833;2.352000;55;20260423;0.0;1;9.3;1;457;9;22.5;1;1530;9;16.5;1;15.9;1;13.2;1;;;;;0;9;;;;;;;;;;;;;;;;;;;;;;;;;;;;;;;;
75110001;LARIBOISIERE;48.882833;2.352000;55;20260424;0.0;1;9.6;1;511;9;23.0;1;1537;9;16.6;1;16.3;1;13.4;1;;;;;0;9;;;;;;;;;;;;;;;;;;;;;;;;;;;;;;;;
75110001;LARIBOISIERE;48.882833;2.352000;55;20260425;0.0;1;9.6;1;510;9;23.5;1;1509;9;16.7;1;16.6;1;13.9;1;;;;;0;9;;;;;;;;;;;;;;;;;;;;;;;;;;;;;;;;
75110001;LARIBOISIERE;48.882833;2.352000;55;20260426;0.0;1;10.5;1;514;9;22.7;1;1522;9;17.0;1;16.6;1;12.2;1;;;;;0;9;;;;;;;;;;;;;;;;;;;;;;;;;;;;;;;;
75110001;LARIBOISIERE;48.882833;2.352000;55;20260427;0.0;1;11.6;1;514;9;22.6;1;1515;9;16.8;1;17.1;1;11.0;1;;;;;0;9;;;;;;;;;;;;;;;;;;;;;;;;;;;;;;;;
75110001;LARIBOISIERE;48.882833;2.352000;55;20260428;0.0;1;12.0;1;434;9;21.3;1;1541;9;16.6;1;16.7;1;9.3;1;;;;;0;9;;;;;;;;;;;;;;;;;;;;;;;;;;;;;;;;
75110001;LARIBOISIERE;48.882833;2.352000;55;20260429;0.0;1;13.5;1;619;9;24.4;1;1537;9;18.6;1;19.0;1;10.9;1;;;;;0;9;;;;;;;;;;;;;;;;;;;;;;;;;;;;;;;;
75110001;LARIBOISIERE;48.882833;2.352000;55;20260430;0.0;1;13.1;1;514;9;24.7;1;1543;9;18.5;1;18.9;1;11.6;1;;;;;0;9;;;;;;;;;;;;;;;;;;;;;;;;;;;;;;;;
75110001;LARIBOISIERE;48.882833;2.352000;55;20260501;0.6;1;13.6;1;454;9;26.6;1;1532;9;19.4;1;20.1;1;13.0;1;;;;;0;9;;;;;;;;;;;;;;;;;;;;;;;;;;;;;;;;
75110001;LARIBOISIERE;48.882833;2.352000;55;20260502;4.4;1;16.6;1;413;9;26.2;1;1404;9;20.7;1;21.4;1;9.6;1;;;;;0;9;;;;;;;;;;;;;;;;;;;;;;;;;;;;;;;;
75110001;LARIBOISIERE;48.882833;2.352000;55;20260503;1.2;1;14.7;1;504;9;21.3;1;1534;9;17.5;1;18.0;1;6.6;1;;;;;0;9;;;;;;;;;;;;;;;;;;;;;;;;;;;;;;;;
75110001;LARIBOISIERE;48.882833;2.352000;55;20260504;15.5;1;15.2;1;943;9;17.7;1;1240;9;16.1;1;16.5;1;2.5;1;;;;;0;9;;;;;;;;;;;;;;;;;;;;;;;;;;;;;;;;
75110001;LARIBOISIERE;48.882833;2.352000;55;20260505;11.0;1;13.1;1;1452;9;14.7;1;1134;9;13.4;1;13.9;1;1.6;1;;;;;0;9;;;;;;;;;;;;;;;;;;;;;;;;;;;;;;;;
75110001;LARIBOISIERE;48.882833;2.352000;55;20260506;0.0;1;10.1;1;633;9;15.2;1;1231;9;12.3;1;12.7;1;5.1;1;;;;;0;9;;;;;;;;;;;;;;;;;;;;;;;;;;;;;;;;
75110001;LARIBOISIERE;48.882833;2.352000;55;20260507;0.2;1;10.7;1;434;9;17.0;1;1357;9;14.0;1;13.9;1;6.3;1;;;;;0;9;;;;;;;;;;;;;;;;;;;;;;;;;;;;;;;;
75110001;LARIBOISIERE;48.882833;2.352000;55;20260508;0.0;1;10.7;1;526;9;20.5;1;1555;9;16.1;1;15.6;1;9.8;1;;;;;0;9;;;;;;;;;;;;;;;;;;;;;;;;;;;;;;;;
75110001;LARIBOISIERE;48.882833;2.352000;55;20260509;0.0;1;12.0;1;432;9;25.1;1;1452;9;19.2;1;18.6;1;13.1;1;;;;;0;9;;;;;;;;;;;;;;;;;;;;;;;;;;;;;;;;
75110001;LARIBOISIERE;48.882833;2.352000;55;20260510;33.8;1;13.6;1;1742;9;18.3;1;1027;9;14.8;1;16.0;1;4.7;1;;;;;0;9;;;;;;;;;;;;;;;;;;;;;;;;;;;;;;;;
75110001;LARIBOISIERE;48.882833;2.352000;55;20260511;2.8;1;9.6;1;737;9;14.4;1;1625;9;11.4;1;12.0;1;4.8;1;;;;;0;9;;;;;;;;;;;;;;;;;;;;;;;;;;;;;;;;
75110001;LARIBOISIERE;48.882833;2.352000;55;20260512;0.0;1;8.1;1;223;9;17.0;1;1550;9;12.7;1;12.6;1;8.9;1;;;;;0;9;;;;;;;;;;;;;;;;;;;;;;;;;;;;;;;;
75110001;LARIBOISIERE;48.882833;2.352000;55;20260513;4.8;1;10.9;1;1700;9;15.1;1;918;9;12.2;1;13.0;1;4.2;1;;;;;0;9;;;;;;;;;;;;;;;;;;;;;;;;;;;;;;;;
75110001;LARIBOISIERE;48.882833;2.352000;55;20260514;8.2;1;8.7;1;409;9;13.3;1;1136;9;9.9;1;11.0;1;4.6;1;;;;;0;9;;;;;;;;;;;;;;;;;;;;;;;;;;;;;;;;
75110001;LARIBOISIERE;48.882833;2.352000;55;20260515;3.2;1;7.1;1;423;9;14.2;1;1117;9;10.7;1;10.7;1;7.1;1;;;;;0;9;;;;;;;;;;;;;;;;;;;;;;;;;;;;;;;;
75110001;LARIBOISIERE;48.882833;2.352000;55;20260516;3.8;1;8.9;1;505;9;17.4;1;1532;9;13.0;1;13.2;1;8.5;1;;;;;0;9;;;;;;;;;;;;;;;;;;;;;;;;;;;;;;;;
75110001;LARIBOISIERE;48.882833;2.352000;55;20260517;10.0;1;10.8;1;501;9;16.3;1;1217;9;12.9;1;13.6;1;5.5;1;;;;;0;9;;;;;;;;;;;;;;;;;;;;;;;;;;;;;;;;
75110001;LARIBOISIERE;48.882833;2.352000;55;20260518;2.0;1;10.5;1;447;9;15.5;1;1354;9;13.2;1;13.0;1;5.0;1;;;;;0;9;;;;;;;;;;;;;;;;;;;;;;;;;;;;;;;;
75110001;LARIBOISIERE;48.882833;2.352000;55;20260519;0.6;1;11.8;1;420;9;17.1;1;1709;9;14.5;1;14.5;1;5.3;1;;;;;0;9;;;;;;;;;;;;;;;;;;;;;;;;;;;;;;;;
75110001;LARIBOISIERE;48.882833;2.352000;55;20260520;0.0;1;13.8;1;405;9;20.8;1;1456;9;17.3;1;17.3;1;7.0;1;;;;;0;9;;;;;;;;;;;;;;;;;;;;;;;;;;;;;;;;
75110001;LARIBOISIERE;48.882833;2.352000;55;20260521;0.4;1;14.5;1;429;9;26.2;1;1521;9;20.3;1;20.4;1;11.7;1;;;;;0;9;;;;;;;;;;;;;;;;;;;;;;;;;;;;;;;;
75110001;LARIBOISIERE;48.882833;2.352000;55;20260522;0.0;1;16.1;1;416;9;31.0;1;1544;9;23.9;1;23.6;1;14.9;1;;;;;0;9;;;;;;;;;;;;;;;;;;;;;;;;;;;;;;;;
75110001;LARIBOISIERE;48.882833;2.352000;55;20260523;0.0;1;20.0;1;435;9;31.9;1;1541;9;26.4;1;26.0;1;11.9;1;;;;;0;9;;;;;;;;;;;;;;;;;;;;;;;;;;;;;;;;
75110001;LARIBOISIERE;48.882833;2.352000;55;20260524;0.0;1;20.8;1;405;9;32.6;1;1511;9;27.1;1;26.7;1;11.8;1;;;;;;;;;;;;;;;;;;;;;;;;;;;;;;;;;;;;;;
75110001;LARIBOISIERE;48.882833;2.352000;55;20260525;0.0;1;21.6;1;500;9;33.9;1;1508;9;27.9;1;27.8;1;12.3;1;;;;;0;9;;;;;;;;;;;;;;;;;;;;;;;;;;;;;;;;
75110001;LARIBOISIERE;48.882833;2.352000;55;20260526;0.0;1;21.4;1;436;9;34.0;1;1532;9;27.9;1;27.7;1;12.6;1;;;;;0;9;;;;;;;;;;;;;;;;;;;;;;;;;;;;;;;;
75110001;LARIBOISIERE;48.882833;2.352000;55;20260527;0.0;1;23.1;1;413;9;33.4;1;1446;9;28.4;1;28.3;1;10.3;1;;;;;0;9;;;;;;;;;;;;;;;;;;;;;;;;;;;;;;;;
75110001;LARIBOISIERE;48.882833;2.352000;55;20260528;0.0;1;23.2;1;531;9;34.4;1;1528;9;28.9;1;28.8;1;11.2;1;;;;;0;9;;;;;;;;;;;;;;;;;;;;;;;;;;;;;;;;
75110001;LARIBOISIERE;48.882833;2.352000;55;20260529;0.0;1;24.6;1;434;9;34.3;1;1355;9;29.4;1;29.5;1;9.7;1;;;;;0;9;;;;;;;;;;;;;;;;;;;;;;;;;;;;;;;;
75110001;LARIBOISIERE;48.882833;2.352000;55;20260530;0.0;1;23.4;1;532;9;35.5;1;1532;9;29.1;1;29.5;1;12.1;1;;;;;0;9;;;;;;;;;;;;;;;;;;;;;;;;;;;;;;;;
75110001;LARIBOISIERE;48.882833;2.352000;55;20260531;0.0;1;19.4;1;256;9;24.0;1;1121;9;21.4;1;21.7;1;4.6;1;;;;;0;9;;;;;;;;;;;;;;;;;;;;;;;;;;;;;;;;
75110001;LARIBOISIERE;48.882833;2.352000;55;20260601;0.0;1;16.9;1;510;9;27.4;1;1556;9;22.2;1;22.2;1;10.5;1;;;;;0;9;;;;;;;;;;;;;;;;;;;;;;;;;;;;;;;;
75110001;LARIBOISIERE;48.882833;2.352000;55;20260602;4.2;1;17.0;1;745;9;22.2;1;1255;9;19.2;1;19.6;1;5.2;1;;;;;0;9;;;;;;;;;;;;;;;;;;;;;;;;;;;;;;;;
75110001;LARIBOISIERE;48.882833;2.352000;55;20260603;0.8;1;15.0;1;203;9;20.5;1;1454;9;17.6;1;17.8;1;5.5;1;;;;;0;9;;;;;;;;;;;;;;;;;;;;;;;;;;;;;;;;
75110001;LARIBOISIERE;48.882833;2.352000;55;20260604;2.0;1;15.1;1;617;9;22.4;1;1324;9;17.3;1;18.8;1;7.3;1;;;;;0;9;;;;;;;;;;;;;;;;;;;;;;;;;;;;;;;;
75110001;LARIBOISIERE;48.882833;2.352000;55;20260605;0.2;1;13.2;1;314;9;20.4;1;1537;9;16.6;1;16.8;1;7.2;1;;;;;0;9;;;;;;;;;;;;;;;;;;;;;;;;;;;;;;;;
75110001;LARIBOISIERE;48.882833;2.352000;55;20260606;0.6;1;15.1;1;406;9;22.7;1;1451;9;17.6;1;18.9;1;7.6;1;;;;;0;9;;;;;;;;;;;;;;;;;;;;;;;;;;;;;;;;
75110001;LARIBOISIERE;48.882833;2.352000;55;20260607;0.0;1;13.8;1;409;9;24.2;1;1531;9;18.6;1;19.0;1;10.4;1;;;;;0;9;;;;;;;;;;;;;;;;;;;;;;;;;;;;;;;;
75110001;LARIBOISIERE;48.882833;2.352000;55;20260608;0.2;1;15.5;1;1658;9;24.0;1;1431;9;18.2;1;19.8;1;8.5;1;;;;;0;9;;;;;;;;;;;;;;;;;;;;;;;;;;;;;;;;
75110001;LARIBOISIERE;48.882833;2.352000;55;20260609;0.2;1;12.0;1;430;9;21.8;1;1521;9;16.0;1;16.9;1;9.8;1;;;;;0;9;;;;;;;;;;;;;;;;;;;;;;;;;;;;;;;;
75110001;LARIBOISIERE;48.882833;2.352000;55;20260610;0.0;1;13.5;1;540;9;19.9;1;1522;9;15.9;1;16.7;1;6.4;1;;;;;0;9;;;;;;;;;;;;;;;;;;;;;;;;;;;;;;;;
75110001;LARIBOISIERE;48.882833;2.352000;55;20260611;0.2;1;11.6;1;357;9;20.2;1;1233;9;16.6;1;15.9;1;8.6;1;;;;;0;9;;;;;;;;;;;;;;;;;;;;;;;;;;;;;;;;
75110001;LARIBOISIERE;48.882833;2.352000;55;20260612;0.0;1;17.3;1;338;9;26.8;1;1412;9;21.6;1;22.1;1;9.5;1;;;;;0;9;;;;;;;;;;;;;;;;;;;;;;;;;;;;;;;;
75110001;LARIBOISIERE;48.882833;2.352000;55;20260613;0.0;1;17.1;1;502;9;30.2;1;1549;9;22.6;1;23.7;1;13.1;1;;;;;0;9;;;;;;;;;;;;;;;;;;;;;;;;;;;;;;;;
75110001;LARIBOISIERE;48.882833;2.352000;55;20260614;0.0;1;14.9;1;520;9;27.4;1;1607;9;20.7;1;21.2;1;12.5;1;;;;;0;9;;;;;;;;;;;;;;;;;;;;;;;;;;;;;;;;
75110001;LARIBOISIERE;48.882833;2.352000;55;20260615;0.0;1;16.0;1;252;9;28.9;1;1545;9;22.7;1;22.5;1;12.9;1;;;;;0;9;;;;;;;;;;;;;;;;;;;;;;;;;;;;;;;;
75110001;LARIBOISIERE;48.882833;2.352000;55;20260616;0.0;1;22.4;1;416;9;30.5;1;1526;9;24.8;1;26.5;1;8.1;1;;;;;0;9;;;;;;;;;;;;;;;;;;;;;;;;;;;;;;;;
75110001;LARIBOISIERE;48.882833;2.352000;55;20260617;0.0;1;20.5;1;118;9;33.7;1;1522;9;26.5;1;27.1;1;13.2;1;;;;;0;9;;;;;;;;;;;;;;;;;;;;;;;;;;;;;;;;
75110001;LARIBOISIERE;48.882833;2.352000;55;20260618;0.0;1;20.3;1;413;9;37.5;1;1422;9;28.3;1;28.9;1;17.2;1;;;;;0;9;;;;;;;;;;;;;;;;;;;;;;;;;;;;;;;;
75110001;LARIBOISIERE;48.882833;2.352000;55;20260619;0.0;1;23.5;1;401;9;37.6;1;1512;9;29.2;1;30.6;1;14.1;1;;;;;;;;;;;;;;;;;;;;;;;;;;;;;;;;;;;;;;
75110001;LARIBOISIERE;48.882833;2.352000;55;20260620;0.0;1;21.2;1;516;9;36.3;1;1449;9;28.9;1;28.8;1;15.1;1;;;;;0;9;;;;;;;;;;;;;;;;;;;;;;;;;;;;;;;;
75110001;LARIBOISIERE;48.882833;2.352000;55;20260621;0.0;1;21.6;1;451;9;38.9;1;1542;9;30.1;1;30.3;1;17.3;1;;;;;0;9;;;;;;;;;;;;;;;;;;;;;;;;;;;;;;;;
75110001;LARIBOISIERE;48.882833;2.352000;55;20260622;0.0;1;25.7;1;449;9;38.9;1;1429;9;32.0;1;32.3;1;13.2;1;;;;;0;9;;;;;;;;;;;;;;;;;;;;;;;;;;;;;;;;
75110001;LARIBOISIERE;48.882833;2.352000;55;20260623;0.0;1;26.0;1;355;9;37.9;1;1452;9;31.8;1;32.0;1;11.9;1;;;;;0;9;;;;;;;;;;;;;;;;;;;;;;;;;;;;;;;;
75110001;LARIBOISIERE;48.882833;2.352000;55;20260624;0.0;1;28.1;1;406;9;41.7;1;1510;9;35.1;1;34.9;1;13.6;1;;;;;0;9;;;;;;;;;;;;;;;;;;;;;;;;;;;;;;;;
75110001;LARIBOISIERE;48.882833;2.352000;55;20260625;0.0;1;28.4;1;401;9;41.4;1;1417;9;35.2;1;34.9;1;13.0;1;;;;;0;1;;;;;;;;;;;;;;;;;;;;;;;;;;;;;;;;
75110001;LARIBOISIERE;48.882833;2.352000;55;20260626;0.0;1;29.5;1;609;9;38.1;1;1109;9;32.6;1;33.8;1;8.6;1;;;;;0;9;;;;;;;;;;;;;;;;;;;;;;;;;;;;;;;;
75110001;LARIBOISIERE;48.882833;2.352000;55;20260627;0.0;1;23.4;1;327;9;38.3;1;1519;9;29.7;1;30.9;1;14.9;1;;;;;0;9;;;;;;;;;;;;;;;;;;;;;;;;;;;;;;;;
75110001;LARIBOISIERE;48.882833;2.352000;55;20260628;0.0;1;23.5;1;240;9;32.1;1;1431;9;26.5;1;27.8;1;8.6;1;;;;;0;9;;;;;;;;;;;;;;;;;;;;;;;;;;;;;;;;
75110001;LARIBOISIERE;48.882833;2.352000;55;20260629;0.0;1;18.0;1;515;9;29.2;1;1527;9;23.0;1;23.6;1;11.2;1;;;;;0;9;;;;;;;;;;;;;;;;;;;;;;;;;;;;;;;;
75110001;LARIBOISIERE;48.882833;2.352000;55;20260630;0.0;1;17.8;1;351;9;29.8;1;1427;9;22.9;1;23.8;1;12.0;1;;;;;0;9;;;;;;;;;;;;;;;;;;;;;;;;;;;;;;;;
75110001;LARIBOISIERE;48.882833;2.352000;55;20260701;0.0;1;17.7;1;449;9;26.1;1;1420;9;21.9;1;21.9;1;8.4;1;;;;;0;9;;;;;;;;;;;;;;;;;;;;;;;;;;;;;;;;
75110001;LARIBOISIERE;48.882833;2.352000;55;20260702;0.0;1;17.3;1;512;9;28.3;1;1551;9;21.6;1;22.8;1;11.0;1;;;;;0;9;;;;;;;;;;;;;;;;;;;;;;;;;;;;;;;;
75110001;LARIBOISIERE;48.882833;2.352000;55;20260703;0.0;1;17.6;1;341;9;29.2;1;1607;9;23.3;1;23.4;1;11.6;1;;;;;0;9;;;;;;;;;;;;;;;;;;;;;;;;;;;;;;;;
75110001;LARIBOISIERE;48.882833;2.352000;55;20260704;0.0;1;17.1;1;424;9;32.3;1;1500;9;24.5;1;24.7;1;15.2;1;;;;;0;9;;;;;;;;;;;;;;;;;;;;;;;;;;;;;;;;
75110001;LARIBOISIERE;48.882833;2.352000;55;20260705;0.0;1;18.6;1;415;9;30.1;1;1523;9;24.3;1;24.4;1;11.5;1;;;;;0;9;;;;;;;;;;;;;;;;;;;;;;;;;;;;;;;;
75110001;LARIBOISIERE;48.882833;2.352000;55;20260706;0.0;1;21.0;1;435;9;35.7;1;1604;9;28.0;1;28.4;1;14.7;1;;;;;0;9;;;;;;;;;;;;;;;;;;;;;;;;;;;;;;;;
75110001;LARIBOISIERE;48.882833;2.352000;55;20260707;0.0;1;24.3;1;459;9;34.6;1;1428;9;29.3;1;29.5;1;10.3;1;;;;;0;9;;;;;;;;;;;;;;;;;;;;;;;;;;;;;;;;
75110001;LARIBOISIERE;48.882833;2.352000;55;20260708;0.0;1;22.5;1;508;9;34.7;1;1600;9;28.7;1;28.6;1;12.2;1;;;;;0;9;;;;;;;;;;;;;;;;;;;;;;;;;;;;;;;;
75110001;LARIBOISIERE;48.882833;2.352000;55;20260709;0.0;1;23.5;1;514;9;34.1;1;1551;9;28.6;1;28.8;1;10.6;1;;;;;0;9;;;;;;;;;;;;;;;;;;;;;;;;;;;;;;;;
75110001;LARIBOISIERE;48.882833;2.352000;55;20260710;0.0;1;22.9;1;422;9;36.1;1;1516;9;29.4;1;29.5;1;13.2;1;;;;;0;9;;;;;;;;;;;;;;;;;;;;;;;;;;;;;;;;
75110001;LARIBOISIERE;48.882833;2.352000;55;20260711;0.0;1;23.1;1;532;9;36.4;1;1422;9;29.9;1;29.8;1;13.3;1;;;;;0;9;;;;;;;;;;;;;;;;;;;;;;;;;;;;;;;;
75110001;LARIBOISIERE;48.882833;2.352000;55;20260712;0.0;1;23.1;1;434;9;35.9;1;1551;9;29.8;1;29.5;1;12.8;1;;;;;0;9;;;;;;;;;;;;;;;;;;;;;;;;;;;;;;;;
75110001;LARIBOISIERE;48.882833;2.352000;55;20260713;0.0;1;23.3;1;438;9;35.1;1;1349;9;28.9;1;29.2;1;11.8;1;;;;;0;9;;;;;;;;;;;;;;;;;;;;;;;;;;;;;;;;
75110001;LARIBOISIERE;48.882833;2.352000;55;20260714;0.0;1;21.5;1;512;9;35.3;1;1547;9;28.5;1;28.4;1;13.8;1;;;;;0;9;;;;;;;;;;;;;;;;;;;;;;;;;;;;;;;;
75110001;LARIBOISIERE;48.882833;2.352000;55;20260715;0.0;1;24.1;1;537;9;32.0;1;1516;9;28.2;1;28.1;1;7.9;1;;;;;0;9;;;;;;;;;;;;;;;;;;;;;;;;;;;;;;;;
75110001;LARIBOISIERE;48.882833;2.352000;55;20260716;0.0;1;22.4;1;501;9;33.2;1;1413;9;27.5;1;27.8;1;10.8;1;;;;;0;9;;;;;;;;;;;;;;;;;;;;;;;;;;;;;;;;
75110001;LARIBOISIERE;48.882833;2.352000;55;20260717;0.0;1;20.2;1;523;9;27.6;1;1544;9;23.9;1;23.9;1;7.4;1;;;;;0;9;;;;;;;;;;;;;;;;;;;;;;;;;;;;;;;;
75110001;LARIBOISIERE;48.882833;2.352000;55;20260718;0.0;1;19.6;1;547;9;31.6;1;1439;9;24.2;1;25.6;1;12.0;1;;;;;0;9;;;;;;;;;;;;;;;;;;;;;;;;;;;;;;;;
75110001;LARIBOISIERE;48.882833;2.352000;55;20260719;0.0;1;15.9;1;416;9;24.7;1;1522;9;20.3;1;20.3;1;8.8;1;;;;;0;9;;;;;;;;;;;;;;;;;;;;;;;;;;;;;;;;
75110001;LARIBOISIERE;48.882833;2.352000;55;20260720;0.0;1;14.5;1;439;9;24.5;1;1605;9;19.7;1;19.5;1;10.0;1;;;;;0;9;;;;;;;;;;;;;;;;;;;;;;;;;;;;;;;;
75110001;LARIBOISIERE;48.882833;2.352000;55;20260721;0.0;1;15.0;1;437;9;26.2;1;1549;9;20.9;1;20.6;1;11.2;1;;;;;0;9;;;;;;;;;;;;;;;;;;;;;;;;;;;;;;;;
75110001;LARIBOISIERE;48.882833;2.352000;55;20260722;0.0;1;16.2;1;433;9;26.5;1;1535;9;21.1;1;21.4;1;10.3;1;;;;;0;9;;;;;;;;;;;;;;;;;;;;;;;;;;;;;;;;
75110001;LARIBOISIERE;48.882833;2.352000;55;20260723;0.0;1;16.8;1;452;9;25.4;1;1600;9;21.1;1;21.1;1;8.6;1;;;;;0;9;;;;;;;;;;;;;;;;;;;;;;;;;;;;;;;;
75110001;LARIBOISIERE;48.882833;2.352000;55;20260724;0.0;1;17.2;1;511;9;29.2;1;1527;9;23.3;1;23.2;1;12.0;1;;;;;0;9;;;;;;;;;;;;;;;;;;;;;;;;;;;;;;;;
75110001;LARIBOISIERE;48.882833;2.352000;55;20260725;0.0;1;19.3;1;424;9;30.4;1;1548;9;24.5;1;24.9;1;11.1;1;;;;;0;9;;;;;;;;;;;;;;;;;;;;;;;;;;;;;;;;
75110001;LARIBOISIERE;48.882833;2.352000;55;20260726;0.0;1;17.9;1;508;9;26.4;1;1633;9;21.5;1;22.2;1;8.5;1;;;;;0;9;;;;;;;;;;;;;;;;;;;;;;;;;;;;;;;;
75114001;PARIS-MONTSOURIS;48.821667;2.337833;75;20250101;12.9;1;4.0;1;300;9;8.8;1;152;9;6.3;1;6.4;1;4.8;1;3.8;9;3.8;9;0;9;5.5;1;;;9.0;1;210;9;2258;9;19.3;1;220;1;1928;9;;;;;;;16.8;1;220;1;2355;9;327;9;0;1
75114001;PARIS-MONTSOURIS;48.821667;2.337833;75;20250102;7.3;1;3.0;1;829;9;5.0;1;601;9;4.8;1;4.0;1;2.0;1;2.7;9;2.5;9;0;9;2.8;1;;;8.9;1;220;1;16;9;20.4;1;230;1;42;9;;;;;;;18.4;1;230;1;42;9;336;9;0;1
75114001;PARIS-MONTSOURIS;48.821667;2.337833;75;20250103;0.0;1;-0.3;1;746;9;4.7;1;1221;9;1.6;1;2.2;1;5.0;1;-4.9;9;-2.5;9;269;9;1.8;1;;;4.5;1;320;1;1340;9;8.4;1;10;1;1300;9;;;;;;;7.3;1;350;1;1441;9;0;9;0;1
75114001;PARIS-MONTSOURIS;48.821667;2.337833;75;20250104;9.7;1;-3.6;1;506;9;11.0;1;524;9;-0.2;1;3.7;1;14.6;1;-7.3;9;-4.9;9;642;9;2.8;1;;;5.1;1;130;1;1400;9;9.2;1;140;1;1355;9;;;;;;;8.4;1;150;1;1210;9;635;9;0;1
75114001;PARIS-MONTSOURIS;48.821667;2.337833;75;20250105;2.0;1;0.9;1;1859;9;12.8;1;1314;9;10.9;1;6.9;1;11.9;1;0.1;9;0.1;9;0;9;5.7;1;;;8.4;1;220;1;619;9;17.7;1;210;1;550;9;;;;;;;16.2;1;240;1;811;9;259;9;0;1
75114001;PARIS-MONTSOURIS;48.821667;2.337833;75;20250106;1.6;1;7.1;1;1546;9;12.0;1;649;9;9.4;1;9.6;1;4.9;1;4.3;9;5.7;9;0;9;5.7;1;;;10.1;1;220;1;947;9;22.7;1;220;1;938;9;;;;;;;21.3;1;220;1;938;9;171;9;0;1
75114001;PARIS-MONTSOURIS;48.821667;2.337833;75;20250107;0.0;1;3.9;1;644;9;7.8;1;1214;9;5.7;1;5.9;1;3.9;1;1.5;9;2.8;9;0;9;4.0;1;;;6.8;1;250;1;1305;9;13.6;1;230;1;437;9;;;;;;;12.6;1;280;1;1248;9;0;9;0;1
75114001;PARIS-MONTSOURIS;48.821667;2.337833;75;20250108;16.1;1;4.0;1;1028;9;11.9;1;1856;9;7.2;1;8.0;1;7.9;1;3.7;9;3.5;9;0;9;3.8;1;;;9.0;1;230;1;1723;9;21.9;1;230;1;1719;9;;;;;;;18.7;1;230;1;1700;9;754;9;0;1
75114001;PARIS-MONTSOURIS;48.821667;2.337833;75;20250109;0.8;1;2.5;1;1010;9;10.7;1;644;9;5.9;1;6.6;1;8.2;1;0.2;9;2.1;9;0;9;3.9;1;;;8.1;1;360;1;829;9;16.5;1;350;1;1047;9;;;;;;;14.7;1;350;1;1047;9;142;9;0;1
75114001;PARIS-MONTSOURIS;48.821667;2.337833;75;20250110;0.0;1;3.1;1;658;9;6.1;1;1418;9;3.8;1;4.6;1;3.0;1;-0.8;9;2.3;9;0;9;1.7;1;;;3.5;1;80;1;1941;9;5.8;1;80;1;1936;9;;;;;;;5.3;1;140;1;1228;9;0;9;0;1
75114001;PARIS-MONTSOURIS;48.821667;2.337833;75;20250111;0.0;1;-0.5;1;804;9;2.6;1;1402;9;1.3;1;1.1;1;3.1;1;-2.8;9;-0.6;9;149;9;2.4;1;;;3.5;1;30;1;711;9;6.1;1;50;1;304;9;;;;;;;5.7;1;50;1;310;9;0;9;0;1
75114001;PARIS-MONTSOURIS;48.821667;2.337833;75;20250112;0.0;1;1.3;1;1804;9;4.8;1;1328;9;3.2;1;3.1;1;3.5;1;0.7;9;1.2;9;0;9;2.4;1;;;4.0;1;330;1;610;9;7.9;1;50;1;1753;9;;;;;;;7.2;1;40;1;1645;9;0;9;0;1
75114001;PARIS-MONTSOURIS;48.821667;2.337833;75;20250113;0.0;1;1.3;1;803;9;5.2;1;1243;9;2.2;1;3.3;1;3.9;1;-3.1;9;0.3;9;93;9;2.8;1;;;4.2;1;90;1;114;9;8.7;1;70;1;139;9;;;;;;;7.6;1;70;1;110;9;0;9;0;1
75114001;PARIS-MONTSOURIS;48.821667;2.337833;75;20250114;0.0;1;-2.3;1;619;9;4.7;1;553;9;1.0;1;1.2;1;7.0;1;-7.0;9;-3.6;9;583;9;1.5;1;;;3.1;1;360;1;1439;9;5.2;1;350;1;1552;9;;;;;;;4.7;1;350;1;1552;9;0;9;0;1
75114001;PARIS-MONTSOURIS;48.821667;2.337833;75;20250115;0.4;1;0.8;1;6;9;7.2;1;1511;9;5.2;1;4.0;1;6.4;1;-3.4;9;-0.6;9;0;9;1.9;1;;;3.2;1;40;1;1830;9;5.3;1;50;1;1933;9;;;;;;;5.0;1;30;1;1825;9;199;9;0;1
75114001;PARIS-MONTSOURIS;48.821667;2.337833;75;20250116;0.0;1;2.6;1;700;9;5.0;1;1153;9;4.3;1;3.8;1;2.4;1;-0.6;9;1.3;9;0;9;2.5;1;;;4.3;1;80;1;944;9;9.0;1;70;1;736;9;;;;;;;8.5;1;70;1;736;9;0;9;0;1
75114001;PARIS-MONTSOURIS;48.821667;2.337833;75;20250117;0.0;1;0.1;1;1756;9;1.8;1;1258;9;1.1;1;1.0;1;1.7;1;-3.5;9;-0.7;9;134;9;1.7;1;;;2.9;1;70;1;102;9;5.8;1;40;1;1440;9;;;;;;;4.8;1;50;1;1621;9;0;9;0;1
75114001;PARIS-MONTSOURIS;48.821667;2.337833;75;20250118;0.0;1;-0.3;1;110;9;2.0;1;1406;9;0.8;1;0.9;1;2.3;1;-0.4;9;-0.4;9;291;9;2.3;1;;;4.5;1;150;9;1920;9;8.7;1;140;1;1550;9;;;;;;;7.9;1;120;1;1857;9;0;9;0;1
75114001;PARIS-MONTSOURIS;48.821667;2.337833;75;20250119;0.0;1;-0.7;1;2257;9;1.8;1;1323;9;0.8;1;0.6;1;2.5;1;-4.2;9;-2.3;9;74;9;1.5;1;;;3.4;1;130;9;2245;9;5.6;1;170;1;1452;9;;;;;;;5.4;1;170;1;1519;9;0;9;0;1
75114001;PARIS-MONTSOURIS;48.821667;2.337833;75;20250120;0.0;1;-0.8;1;751;9;0.3;1;1154;9;-0.4;1;-0.3;1;1.1;1;-0.8;9;-0.9;9;1211;9;1.6;1;;;2.9;1;160;1;1647;9;5.4;1;140;1;1457;9;;;;;;;4.7;1;140;1;1458;9;0;9;0;1
75114001;PARIS-MONTSOURIS;48.821667;2.337833;75;20250121;0.0;1;-1.1;1;706;9;4.3;1;554;9;1.3;1;1.6;1;5.4;1;-1.6;9;-1.3;9;631;9;1.5;1;;;2.7;1;130;1;254;9;4.6;1;140;1;1254;9;;;;;;;4.0;1;140;1;250;9;0;9;0;1
75114001;PARIS-MONTSOURIS;48.821667;2.337833;75;20250122;22.2;1;2.1;1;1826;9;9.3;1;1500;9;6.5;1;5.7;1;7.2;1;-1.5;9;0.7;9;0;9;2.4;1;;;5.8;1;330;9;2025;9;10.5;1;340;9;2032;9;;;;;;;9.7;1;340;1;2032;9;600;9;0;1
75114001;PARIS-MONTSOURIS;48.821667;2.337833;75;20250123;0.4;1;4.2;1;840;9;8.7;1;2306;9;6.8;1;6.5;1;4.5;1;0.3;9;2.9;9;0;9;4.3;1;;;8.0;1;220;1;1856;9;17.0;1;220;1;1818;9;;;;;;;13.9;1;220;1;1818;9;58;9;0;1
75114001;PARIS-MONTSOURIS;48.821667;2.337833;75;20250124;3.0;1;7.2;1;1803;9;12.8;1;1940;9;10.0;1;10.0;1;5.6;1;5.5;9;6.5;9;0;9;6.4;1;;;9.9;1;220;1;1108;9;21.7;1;220;1;1118;9;;;;;;;20.0;1;220;1;1118;9;541;9;0;1
75114001;PARIS-MONTSOURIS;48.821667;2.337833;75;20250125;9.7;1;8.5;1;1748;9;12.4;1;601;9;9.5;1;10.5;1;3.9;1;7.7;9;7.8;9;0;9;3.3;1;;;8.1;1;230;1;637;9;16.8;1;210;1;637;9;;;;;;;15.0;1;210;1;510;9;672;9;0;1
75114001;PARIS-MONTSOURIS;48.821667;2.337833;75;20250126;3.8;1;1.9;1;723;9;11.9;1;245;9;5.8;1;6.9;1;10.0;1;-0.3;9;1.4;9;0;9;4.9;1;;;8.2;1;180;9;2337;9;19.1;1;170;9;2337;9;;;;;;;17.2;1;170;1;2337;9;384;9;0;1
75114001;PARIS-MONTSOURIS;48.821667;2.337833;75;20250127;1.6;1;8.4;1;1745;9;12.3;1;1301;9;9.9;1;10.4;1;3.9;1;5.8;9;7.4;9;0;9;6.5;1;;;9.5;1;210;1;111;9;24.2;1;230;1;1101;9;;;;;;;21.7;1;230;1;1110;9;73;9;0;1
75114001;PARIS-MONTSOURIS;48.821667;2.337833;75;20250128;2.0;1;7.0;1;817;9;11.4;1;1447;9;8.8;1;9.2;1;4.4;1;5.8;9;6.0;9;0;9;5.9;1;;;8.3;1;200;1;450;9;18.7;1;180;1;443;9;;;;;;;16.4;1;180;1;443;9;296;9;0;1
75114001;PARIS-MONTSOURIS;48.821667;2.337833;75;20250129;14.7;1;6.1;1;742;9;8.2;1;1247;9;7.8;1;7.2;1;2.1;1;3.8;9;5.4;9;0;9;3.8;1;;;6.9;1;260;1;251;9;14.4;1;280;1;217;9;;;;;;;11.8;1;280;1;210;9;791;9;0;1
75114001;PARIS-MONTSOURIS;48.821667;2.337833;75;20250130;0.0;1;5.3;1;423;9;8.4;1;1104;9;6.4;1;6.9;1;3.1;1;1.0;9;4.0;9;0;9;3.0;1;;;7.6;1;360;1;1130;9;12.0;1;20;1;1346;9;;;;;;;11.2;1;340;1;1124;9;38;9;0;1
75114001;PARIS-MONTSOURIS;48.821667;2.337833;75;20250131;3.6;1;1.3;1;335;9;6.6;1;1315;9;3.2;1;4.0;1;5.3;1;-2.6;9;-0.2;9;0;9;2.4;1;;;5.1;1;170;1;1619;9;9.4;1;190;1;1646;9;;;;;;;8.7;1;160;1;1512;9;484;9;0;1
75114001;PARIS-MONTSOURIS;48.821667;2.337833;75;20250201;0.0;1;0.8;1;632;9;7.4;1;1309;9;3.3;1;4.1;1;6.6;1;-3.5;9;-1.4;9;0;9;2.1;1;;;4.0;1;80;9;1904;9;8.4;1;70;9;1912;9;;;;;;;6.9;1;70;1;1912;9;0;9;0;1
75114001;PARIS-MONTSOURIS;48.821667;2.337833;75;20250202;0.0;1;-1.0;1;655;9;7.6;1;1324;9;2.8;1;3.3;1;8.6;1;-5.2;9;-2.4;9;268;9;1.8;1;;;3.0;1;160;1;824;9;5.5;1;160;1;900;9;;;;;;;5.0;1;160;1;900;9;0;9;0;1
75114001;PARIS-MONTSOURIS;48.821667;2.337833;75;20250203;0.0;1;-0.6;1;539;9;8.5;1;1303;9;2.2;1;4.0;1;9.1;1;-4.9;9;-2.3;9;225;9;1.9;1;;;4.8;1;160;1;1837;9;6.7;1;140;1;1915;9;;;;;;;6.2;1;170;1;1831;9;47;9;0;1
75114001;PARIS-MONTSOURIS;48.821667;2.337833;75;20250204;0.0;1;-0.9;1;617;9;3.1;1;556;9;0.9;1;1.1;1;4.0;1;-1.0;9;-1.1;9;522;9;2.7;1;;;4.1;1;180;1;403;9;8.1;1;190;1;1929;9;;;;;;;6.9;1;170;1;1851;9;64;9;0;1
75114001;PARIS-MONTSOURIS;48.821667;2.337833;75;20250205;0.0;1;2.1;1;2126;9;6.5;1;1411;9;4.7;1;4.3;1;4.4;1;2.0;9;2.0;9;0;9;1.8;1;;;3.3;1;40;1;1727;9;6.5;1;70;9;2335;9;;;;;;;5.8;1;70;1;2335;9;0;9;0;1
75114001;PARIS-MONTSOURIS;48.821667;2.337833;75;20250206;0.2;1;2.8;1;757;9;5.2;1;1829;9;4.1;1;4.0;1;2.4;1;2.3;9;2.6;9;0;9;4.1;1;;;6.0;1;70;1;1701;9;12.5;1;80;9;2321;9;;;;;;;11.6;1;80;1;2310;9;79;9;0;1
75114001;PARIS-MONTSOURIS;48.821667;2.337833;75;20250207;1.2;1;2.6;1;847;9;7.4;1;516;9;4.7;1;5.0;1;4.8;1;2.1;9;2.1;9;0;9;3.7;1;;;5.7;1;70;1;112;9;11.6;1;70;1;108;9;;;;;;;11.0;1;70;1;110;9;673;9;0;1
75114001;PARIS-MONTSOURIS;48.821667;2.337833;75;20250208;4.8;1;3.7;1;828;9;7.4;1;1233;9;6.1;1;5.6;1;3.7;1;3.5;9;3.9;9;0;9;3.8;1;;;7.4;1;200;9;2244;9;15.5;1;200;9;2235;9;;;;;;;13.5;1;200;1;2236;9;478;9;0;1
75114001;PARIS-MONTSOURIS;48.821667;2.337833;75;20250209;0.4;1;4.0;1;441;9;7.4;1;1520;9;5.6;1;5.7;1;3.4;1;1.9;9;3.2;9;0;9;2.2;1;;;4.9;1;210;1;34;9;9.3;1;200;1;28;9;;;;;;;8.7;1;200;1;28;9;139;9;0;1
75114001;PARIS-MONTSOURIS;48.821667;2.337833;75;20250210;5.4;1;4.9;1;838;9;6.2;1;1522;9;5.0;1;5.6;1;1.3;1;2.5;9;4.2;9;0;9;2.7;1;;;5.0;1;290;9;2331;9;10.3;1;290;9;2243;9;;;;;;;9.3;1;290;1;2243;9;387;9;0;1
75114001;PARIS-MONTSOURIS;48.821667;2.337833;75;20250211;0.0;1;3.1;1;2003;9;6.4;1;1504;9;4.4;1;4.8;1;3.3;1;0.6;9;2.9;9;0;9;1.7;1;;;4.5;1;290;1;1;9;8.0;1;300;1;10;9;;;;;;;7.2;1;300;1;10;9;0;9;0;1
75114001;PARIS-MONTSOURIS;48.821667;2.337833;75;20250212;0.0;1;2.3;1;215;9;5.9;1;1421;9;4.8;1;4.1;1;3.6;1;-1.5;9;1.2;9;0;9;2.2;1;;;3.7;1;80;1;552;9;6.8;1;70;1;547;9;;;;;;;6.0;1;70;1;1532;9;103;9;0;1
75114001;PARIS-MONTSOURIS;48.821667;2.337833;75;20250213;0.0;1;4.0;1;659;9;6.2;1;1140;9;4.8;1;5.1;1;2.2;1;0.3;9;2.8;9;0;9;2.6;1;;;4.8;1;30;9;2131;9;8.4;1;30;9;2131;9;;;;;;;8.0;1;30;1;2131;9;0;9;0;1
75114001;PARIS-MONTSOURIS;48.821667;2.337833;75;20250214;0.0;1;-0.7;1;704;9;5.8;1;1315;9;2.3;1;2.6;1;6.5;1;-3.8;9;-1.6;9;206;9;3.2;1;;;5.0;1;130;9;2249;9;9.4;1;140;9;2233;9;;;;;;;8.5;1;140;1;2233;9;0;9;0;1
75114001;PARIS-MONTSOURIS;48.821667;2.337833;75;20250215;0.0;1;-1.3;1;626;9;4.8;1;1327;9;1.6;1;1.8;1;6.1;1;-5.5;9;-2.5;9;465;9;2.8;1;;;4.9;1;130;1;930;9;8.3;1;120;1;929;9;;;;;;;7.9;1;120;1;929;9;0;9;0;1
75114001;PARIS-MONTSOURIS;48.821667;2.337833;75;20250216;0.0;1;-0.2;1;645;9;6.8;1;1234;9;3.0;1;3.3;1;7.0;1;-3.6;9;-1.3;9;58;9;2.8;1;;;4.6;1;50;1;1243;9;8.7;1;100;9;2323;9;;;;;;;8.1;1;100;1;2323;9;0;9;0;1
75114001;PARIS-MONTSOURIS;48.821667;2.337833;75;20250217;0.0;1;-0.4;1;557;9;7.6;1;1335;9;3.0;1;3.6;1;8.0;1;-4.0;9;-1.4;9;204;9;2.3;1;;;3.9;1;100;1;136;9;6.8;1;60;1;1632;9;;;;;;;6.2;1;80;1;39;9;0;9;0;1
75114001;PARIS-MONTSOURIS;48.821667;2.337833;75;20250218;0.0;1;0.0;1;705;9;8.4;1;1345;9;3.9;1;4.2;1;8.4;1;-3.0;9;-0.8;9;3;9;2.9;1;;;5.3;1;100;1;1721;9;9.2;1;80;1;1731;9;;;;;;;8.8;1;80;1;1731;9;0;9;0;1
75114001;PARIS-MONTSOURIS;48.821667;2.337833;75;20250219;0.0;1;1.0;1;629;9;10.5;1;1631;9;6.3;1;5.8;1;9.5;1;-2.1;9;0.0;9;0;9;2.2;1;;;4.2;1;130;1;526;9;7.1;1;160;1;127;9;;;;;;;6.6;1;130;1;651;9;3;9;0;1
75114001;PARIS-MONTSOURIS;48.821667;2.337833;75;20250220;1.6;1;7.3;1;409;9;14.3;1;1357;9;10.6;1;10.8;1;7.0;1;2.5;9;5.8;9;0;9;2.7;1;;;4.3;1;190;1;757;9;9.1;1;220;1;908;9;;;;;;;8.3;1;220;1;910;9;124;9;0;1
75114001;PARIS-MONTSOURIS;48.821667;2.337833;75;20250221;1.0;1;9.9;1;632;9;16.0;1;1356;9;13.2;1;13.0;1;6.1;1;5.4;9;8.5;9;0;9;3.0;1;;;5.0;1;180;1;1417;9;9.7;1;180;1;1441;9;;;;;;;9.1;1;180;1;1245;9;234;9;0;1
75114001;PARIS-MONTSOURIS;48.821667;2.337833;75;20250222;0.8;1;10.2;1;638;9;13.9;1;1558;9;11.2;1;12.1;1;3.7;1;7.1;9;9.0;9;0;9;2.8;1;;;6.0;1;300;1;1323;9;13.9;1;300;1;1329;9;;;;;;;12.1;1;300;1;1329;9;155;9;0;1
75114001;PARIS-MONTSOURIS;48.821667;2.337833;75;20250223;0.2;1;4.8;1;644;9;15.3;1;1347;9;10.1;1;10.1;1;10.5;1;0.3;9;3.5;9;0;9;2.9;1;;;6.1;1;220;1;1227;9;11.3;1;220;1;1034;9;;;;;;;9.8;1;220;1;1149;9;0;9;0;1
75114001;PARIS-MONTSOURIS;48.821667;2.337833;75;20250224;1.2;1;10.3;1;346;9;13.6;1;1205;9;11.1;1;12.0;1;3.3;1;6.4;9;9.3;9;0;9;3.6;1;;;7.5;1;220;1;1147;9;15.2;1;240;1;1143;9;;;;;;;14.0;1;240;1;1143;9;77;9;0;1
75114001;PARIS-MONTSOURIS;48.821667;2.337833;75;20250225;25.0;1;6.8;1;1752;9;9.8;1;839;9;8.7;1;8.3;1;3.0;1;4.0;9;5.7;9;0;9;4.1;1;;;9.3;1;330;1;1554;9;20.0;1;310;1;1550;9;;;;;;;17.1;1;310;1;1550;9;734;9;0;1
75114001;PARIS-MONTSOURIS;48.821667;2.337833;75;20250226;2.8;1;4.3;1;643;9;10.7;1;1345;9;7.4;1;7.5;1;6.4;1;0.2;9;3.2;9;0;9;3.3;1;;;6.6;1;210;1;1417;9;14.0;1;200;1;1411;9;;;;;;;12.3;1;200;1;1411;9;165;9;0;1
75114001;PARIS-MONTSOURIS;48.821667;2.337833;75;20250227;0.0;1;4.1;1;709;9;9.2;1;1456;9;6.9;1;6.7;1;5.1;1;1.0;9;3.3;9;0;9;3.4;1;;;6.8;1;340;1;1627;9;12.6;1;320;1;1347;9;;;;;;;11.7;1;320;1;1347;9;18;9;0;1
75114001;PARIS-MONTSOURIS;48.821667;2.337833;75;20250228;0.2;1;5.3;1;742;9;9.5;1;1113;9;6.8;1;7.4;1;4.2;1;1.4;9;4.5;9;0;9;3.2;1;;;5.5;1;20;1;1523;9;9.7;1;30;9;2138;9;;;;;;;9.2;1;30;1;2138;9;8;9;0;1
75114001;PARIS-MONTSOURIS;48.821667;2.337833;75;20250301;0.0;1;2.0;1;628;9;8.0;1;1310;9;4.6;1;5.0;1;6.0;1;-1.7;9;0.8;9;0;9;4.1;1;;;6.5;1;20;1;1340;9;13.0;1;30;1;1500;9;;;;;;;11.1;1;50;1;1851;9;0;9;0;1
75114001;PARIS-MONTSOURIS;48.821667;2.337833;75;20250302;0.0;1;1.4;1;544;9;11.8;1;1321;9;6.1;1;6.6;1;10.4;1;-2.0;9;-0.1;9;0;9;3.4;1;;;6.3;1;30;1;537;9;10.9;1;30;1;531;9;;;;;;;9.7;1;30;1;531;9;0;9;0;1
75114001;PARIS-MONTSOURIS;48.821667;2.337833;75;20250303;0.0;1;1.6;1;622;9;12.6;1;1255;9;7.0;1;7.1;1;11.0;1;-3.7;9;0.1;9;0;9;1.9;1;;;3.4;1;90;1;1127;9;6.7;1;360;1;1539;9;;;;;;;5.6;1;360;1;1539;9;0;9;0;1
75114001;PARIS-MONTSOURIS;48.821667;2.337833;75;20250304;0.0;1;3.9;1;648;9;13.7;1;1633;9;8.1;1;8.8;1;9.8;1;-1.1;9;1.8;9;0;9;1.6;1;;;3.1;1;10;1;552;9;5.5;1;70;1;1640;9;;;;;;;5.0;1;70;1;1640;9;0;9;0;1
75114001;PARIS-MONTSOURIS;48.821667;2.337833;75;20250305;0.0;1;4.0;1;638;9;18.2;1;1343;9;10.6;1;11.1;1;14.2;1;-0.9;9;2.0;9;0;9;1.7;1;;;4.3;1;160;1;1041;9;6.9;1;190;1;1457;9;;;;;;;6.2;1;190;1;1457;9;0;9;0;1
75114001;PARIS-MONTSOURIS;48.821667;2.337833;75;20250306;0.0;1;4.3;1;504;9;18.0;1;1355;9;11.4;1;11.2;1;13.7;1;-0.8;9;2.7;9;0;9;2.7;1;;;5.2;1;190;1;1328;9;11.3;1;180;1;1328;9;;;;;;;10.3;1;180;1;1410;9;0;9;0;1
75114001;PARIS-MONTSOURIS;48.821667;2.337833;75;20250307;0.0;1;7.2;1;635;9;18.3;1;1314;9;12.5;1;12.8;1;11.1;1;3.1;9;5.9;9;0;9;3.2;1;;;4.9;1;170;1;1530;9;10.3;1;140;1;1506;9;;;;;;;9.5;1;140;1;1510;9;0;9;0;1
75114001;PARIS-MONTSOURIS;48.821667;2.337833;75;20250308;0.0;1;8.6;1;511;9;18.6;1;1343;9;13.3;1;13.6;1;10.0;1;3.7;9;5.9;9;0;9;3.6;1;;;5.7;1;140;1;1436;9;10.6;1;150;1;1431;9;;;;;;;9.8;1;150;1;1430;9;0;9;0;1
75114001;PARIS-MONTSOURIS;48.821667;2.337833;75;20250309;0.0;1;9.4;1;604;9;18.9;1;1332;9;13.5;1;14.2;1;9.5;1;4.6;9;5.2;9;0;9;2.9;1;;;5.9;1;160;1;1653;9;13.2;1;140;1;1647;9;;;;;;;11.1;1;140;1;1647;9;71;9;0;1
75114001;PARIS-MONTSOURIS;48.821667;2.337833;75;20250310;2.2;1;11.0;1;714;9;12.9;1;1520;9;11.4;1;12.0;1;1.9;1;7.4;9;7.9;9;0;9;1.9;1;;;4.9;1;170;1;822;9;8.7;1;190;1;816;9;;;;;;;8.1;1;190;1;816;9;278;9;0;1
75114001;PARIS-MONTSOURIS;48.821667;2.337833;75;20250311;0.8;1;6.1;1;632;9;10.9;1;1426;9;8.0;1;8.5;1;4.8;1;1.8;9;2.4;9;0;9;3.0;1;;;6.5;1;30;1;1638;9;11.4;1;20;1;1633;9;;;;;;;11.0;1;20;1;1633;9;197;9;0;1
75114001;PARIS-MONTSOURIS;48.821667;2.337833;75;20250312;0.2;1;3.8;1;631;9;8.4;1;1415;9;5.8;1;6.1;1;4.6;1;0.9;9;1.5;9;0;9;3.5;1;;;5.6;1;30;9;1920;9;10.3;1;20;9;1915;9;;;;;;;9.1;1;20;1;1915;9;248;9;0;1
75114001;PARIS-MONTSOURIS;48.821667;2.337833;75;20250313;0.4;1;3.5;1;639;9;8.9;1;1245;9;5.5;1;6.2;1;5.4;1;0.0;9;0.5;9;0;9;3.3;1;;;6.2;1;20;1;350;9;9.7;1;20;1;157;9;;;;;;;8.9;1;20;1;157;9;35;9;0;1
75114001;PARIS-MONTSOURIS;48.821667;2.337833;75;20250314;0.0;1;2.4;1;349;9;8.5;1;1244;9;4.9;1;5.5;1;6.1;1;-2.3;9;-1.4;9;0;9;3.5;1;;;6.1;1;30;1;1510;9;11.0;1;40;1;1503;9;;;;;;;9.8;1;40;1;1510;9;0;9;0;1
75114001;PARIS-MONTSOURIS;48.821667;2.337833;75;20250315;0.0;1;1.7;1;606;9;9.8;1;1329;9;5.3;1;5.8;1;8.1;1;-1.4;9;-1.0;9;0;9;4.9;1;;;8.0;1;30;1;1605;9;14.5;1;20;1;1848;9;;;;;;;13.3;1;80;1;1910;9;0;9;0;1
75114001;PARIS-MONTSOURIS;48.821667;2.337833;75;20250316;0.0;1;3.5;1;351;9;11.7;1;1348;9;7.0;1;7.6;1;8.2;1;2.0;9;2.9;9;0;9;4.0;1;;;6.2;1;30;1;126;9;11.0;1;30;1;39;9;;;;;;;10.1;1;20;1;120;9;0;9;0;1
75114001;PARIS-MONTSOURIS;48.821667;2.337833;75;20250317;0.0;1;2.1;1;614;9;12.9;1;1401;9;7.4;1;7.5;1;10.8;1;-2.8;9;0.7;9;0;9;3.6;1;;;6.2;1;90;1;1601;9;11.9;1;80;1;1600;9;;;;;;;10.4;1;80;1;1600;9;0;9;0;1
75114001;PARIS-MONTSOURIS;48.821667;2.337833;75;20250318;0.0;1;2.8;1;622;9;13.6;1;1617;9;8.4;1;8.2;1;10.8;1;-1.2;9;1.6;9;0;9;3.6;1;;;5.8;1;110;1;904;9;10.7;1;120;1;848;9;;;;;;;10.0;1;120;1;848;9;0;9;0;1
75114001;PARIS-MONTSOURIS;48.821667;2.337833;75;20250319;0.0;1;5.2;1;602;9;18.5;1;1335;9;12.1;1;11.9;1;13.3;1;-0.3;9;2.8;9;0;9;2.5;1;;;4.3;1;170;1;204;9;8.2;1;150;1;1342;9;;;;;;;7.2;1;200;1;1148;9;0;9;0;1
75114001;PARIS-MONTSOURIS;48.821667;2.337833;75;20250320;0.0;1;6.7;1;533;9;20.1;1;1324;9;13.5;1;13.4;1;13.4;1;1.2;9;2.8;9;0;9;2.4;1;;;4.4;1;130;1;1718;9;7.9;1;130;1;1531;9;;;;;;;7.5;1;130;1;1531;9;0;9;0;1
75114001;PARIS-MONTSOURIS;48.821667;2.337833;75;20250321;5.2;1;11.5;1;553;9;19.4;1;1447;9;14.7;1;15.5;1;7.9;1;6.6;9;8.6;9;0;9;3.4;1;;;6.3;1;170;1;1501;9;12.2;1;160;1;1355;9;;;;;;;10.7;1;180;1;1456;9;366;9;0;1
75114001;PARIS-MONTSOURIS;48.821667;2.337833;75;20250322;7.1;1;11.3;1;715;9;18.8;1;1352;9;13.0;1;15.1;1;7.5;1;9.3;9;9.6;9;0;9;2.8;1;;;6.3;1;170;1;1650;9;14.6;1;140;1;1646;9;;;;;;;12.3;1;140;1;1646;9;297;9;0;1
75114001;PARIS-MONTSOURIS;48.821667;2.337833;75;20250323;1.4;1;7.1;1;234;9;14.0;1;1507;9;10.2;1;10.6;1;6.9;1;2.4;9;3.5;9;0;9;2.3;1;;;3.9;1;160;1;114;9;8.1;1;170;1;938;9;;;;;;;7.2;1;170;1;27;9;163;9;0;1
75114001;PARIS-MONTSOURIS;48.821667;2.337833;75;20250324;0.0;1;8.4;1;543;9;17.4;1;1329;9;12.7;1;12.9;1;9.0;1;2.9;9;6.2;9;0;9;2.1;1;;;5.1;1;30;9;2343;9;9.1;1;40;9;2339;9;;;;;;;8.0;1;40;1;2339;9;0;9;0;1
75114001;PARIS-MONTSOURIS;48.821667;2.337833;75;20250325;0.2;1;8.1;1;757;9;14.8;1;1531;9;11.0;1;11.5;1;6.7;1;7.7;9;8.6;9;0;9;3.2;1;;;5.1;1;330;1;1823;9;8.7;1;340;1;1343;9;;;;;;;8.0;1;320;1;2048;9;42;9;0;1
75114001;PARIS-MONTSOURIS;48.821667;2.337833;75;20250326;0.0;1;9.6;1;2258;9;15.7;1;1416;9;10.9;1;12.7;1;6.1;1;6.6;9;8.2;9;0;9;3.2;1;;;5.2;1;30;1;1822;9;10.1;1;40;9;2027;9;;;;;;;8.9;1;60;1;1851;9;22;9;0;1
75114001;PARIS-MONTSOURIS;48.821667;2.337833;75;20250327;0.0;1;5.2;1;547;9;17.2;1;1626;9;11.1;1;11.2;1;12.0;1;-0.3;9;3.9;9;0;9;2.4;1;;;3.8;1;20;1;1749;9;8.7;1;30;1;1239;9;;;;;;;8.1;1;30;1;1239;9;0;9;0;1
75114001;PARIS-MONTSOURIS;48.821667;2.337833;75;20250328;5.2;1;5.3;1;632;9;13.6;1;1338;9;9.3;1;9.5;1;8.3;1;1.4;9;5.2;9;0;9;3.3;1;;;6.5;1;330;9;2212;9;13.7;1;310;1;1759;9;;;;;;;12.5;1;310;1;1800;9;189;9;0;1
75114001;PARIS-MONTSOURIS;48.821667;2.337833;75;20250329;0.0;1;7.5;1;551;9;14.4;1;1334;9;10.5;1;11.0;1;6.9;1;4.2;9;6.0;9;0;9;3.7;1;;;6.1;1;360;1;1430;9;12.5;1;340;1;1200;9;;;;;;;11.4;1;350;1;1324;9;0;9;0;1
75114001;PARIS-MONTSOURIS;48.821667;2.337833;75;20250330;0.0;1;7.5;1;138;9;17.0;1;1513;9;11.9;1;12.3;1;9.5;1;1.9;9;6.4;9;0;9;3.1;1;;;5.9;1;330;1;1813;9;11.0;1;300;1;1421;9;;;;;;;10.3;1;350;1;1810;9;0;9;0;1
75114001;PARIS-MONTSOURIS;48.821667;2.337833;75;20250331;0.0;1;6.9;1;537;9;16.3;1;1614;9;11.1;1;11.6;1;9.4;1;1.3;9;5.4;9;0;9;3.3;1;;;5.5;1;30;1;850;9;9.9;1;60;9;2019;9;;;;;;;8.6;1;20;1;1710;9;0;9;0;1
75114001;PARIS-MONTSOURIS;48.821667;2.337833;75;20250401;0.0;1;7.0;1;531;9;16.3;1;1404;9;11.1;1;11.7;1;9.3;1;2.8;9;5.8;9;0;9;5.3;1;;;9.1;1;70;1;1524;9;19.9;1;50;1;1515;9;;;;;;;17.4;1;50;1;1515;9;0;9;0;1
75114001;PARIS-MONTSOURIS;48.821667;2.337833;75;20250402;0.0;1;6.8;1;555;9;18.4;1;1643;9;12.9;1;12.6;1;11.6;1;3.4;9;5.6;9;0;9;3.9;1;;;6.1;1;90;1;1301;9;12.6;1;70;1;115;9;;;;;;;12.1;1;80;1;10;9;0;9;0;1
75114001;PARIS-MONTSOURIS;48.821667;2.337833;75;20250403;0.0;1;9.8;1;458;9;22.1;1;1514;9;16.2;1;16.0;1;12.3;1;4.1;9;7.7;9;0;9;3.0;1;;;6.4;1;160;1;950;9;12.5;1;130;1;1207;9;;;;;;;11.0;1;130;1;1210;9;0;9;0;1
75114001;PARIS-MONTSOURIS;48.821667;2.337833;75;20250404;0.0;1;13.4;1;319;9;24.9;1;1335;9;18.3;1;19.2;1;11.5;1;8.1;9;11.0;9;0;9;3.0;1;;;5.6;1;110;1;1414;9;10.4;1;70;1;1346;9;;;;;;;9.3;1;70;1;1346;9;0;9;0;1
75114001;PARIS-MONTSOURIS;48.821667;2.337833;75;20250405;0.0;1;11.3;1;544;9;25.9;1;1405;9;18.3;1;18.6;1;14.6;1;4.3;1;9.6;1;0;9;3.0;1;;;5.3;1;60;9;1907;9;11.1;1;70;9;2018;9;;;;;;;10.3;1;70;1;2018;9;0;9;0;1
75114001;PARIS-MONTSOURIS;48.821667;2.337833;75;20250406;0.0;1;9.6;1;544;9;19.9;1;1427;9;14.2;1;14.8;1;10.3;1;3.7;9;7.9;9;0;9;3.3;1;;;5.4;1;90;1;1310;9;10.6;1;50;1;1215;9;;;;;;;9.2;1;50;1;1215;9;0;9;0;1
75114001;PARIS-MONTSOURIS;48.821667;2.337833;75;20250407;0.0;1;6.0;1;512;9;18.2;1;1516;9;12.1;1;12.1;1;12.2;1;-0.6;1;4.5;1;0;9;2.8;1;;;5.0;1;100;1;1138;9;10.3;1;70;1;1306;9;;;;;;;9.0;1;70;1;1310;9;0;9;0;1
75114001;PARIS-MONTSOURIS;48.821667;2.337833;75;20250408;0.0;1;6.2;1;511;9;19.8;1;1423;9;13.1;1;13.0;1;13.6;1;-1.0;1;5.0;1;0;9;2.0;1;;;3.8;1;20;1;1139;9;9.3;1;50;1;1216;9;;;;;;;7.9;1;50;1;1217;9;0;9;0;1
75114001;PARIS-MONTSOURIS;48.821667;2.337833;75;20250409;0.0;1;8.0;1;538;9;19.9;1;1408;9;13.3;1;14.0;1;11.9;1;3.6;9;6.6;9;0;9;4.0;1;;;6.3;1;30;1;1804;9;11.7;1;40;1;1645;9;;;;;;;10.4;1;40;1;1618;9;0;9;0;1
75114001;PARIS-MONTSOURIS;48.821667;2.337833;75;20250410;0.0;1;5.8;1;511;9;17.7;1;1600;9;11.3;1;11.8;1;11.9;1;3.3;9;4.9;9;0;9;3.6;1;;;5.8;1;30;1;347;9;10.9;1;20;1;101;9;;;;;;;9.6;1;20;1;110;9;0;9;0;1
75114001;PARIS-MONTSOURIS;48.821667;2.337833;75;20250411;0.0;1;7.1;1;421;9;22.3;1;1556;9;14.7;1;14.7;1;15.2;1;1.6;9;5.8;9;0;9;2.4;1;;;4.4;1;90;9;2022;9;8.3;1;80;9;1947;9;;;;;;;8.0;1;80;1;1947;9;0;9;0;1
75114001;PARIS-MONTSOURIS;48.821667;2.337833;75;20250412;4.6;1;9.9;1;540;9;22.9;1;1246;9;14.9;1;16.4;1;13.0;1;3.9;9;8.5;9;0;9;3.0;1;;;6.9;1;200;1;1352;9;13.7;1;170;1;1644;9;;;;;;;12.9;1;170;1;1644;9;433;9;0;1
75114001;PARIS-MONTSOURIS;48.821667;2.337833;75;20250413;0.2;1;12.6;1;619;9;18.0;1;1621;9;14.1;1;15.3;1;5.4;1;11.6;9;12.4;9;0;9;3.3;1;;;5.2;1;220;1;126;9;11.9;1;240;1;231;9;;;;;;;10.5;1;240;1;231;9;0;9;0;1
75114001;PARIS-MONTSOURIS;48.821667;2.337833;75;20250414;0.6;1;8.0;1;417;9;20.3;1;1521;9;14.4;1;14.2;1;12.3;1;3.0;9;6.8;9;0;9;2.3;1;;;4.7;1;170;1;1349;9;10.2;1;150;1;1302;9;;;;;;;9.5;1;150;1;1310;9;120;9;0;1
75114001;PARIS-MONTSOURIS;48.821667;2.337833;75;20250415;0.0;1;12.6;1;508;9;18.9;1;1051;9;14.4;1;15.8;1;6.3;1;10.1;9;11.5;9;0;9;3.9;1;;;8.0;1;220;1;1603;9;16.6;1;210;1;1401;9;;;;;;;15.4;1;210;1;1410;9;0;9;0;1
75114001;PARIS-MONTSOURIS;48.821667;2.337833;75;20250416;0.0;1;8.1;1;547;9;14.9;1;1453;9;10.9;1;11.5;1;6.8;1;6.7;9;7.6;9;0;9;2.4;1;;;4.6;1;260;1;354;9;8.5;1;250;1;357;9;;;;;;;7.4;1;250;1;357;9;0;9;0;1
75114001;PARIS-MONTSOURIS;48.821667;2.337833;75;20250417;0.0;1;6.9;1;536;9;17.6;1;1526;9;12.1;1;12.3;1;10.7;1;1.4;9;5.5;9;0;9;2.0;1;;;4.5;1;160;9;2345;9;9.3;1;50;1;1345;9;;;;;;;7.6;1;50;1;1345;9;0;9;0;1
75114001;PARIS-MONTSOURIS;48.821667;2.337833;75;20250418;0.0;1;5.8;1;439;9;19.1;1;1346;9;13.3;1;12.5;1;13.3;1;1.3;9;4.8;9;0;9;4.1;1;;;5.8;1;140;1;1459;9;13.9;1;160;9;2236;9;;;;;;;12.5;1;160;1;2236;9;0;9;0;1
75114001;PARIS-MONTSOURIS;48.821667;2.337833;75;20250419;5.2;1;9.2;1;517;9;20.6;1;1549;9;13.9;1;14.9;1;11.4;1;6.6;9;8.4;9;0;9;2.9;1;;;5.5;1;130;1;18;9;12.0;1;140;1;13;9;;;;;;;10.4;1;140;1;10;9;153;9;0;1
75114001;PARIS-MONTSOURIS;48.821667;2.337833;75;20250420;4.4;1;10.3;1;627;9;16.9;1;1339;9;12.9;1;13.6;1;6.6;1;9.4;9;10.3;9;0;9;3.0;1;;;5.5;1;180;9;1933;9;11.8;1;140;9;1925;9;;;;;;;11.0;1;140;1;1926;9;152;9;0;1
75114001;PARIS-MONTSOURIS;48.821667;2.337833;75;20250421;4.8;1;9.7;1;2349;9;15.5;1;1452;9;11.9;1;12.6;1;5.8;1;7.4;9;8.8;9;0;9;1.6;1;;;4.2;1;250;1;1638;9;12.4;1;250;1;1630;9;;;;;;;11.1;1;250;1;1630;9;202;9;0;1
75114001;PARIS-MONTSOURIS;48.821667;2.337833;75;20250422;1.2;1;9.5;1;333;9;16.8;1;1128;9;12.8;1;13.2;1;7.3;1;4.2;9;7.7;9;0;9;1.5;1;;;3.4;1;300;1;1348;9;6.7;1;290;1;1343;9;;;;;;;6.2;1;290;1;1344;9;52;9;0;1
75114001;PARIS-MONTSOURIS;48.821667;2.337833;75;20250423;12.3;1;8.8;1;643;9;16.1;1;1703;9;11.7;1;12.5;1;7.3;1;4.3;9;8.1;9;0;9;3.0;1;;;6.3;1;170;1;754;9;12.2;1;170;1;752;9;;;;;;;10.8;1;170;1;752;9;280;9;0;1
75114001;PARIS-MONTSOURIS;48.821667;2.337833;75;20250424;0.0;1;10.7;1;2254;9;16.0;1;1252;9;12.7;1;13.4;1;5.3;1;6.2;9;9.3;9;0;9;2.9;1;;;5.2;1;340;1;1325;9;9.2;1;10;9;2214;9;;;;;;;8.4;1;320;1;1318;9;0;9;0;1
75114001;PARIS-MONTSOURIS;48.821667;2.337833;75;20250425;0.0;1;8.4;1;159;9;16.2;1;1535;9;12.3;1;12.3;1;7.8;1;3.3;9;7.3;9;0;9;2.4;1;;;4.9;1;30;1;154;9;7.8;1;50;1;146;9;;;;;;;7.1;1;50;1;154;9;0;9;0;1
75114001;PARIS-MONTSOURIS;48.821667;2.337833;75;20250426;0.0;1;8.7;1;442;9;21.4;1;1402;9;14.8;1;15.1;1;12.7;1;5.0;9;7.7;9;0;9;3.0;1;;;5.3;1;50;1;1515;9;10.8;1;50;1;1444;9;;;;;;;9.8;1;50;1;1422;9;0;9;0;1
75114001;PARIS-MONTSOURIS;48.821667;2.337833;75;20250427;0.0;1;11.6;1;352;9;22.3;1;1241;9;16.2;1;17.0;1;10.7;1;8.3;9;10.6;9;0;9;2.9;1;;;4.6;1;10;9;2045;9;9.4;1;30;1;1258;9;;;;;;;8.4;1;30;1;1258;9;0;9;0;1
75114001;PARIS-MONTSOURIS;48.821667;2.337833;75;20250428;0.0;1;11.5;1;445;9;24.9;1;1441;9;18.5;1;18.2;1;13.4;1;;;;;0;9;2.7;1;;;4.2;1;60;1;1753;1;9.1;1;30;1;1357;1;;;;;;;8.0;1;;;1357;1;;;0;
75114001;PARIS-MONTSOURIS;48.821667;2.337833;75;20250429;0.0;1;12.2;1;;;26.6;1;1525;9;19.9;1;19.4;1;14.4;1;;;;;0;1;2.5;1;;;5.4;1;90;1;1126;9;9.9;1;70;1;1126;9;;;;;;;9.1;1;100;1;1059;9;;;0;1
75114001;PARIS-MONTSOURIS;48.821667;2.337833;75;20250430;0.0;1;13.6;1;502;9;28.7;1;1400;9;21.6;1;21.2;1;15.1;1;9.0;9;12.3;9;0;9;1.8;1;;;4.4;1;90;1;1620;9;8.2;1;120;1;1038;9;;;;;;;6.9;1;100;1;1618;9;0;9;0;1
75114001;PARIS-MONTSOURIS;48.821667;2.337833;75;20250501;0.0;1;14.9;1;445;9;29.4;1;1355;9;22.5;1;22.2;1;14.5;1;10.3;9;13.2;9;0;9;2.2;1;;;5.1;1;170;1;1458;9;10.8;1;160;1;1301;9;;;;;;;9.8;1;160;1;1310;9;0;9;0;1
75114001;PARIS-MONTSOURIS;48.821667;2.337833;75;20250502;0.0;1;16.3;1;406;9;28.7;1;1356;9;22.8;1;22.5;1;12.4;1;11.9;9;15.0;9;0;9;2.1;1;;;4.3;1;30;9;2253;9;8.1;1;50;1;1256;9;;;;;;;7.1;1;50;1;1256;9;0;9;0;1
75114001;PARIS-MONTSOURIS;48.821667;2.337833;75;20250503;2.3;1;16.7;1;1435;9;26.8;1;1222;9;19.6;1;21.8;1;10.1;1;13.3;9;14.8;9;0;9;3.1;1;;;8.5;1;310;1;1421;9;24.9;1;290;1;1415;9;;;;;;;20.5;1;290;1;1412;9;92;9;0;1
75114001;PARIS-MONTSOURIS;48.821667;2.337833;75;20250504;0.0;1;9.4;1;537;9;17.4;1;1317;9;12.7;1;13.4;1;8.0;1;8.3;9;8.3;9;0;9;5.6;1;;;8.2;1;30;9;2121;9;17.8;1;30;9;2218;9;;;;;;;15.3;1;30;1;2218;9;20;9;0;1
75114001;PARIS-MONTSOURIS;48.821667;2.337833;75;20250505;0.0;1;6.7;1;335;9;15.4;1;1555;9;11.1;1;11.1;1;8.7;1;5.1;9;5.7;9;0;9;5.0;1;;;7.1;1;30;1;1605;9;13.1;1;50;1;1604;9;;;;;;;11.9;1;20;1;210;9;0;9;0;1
75114001;PARIS-MONTSOURIS;48.821667;2.337833;75;20250506;0.0;1;7.7;1;440;9;17.3;1;1342;9;12.3;1;12.5;1;9.6;1;5.7;9;7.1;9;0;9;4.9;1;;;6.9;1;30;1;946;9;14.6;1;90;1;1033;9;;;;;;;12.7;1;30;1;1433;9;0;9;0;1
75114001;PARIS-MONTSOURIS;48.821667;2.337833;75;20250507;0.0;1;9.2;1;223;9;17.1;1;1539;9;12.3;1;13.2;1;7.9;1;7.2;9;8.3;9;0;9;4.0;1;;;6.2;1;40;1;416;9;12.3;1;70;1;633;9;;;;;;;10.5;1;70;1;633;9;0;9;0;1
75114001;PARIS-MONTSOURIS;48.821667;2.337833;75;20250508;0.0;1;8.9;1;407;9;19.8;1;1440;9;14.1;1;14.4;1;10.9;1;7.1;9;8.4;9;0;9;3.6;1;;;5.5;1;40;1;1514;9;12.3;1;20;1;1655;9;;;;;;;11.6;1;20;1;1655;9;0;9;0;1
75114001;PARIS-MONTSOURIS;48.821667;2.337833;75;20250509;0.0;1;10.4;1;502;9;21.1;1;1315;9;15.8;1;15.8;1;10.7;1;6.9;9;9.7;9;0;9;3.4;1;;;5.5;1;60;1;1322;9;11.9;1;70;1;1323;9;;;;;;;10.1;1;70;1;1316;9;0;9;0;1
75114001;PARIS-MONTSOURIS;48.821667;2.337833;75;20250510;0.0;1;9.8;1;443;9;24.0;1;1407;9;17.9;1;16.9;1;14.2;1;5.4;9;9.1;9;0;9;3.1;1;;;6.1;1;100;1;1120;9;13.9;1;130;1;1114;9;;;;;;;10.9;1;110;1;1450;9;0;9;0;1
75114001;PARIS-MONTSOURIS;48.821667;2.337833;75;20250511;5.2;1;12.9;1;448;9;24.2;1;1204;9;18.4;1;18.6;1;11.3;1;8.5;9;11.8;9;0;9;2.8;1;;;4.9;1;230;9;1911;9;10.2;1;160;1;1213;9;;;;;;;9.1;1;160;1;1213;9;226;9;0;1
75114001;PARIS-MONTSOURIS;48.821667;2.337833;75;20250512;0.6;1;12.9;1;407;9;21.0;1;1541;9;15.9;1;17.0;1;8.1;1;11.6;9;12.1;9;0;9;2.1;1;;;4.3;1;180;1;1116;9;9.2;1;200;1;1209;9;;;;;;;8.3;1;200;1;1210;9;6;9;0;1
75114001;PARIS-MONTSOURIS;48.821667;2.337833;75;20250513;0.0;1;11.8;1;410;9;22.6;1;1406;9;17.0;1;17.2;1;10.8;1;7.9;9;10.4;9;0;9;1.7;1;;;5.3;1;80;1;1605;9;11.8;1;100;1;1603;9;;;;;;;11.0;1;100;1;1610;9;2;9;0;1
75114001;PARIS-MONTSOURIS;48.821667;2.337833;75;20250514;0.2;1;12.3;1;425;9;25.4;1;1529;9;18.9;1;18.9;1;13.1;1;8.4;9;10.9;9;0;9;2.8;1;;;6.1;1;20;9;2104;9;11.1;1;30;9;2103;9;;;;;;;10.3;1;30;1;2110;9;0;9;0;1
75114001;PARIS-MONTSOURIS;48.821667;2.337833;75;20250515;0.0;1;9.5;1;418;9;17.5;1;1422;9;13.2;1;13.5;1;8.0;1;8.0;9;9.0;9;0;9;5.2;1;;;6.7;1;20;1;538;9;13.4;1;40;1;1413;9;;;;;;;11.8;1;40;1;1413;9;0;9;0;1
75114001;PARIS-MONTSOURIS;48.821667;2.337833;75;20250516;0.0;1;9.1;1;422;9;21.1;1;1542;9;14.8;1;15.1;1;12.0;1;7.1;9;8.4;9;0;9;4.6;1;;;6.7;1;20;9;2056;9;13.2;1;40;9;2123;9;;;;;;;11.8;1;40;1;2123;9;0;9;0;1
75114001;PARIS-MONTSOURIS;48.821667;2.337833;75;20250517;0.0;1;9.6;1;56;9;19.1;1;1533;9;14.1;1;14.4;1;9.5;1;7.6;9;8.9;9;0;9;3.7;1;;;7.0;1;20;1;15;9;11.4;1;30;1;10;9;;;;;;;10.6;1;30;1;239;9;0;9;0;1
75114001;PARIS-MONTSOURIS;48.821667;2.337833;75;20250518;0.0;1;9.2;1;620;9;21.6;1;1541;9;14.5;1;15.4;1;12.4;1;6.9;9;9.1;9;0;9;2.7;1;;;4.6;1;70;9;2011;9;10.2;1;70;9;2010;9;;;;;;;8.9;1;70;1;2010;9;0;9;0;1
75114001;PARIS-MONTSOURIS;48.821667;2.337833;75;20250519;0.0;1;9.0;1;424;9;23.9;1;1607;9;17.2;1;16.5;1;14.9;1;5.6;9;8.1;9;0;9;2.6;1;;;3.9;1;80;1;927;9;8.6;1;110;1;1030;9;;;;;;;7.3;1;80;1;926;9;0;9;0;1
75114001;PARIS-MONTSOURIS;48.821667;2.337833;75;20250520;0.0;1;12.8;1;421;9;25.2;1;1239;9;19.3;1;19.0;1;12.4;1;9.8;9;11.7;9;0;9;3.5;1;;;5.9;1;30;9;2030;9;12.6;1;340;1;1230;9;;;;;;;10.3;1;30;1;1036;9;0;9;0;1
75114001;PARIS-MONTSOURIS;48.821667;2.337833;75;20250521;8.5;1;12.9;1;1734;9;19.0;1;923;9;14.4;1;16.0;1;6.1;1;10.5;9;11.4;9;0;9;2.0;1;;;3.9;1;320;9;2112;9;7.9;1;290;9;2034;9;;;;;;;7.0;1;290;1;2034;9;696;9;0;1
75114001;PARIS-MONTSOURIS;48.821667;2.337833;75;20250522;0.0;1;9.1;1;349;9;20.8;1;1640;9;14.2;1;15.0;1;11.7;1;7.7;9;8.6;9;0;9;3.7;1;;;5.8;1;10;1;729;9;11.0;1;350;1;243;9;;;;;;;10.0;1;350;1;723;9;3;9;0;1
75114001;PARIS-MONTSOURIS;48.821667;2.337833;75;20250523;0.0;1;8.8;1;442;9;19.1;1;1706;9;13.8;1;14.0;1;10.3;1;6.0;9;7.7;9;0;9;2.7;1;;;5.3;1;20;1;1230;9;10.2;1;40;1;1223;9;;;;;;;9.3;1;40;1;1224;9;0;9;0;1
75114001;PARIS-MONTSOURIS;48.821667;2.337833;75;20250524;0.0;1;9.2;1;309;9;20.5;1;1506;9;16.0;1;14.9;1;11.3;1;5.9;9;8.7;9;0;9;2.9;1;;;6.1;1;250;1;1036;9;11.4;1;270;1;1324;9;;;;;;;10.2;1;270;1;1324;9;79;9;0;1
75114001;PARIS-MONTSOURIS;48.821667;2.337833;75;20250525;1.0;1;15.3;1;534;9;21.6;1;1439;9;17.1;1;18.5;1;6.3;1;14.1;9;14.2;9;0;9;4.0;1;;;6.6;1;230;1;1202;9;15.1;1;210;1;1053;9;;;;;;;13.8;1;210;1;1053;9;75;9;0;1
75114001;PARIS-MONTSOURIS;48.821667;2.337833;75;20250526;0.0;1;11.5;1;414;9;19.4;1;1244;9;15.6;1;15.5;1;7.9;1;9.4;9;10.3;9;0;9;3.0;1;;;4.9;1;260;1;1554;9;10.9;1;240;1;1053;9;;;;;;;10.0;1;240;1;1053;9;0;9;0;1
75114001;PARIS-MONTSOURIS;48.821667;2.337833;75;20250527;0.8;1;12.8;1;448;9;19.2;1;1751;9;16.5;1;16.0;1;6.4;1;11.6;9;12.5;9;0;9;3.7;1;;;6.2;1;260;9;2334;9;12.9;1;250;9;2344;9;;;;;;;12.1;1;250;1;2340;9;116;9;0;1
75114001;PARIS-MONTSOURIS;48.821667;2.337833;75;20250528;0.2;1;14.3;1;439;9;22.1;1;1356;9;17.6;1;18.2;1;7.8;1;13.1;9;13.0;9;0;9;3.9;1;;;6.6;1;290;1;1259;9;15.4;1;290;1;1427;9;;;;;;;13.9;1;290;1;1427;9;8;9;0;1
75114001;PARIS-MONTSOURIS;48.821667;2.337833;75;20250529;0.0;1;11.5;1;433;9;24.2;1;1410;9;19.3;1;17.9;1;12.7;1;8.7;9;10.6;9;0;9;2.2;1;;;4.2;1;250;1;1123;9;9.0;1;240;1;804;9;;;;;;;7.2;1;220;1;1127;9;0;9;0;1
75114001;PARIS-MONTSOURIS;48.821667;2.337833;75;20250530;0.0;1;14.7;1;416;9;30.5;1;1444;9;23.3;1;22.6;1;15.8;1;11.7;9;14.0;9;0;9;1.9;1;;;4.3;1;240;1;1641;9;8.2;1;240;1;1640;9;;;;;;;7.5;1;240;1;1640;9;0;9;0;1
75114001;PARIS-MONTSOURIS;48.821667;2.337833;75;20250531;0.0;1;17.2;1;346;9;29.1;1;1453;9;22.7;1;23.2;1;11.9;1;14.2;9;16.1;9;0;9;2.5;1;;;5.4;1;320;9;2024;9;10.1;1;330;9;2017;9;;;;;;;9.1;1;240;1;1425;9;21;9;0;1
75114001;PARIS-MONTSOURIS;48.821667;2.337833;75;20250601;0.0;1;17.1;1;638;9;22.9;1;1504;9;19.4;1;20.0;1;5.8;1;15.7;9;16.5;9;0;9;2.7;1;;;4.8;1;260;1;1231;9;10.0;1;280;1;1313;9;;;;;;;9.4;1;230;1;1227;9;0;9;0;1
75114001;PARIS-MONTSOURIS;48.821667;2.337833;75;20250602;0.0;1;15.0;1;512;9;22.6;1;1709;9;18.0;1;18.8;1;7.6;1;13.0;9;14.4;9;0;9;2.1;1;;;3.9;1;330;1;516;9;9.2;1;350;1;1329;9;;;;;;;7.9;1;350;1;1329;9;0;9;0;1
75114001;PARIS-MONTSOURIS;48.821667;2.337833;75;20250603;0.0;1;12.2;1;253;9;24.4;1;1147;9;19.2;1;18.3;1;12.2;1;8.4;9;11.3;9;0;9;3.4;1;;;6.4;1;260;1;1410;9;12.6;1;230;1;1225;9;;;;;;;11.6;1;210;1;1134;9;4;9;0;1
75114001;PARIS-MONTSOURIS;48.821667;2.337833;75;20250604;0.2;1;14.1;1;424;9;20.1;1;1531;9;16.3;1;17.1;1;6.0;1;11.4;9;13.3;9;0;9;2.8;1;;;4.9;1;250;1;1621;9;9.6;1;280;1;1749;9;;;;;;;8.1;1;280;1;1749;9;117;9;0;1
75114001;PARIS-MONTSOURIS;48.821667;2.337833;75;20250605;13.7;1;13.9;1;411;9;19.6;1;1157;9;16.2;1;16.8;1;5.7;1;12.2;9;10.2;9;0;9;4.3;1;;;8.3;1;210;1;1428;9;16.7;1;240;9;2006;9;;;;;;;14.8;1;200;1;1600;9;690;9;0;1
75114001;PARIS-MONTSOURIS;48.821667;2.337833;75;20250606;0.2;1;13.5;1;230;9;22.4;1;1435;9;17.3;1;18.0;1;8.9;1;12.8;9;13.0;9;0;9;3.3;1;;;5.9;1;220;1;1122;9;12.3;1;290;1;58;9;;;;;;;11.0;1;280;1;1310;9;107;9;0;1
75114001;PARIS-MONTSOURIS;48.821667;2.337833;75;20250607;3.2;1;14.1;1;432;9;20.2;1;1412;9;16.7;1;17.2;1;6.1;1;12.8;9;11.9;9;0;9;4.1;1;;;7.2;1;250;1;1316;9;15.0;1;250;1;1311;9;;;;;;;13.6;1;250;1;1312;9;159;9;0;1
75114001;PARIS-MONTSOURIS;48.821667;2.337833;75;20250608;0.0;1;12.4;1;410;9;19.7;1;1456;9;15.9;1;16.1;1;7.3;1;11.0;9;10.3;9;0;9;3.1;1;;;5.4;1;280;1;214;9;11.9;1;250;1;132;9;;;;;;;10.5;1;250;1;116;9;0;9;0;1
75114001;PARIS-MONTSOURIS;48.821667;2.337833;75;20250609;0.0;1;11.9;1;356;9;23.3;1;1615;9;17.5;1;17.6;1;11.4;1;8.9;9;7.5;9;0;9;1.7;1;;;3.8;1;260;1;1301;9;8.7;1;280;1;1301;9;;;;;;;7.5;1;280;1;1310;9;0;9;0;1
75114001;PARIS-MONTSOURIS;48.821667;2.337833;75;20250610;0.0;1;12.9;1;349;9;24.9;1;1438;9;19.2;1;18.9;1;12.0;1;9.4;9;9.9;9;0;9;2.5;1;;;5.1;1;10;9;2016;9;9.6;1;240;1;1045;9;;;;;;;8.4;1;330;1;1610;9;0;9;0;1
75114001;PARIS-MONTSOURIS;48.821667;2.337833;75;20250611;0.0;1;14.9;1;348;9;28.2;1;1440;9;22.0;1;21.6;1;13.3;1;11.8;9;10.0;9;0;9;2.8;1;;;4.5;1;90;9;2030;9;9.3;1;100;1;1429;9;;;;;;;8.8;1;100;1;1429;9;0;9;0;1
75114001;PARIS-MONTSOURIS;48.821667;2.337833;75;20250612;0.0;1;16.6;1;415;9;32.2;1;1440;9;25.2;1;24.4;1;15.6;1;13.4;9;15.0;9;0;9;2.5;1;;;5.7;1;230;1;1212;9;12.3;1;240;1;1205;9;;;;;;;10.0;1;240;1;1210;9;0;9;0;1
75114001;PARIS-MONTSOURIS;48.821667;2.337833;75;20250613;3.9;1;21.2;1;359;9;34.0;1;1515;9;27.1;1;27.6;1;12.8;1;18.4;9;20.2;9;0;9;2.6;1;;;8.4;1;260;9;2234;9;22.5;1;240;1;2226;9;;;;;;;20.4;1;240;1;2226;9;30;9;0;1
75114001;PARIS-MONTSOURIS;48.821667;2.337833;75;20250614;0.0;1;19.8;1;121;9;28.8;1;1316;9;23.4;1;24.3;1;9.0;1;17.7;9;18.5;9;0;9;2.7;1;;;5.3;1;330;9;1904;9;9.7;1;340;1;1858;9;;;;;;;9.0;1;340;1;1858;9;0;9;0;1
75114001;PARIS-MONTSOURIS;48.821667;2.337833;75;20250615;0.0;1;17.2;1;855;9;23.4;1;1606;9;19.2;1;20.3;1;6.2;1;16.1;9;17.0;9;0;9;2.9;1;;;5.5;1;330;1;1546;9;10.5;1;360;1;1704;9;;;;;;;9.6;1;360;1;1710;9;0;9;0;1
75114001;PARIS-MONTSOURIS;48.821667;2.337833;75;20250616;0.0;1;13.3;1;412;9;27.1;1;1651;9;20.6;1;20.2;1;13.8;1;9.6;9;11.9;9;0;9;1.9;1;;;3.9;1;330;1;3;9;7.9;1;80;1;1512;9;;;;;;;6.8;1;340;1;10;9;0;9;0;1
75114001;PARIS-MONTSOURIS;48.821667;2.337833;75;20250617;0.0;1;16.5;1;338;9;29.1;1;1628;9;23.3;1;22.8;1;12.6;1;13.0;9;15.3;9;0;9;2.6;1;;;5.8;1;20;9;2042;9;10.4;1;50;1;1535;9;;;;;;;9.2;1;50;1;1535;9;0;9;0;1
75114001;PARIS-MONTSOURIS;48.821667;2.337833;75;20250618;0.0;1;17.1;1;344;9;29.6;1;1614;9;23.5;1;23.4;1;12.5;1;14.0;9;16.2;9;0;9;2.6;1;;;4.9;1;30;9;2140;9;8.9;1;40;9;2123;9;;;;;;;8.1;1;40;1;2123;9;0;9;0;1
75114001;PARIS-MONTSOURIS;48.821667;2.337833;75;20250619;0.0;1;18.2;1;419;9;31.9;1;1456;9;25.7;1;25.1;1;13.7;1;15.4;9;17.1;9;0;9;3.1;1;;;5.2;1;100;1;1711;9;10.5;1;70;9;2100;9;;;;;;;9.0;1;80;1;2110;9;0;9;0;1
75114001;PARIS-MONTSOURIS;48.821667;2.337833;75;20250620;0.0;1;19.6;1;355;9;32.4;1;1430;9;25.9;1;26.0;1;12.8;1;16.6;9;18.7;9;0;9;2.8;1;;;5.0;1;80;1;1129;9;9.4;1;80;1;101;9;;;;;;;8.8;1;80;1;110;9;0;9;0;1
75114001;PARIS-MONTSOURIS;48.821667;2.337833;75;20250621;0.0;1;19.0;1;418;9;35.3;1;1541;9;27.8;1;27.2;1;16.3;1;15.4;9;18.1;9;0;9;1.9;1;;;3.7;1;120;9;1903;9;7.9;1;110;1;1003;9;;;;;;;7.4;1;110;1;1010;9;0;9;0;1
75114001;PARIS-MONTSOURIS;48.821667;2.337833;75;20250622;0.0;1;21.9;1;431;9;29.7;1;1717;9;24.8;1;25.8;1;7.8;1;18.4;9;21.1;9;0;9;2.4;1;;;4.8;1;330;1;735;9;9.1;1;340;1;632;9;;;;;;;8.7;1;340;1;632;9;0;9;0;1
75114001;PARIS-MONTSOURIS;48.821667;2.337833;75;20250623;0.0;1;18.0;1;504;9;25.8;1;1534;9;20.9;1;21.9;1;7.8;1;16.9;9;16.9;9;0;9;3.5;1;;;5.4;1;260;1;1038;9;13.4;1;300;1;1758;9;;;;;;;10.7;1;300;1;1758;9;22;9;0;1
75114001;PARIS-MONTSOURIS;48.821667;2.337833;75;20250624;0.0;1;14.7;1;328;9;30.5;1;1659;9;22.7;1;22.6;1;15.8;1;11.4;9;13.5;9;0;9;2.2;1;;;4.4;1;240;1;1020;9;9.0;1;250;1;1015;9;;;;;;;7.8;1;250;1;1015;9;;;0;1
75114001;PARIS-MONTSOURIS;48.821667;2.337833;75;20250625;16.6;1;19.9;1;353;9;36.5;1;1744;9;26.4;1;28.2;1;16.6;1;16.9;9;19.0;9;0;9;2.2;1;;;10.2;1;300;1;1910;9;24.3;1;340;1;1907;9;;;;;;;21.3;1;340;1;1910;9;133;9;0;1
75114001;PARIS-MONTSOURIS;48.821667;2.337833;75;20250626;1.8;1;19.3;1;654;9;26.7;1;1355;9;23.0;1;23.0;1;7.4;1;18.2;9;18.8;9;0;9;3.4;1;;;6.2;1;260;1;1321;9;13.0;1;250;1;1318;9;;;;;;;11.5;1;250;1;1318;9;49;9;0;1
75114001;PARIS-MONTSOURIS;48.821667;2.337833;75;20250627;0.0;1;20.2;1;452;9;27.6;1;1553;9;23.9;1;23.9;1;7.4;1;18.8;9;19.8;9;0;9;2.2;1;;;3.8;1;250;1;1141;9;9.5;1;240;1;1135;9;;;;;;;8.1;1;240;1;1135;9;0;9;0;1
75114001;PARIS-MONTSOURIS;48.821667;2.337833;75;20250628;0.0;1;20.0;1;316;9;30.4;1;1447;9;25.0;1;25.2;1;10.4;1;17.1;9;18.5;9;0;9;2.3;1;;;4.7;1;20;9;2328;9;8.8;1;30;9;2148;9;;;;;;;7.8;1;30;1;2148;9;0;9;0;1
75114001;PARIS-MONTSOURIS;48.821667;2.337833;75;20250629;0.0;1;18.9;1;407;9;31.2;1;1529;9;24.8;1;25.1;1;12.3;1;16.7;9;18.1;9;0;9;2.7;1;;;4.5;1;30;9;2206;9;8.2;1;20;1;1650;9;;;;;;;7.4;1;50;1;1512;9;0;9;0;1
75114001;PARIS-MONTSOURIS;48.821667;2.337833;75;20250630;0.2;1;20.9;1;437;9;35.5;1;1538;9;28.4;1;28.2;1;14.6;1;19.0;9;19.6;9;0;9;1.8;1;;;3.5;1;60;1;43;9;8.0;1;70;1;36;9;;;;;;;7.4;1;70;1;36;9;0;9;0;1
75114001;PARIS-MONTSOURIS;48.821667;2.337833;75;20250701;0.0;1;22.6;1;424;9;38.1;1;1607;9;31.4;1;30.4;1;15.5;1;19.6;9;21.5;9;0;9;2.2;1;;;4.6;1;250;1;1215;9;10.6;1;280;1;1621;9;;;;;;;9.9;1;280;1;1621;9;0;9;0;1
75114001;PARIS-MONTSOURIS;48.821667;2.337833;75;20250702;0.0;1;20.7;1;1713;9;32.6;1;1310;9;24.9;1;26.7;1;11.9;1;21.2;9;21.0;9;0;9;4.0;1;;;9.0;1;340;1;1415;9;17.4;1;320;1;1644;9;;;;;;;15.5;1;320;1;1644;9;0;9;0;1
75114001;PARIS-MONTSOURIS;48.821667;2.337833;75;20250703;0.0;1;17.2;1;422;9;27.2;1;1528;9;21.7;1;22.2;1;10.0;1;15.7;9;16.7;9;0;9;3.8;1;;;5.3;1;40;1;401;9;11.2;1;40;1;951;9;;;;;;;8.9;1;30;1;1259;9;0;9;0;1
75114001;PARIS-MONTSOURIS;48.821667;2.337833;75;20250704;0.0;1;15.3;1;413;9;28.2;1;1505;9;22.1;1;21.8;1;12.9;1;11.8;9;14.3;9;0;9;2.5;1;;;4.7;1;10;9;2038;9;8.6;1;320;1;1018;9;;;;;;;7.6;1;340;1;2030;9;0;9;0;1
75114001;PARIS-MONTSOURIS;48.821667;2.337833;75;20250705;10.7;1;17.1;1;434;9;27.5;1;1342;9;21.7;1;22.3;1;10.4;1;14.5;9;16.0;9;0;9;2.5;1;;;4.7;1;260;1;1338;9;11.1;1;290;9;2333;9;;;;;;;10.2;1;290;1;2333;9;379;9;0;1
75114001;PARIS-MONTSOURIS;48.821667;2.337833;75;20250706;10.1;1;13.6;1;516;9;20.1;1;1719;9;16.6;1;16.9;1;6.5;1;12.8;9;12.8;9;0;9;3.5;1;;;5.7;1;220;1;920;9;13.5;1;210;1;911;9;;;;;;;11.7;1;220;1;857;9;279;9;0;1
75114001;PARIS-MONTSOURIS;48.821667;2.337833;75;20250707;5.4;1;14.9;1;838;9;20.7;1;1444;9;16.7;1;17.8;1;5.8;1;14.4;9;14.2;9;0;9;3.6;1;;;7.2;1;350;1;1514;9;13.8;1;10;1;1514;9;;;;;;;12.8;1;10;1;1514;9;188;9;0;1
75114001;PARIS-MONTSOURIS;48.821667;2.337833;75;20250708;2.0;1;14.0;1;448;9;23.1;1;1655;9;18.0;1;18.6;1;9.1;1;11.6;9;12.8;9;0;9;3.0;1;;;5.4;1;340;1;1230;9;12.2;1;340;1;1222;9;;;;;;;10.8;1;340;1;1222;9;20;9;0;1
75114001;PARIS-MONTSOURIS;48.821667;2.337833;75;20250709;0.0;1;12.6;1;413;9;26.4;1;1520;9;20.2;1;19.5;1;13.8;1;9.5;9;12.0;9;0;9;1.9;1;;;3.9;1;40;9;2219;9;8.0;1;40;9;2252;9;;;;;;;7.3;1;40;1;2252;9;42;9;0;1
75114001;PARIS-MONTSOURIS;48.821667;2.337833;75;20250710;0.0;1;15.8;1;253;9;28.9;1;1419;9;23.1;1;22.4;1;13.1;1;12.5;9;14.5;9;0;9;2.7;1;;;5.1;1;30;9;2007;9;10.3;1;40;9;2143;9;;;;;;;9.2;1;40;1;2143;9;0;9;0;1
75114001;PARIS-MONTSOURIS;48.821667;2.337833;75;20250711;0.0;1;18.3;1;427;9;29.9;1;1526;9;24.5;1;24.1;1;11.6;1;15.9;9;17.2;9;0;9;3.0;1;;;5.3;1;40;1;1606;9;11.5;1;40;1;1851;9;;;;;;;10.0;1;40;1;1852;9;0;9;0;1
75114001;PARIS-MONTSOURIS;48.821667;2.337833;75;20250712;0.0;1;18.7;1;354;9;29.3;1;1555;9;24.3;1;24.0;1;10.6;1;15.7;9;17.8;9;0;9;2.5;1;;;4.8;1;40;1;1427;9;8.7;1;40;1;1417;9;;;;;;;7.7;1;40;1;1418;9;0;9;0;1
75114001;PARIS-MONTSOURIS;48.821667;2.337833;75;20250713;0.0;1;17.8;1;445;9;31.6;1;1717;9;25.3;1;24.7;1;13.8;1;14.9;9;16.8;9;0;9;2.0;1;;;5.8;1;270;9;2116;9;13.7;1;270;9;2113;9;;;;;;;12.5;1;270;1;2159;9;14;9;0;1
75114001;PARIS-MONTSOURIS;48.821667;2.337833;75;20250714;0.2;1;20.4;1;437;9;28.0;1;1618;9;23.0;1;24.2;1;7.6;1;19.0;9;19.7;9;0;9;3.1;1;;;6.9;1;340;9;1912;9;13.9;1;330;9;1921;9;;;;;;;12.9;1;330;1;1921;9;11;9;0;1
75114001;PARIS-MONTSOURIS;48.821667;2.337833;75;20250715;0.0;1;17.7;1;412;9;25.0;1;1359;9;21.4;1;21.4;1;7.3;1;15.3;9;16.9;9;0;9;3.0;1;;;6.2;1;270;1;1439;9;14.0;1;230;1;1404;9;;;;;;;12.0;1;230;1;1410;9;0;9;0;1
75114001;PARIS-MONTSOURIS;48.821667;2.337833;75;20250716;0.6;1;19.1;1;236;9;22.5;1;1225;9;20.3;1;20.8;1;3.4;1;17.9;9;18.5;9;0;9;3.7;1;;;6.2;1;260;1;1229;9;13.5;1;270;1;1621;9;;;;;;;12.7;1;270;1;1621;9;90;9;0;1
75114001;PARIS-MONTSOURIS;48.821667;2.337833;75;20250717;0.2;1;17.1;1;308;9;28.3;1;1739;9;21.9;1;22.7;1;11.2;1;14.0;9;15.6;9;0;9;1.2;1;;;2.9;1;190;1;954;9;6.1;1;220;1;1025;9;;;;;;;5.3;1;220;1;1025;9;24;9;0;1
75114001;PARIS-MONTSOURIS;48.821667;2.337833;75;20250718;0.0;1;20.1;1;242;9;32.1;1;1453;9;26.1;1;26.1;1;12.0;1;17.5;9;18.9;9;0;9;2.2;1;;;4.7;1;170;1;1142;9;8.4;1;160;1;1139;9;;;;;;;7.3;1;160;1;1138;9;0;9;0;1
75114001;PARIS-MONTSOURIS;48.821667;2.337833;75;20250719;3.8;1;21.1;1;1106;9;27.3;1;1736;9;23.0;1;24.2;1;6.2;1;19.6;9;19.9;9;0;9;3.2;1;;;6.6;1;200;1;1953;9;15.8;1;230;1;1946;9;;;;;;;14.2;1;230;1;1946;9;110;9;0;1
75114001;PARIS-MONTSOURIS;48.821667;2.337833;75;20250720;8.3;1;16.7;1;916;9;24.6;1;1623;9;19.9;1;20.7;1;7.9;1;15.8;9;15.7;9;0;9;3.3;1;;;6.7;1;230;1;1745;9;14.3;1;240;1;1738;9;;;;;;;12.6;1;240;1;1738;9;230;9;0;1
75114001;PARIS-MONTSOURIS;48.821667;2.337833;75;20250721;24.0;1;16.8;1;328;9;22.5;1;1537;9;18.8;1;19.7;1;5.7;1;15.3;9;15.4;9;0;9;3.8;1;;;6.4;1;230;1;909;9;14.9;1;220;1;905;9;;;;;;;12.4;1;220;1;910;9;287;9;0;1
75114001;PARIS-MONTSOURIS;48.821667;2.337833;75;20250722;0.2;1;17.0;1;16;9;22.6;1;1449;9;19.5;1;19.8;1;5.6;1;15.9;9;16.5;9;0;9;3.0;1;;;6.1;1;250;1;1327;9;11.5;1;270;1;343;9;;;;;;;10.1;1;270;1;343;9;33;9;0;1
75114001;PARIS-MONTSOURIS;48.821667;2.337833;75;20250723;17.3;1;17.4;1;452;9;23.5;1;1054;9;19.3;1;20.5;1;6.1;1;15.8;9;15.8;9;0;9;2.1;1;;;4.8;1;350;1;1453;9;8.8;1;340;1;1436;9;;;;;;;7.9;1;340;1;1436;9;297;9;0;1
75114001;PARIS-MONTSOURIS;48.821667;2.337833;75;20250724;2.0;1;16.3;1;452;9;23.7;1;1356;9;18.7;1;20.0;1;7.4;1;15.3;9;15.7;9;0;9;3.0;1;;;6.2;1;10;1;1145;9;11.9;1;10;1;1141;9;;;;;;;10.7;1;10;1;1141;9;139;9;0;1
75114001;PARIS-MONTSOURIS;48.821667;2.337833;75;20250725;0.0;1;16.5;1;432;9;26.9;1;1630;9;21.3;1;21.7;1;10.4;1;14.0;9;15.3;9;0;9;2.2;1;;;4.5;1;360;1;1649;9;8.8;1;350;1;1642;9;;;;;;;7.5;1;350;1;1636;9;0;9;0;1
75114001;PARIS-MONTSOURIS;48.821667;2.337833;75;20250726;1.4;1;17.2;1;423;9;26.8;1;1602;9;21.4;1;22.0;1;9.6;1;15.8;9;16.5;9;0;9;2.7;1;;;4.8;1;330;1;1844;9;11.2;1;320;1;1837;9;;;;;;;10.4;1;320;1;1837;9;94;9;0;1
75114001;PARIS-MONTSOURIS;48.821667;2.337833;75;20250727;2.2;1;16.6;1;1739;9;23.3;1;1409;9;18.6;1;20.0;1;6.7;1;15.3;9;15.3;9;0;9;2.8;1;;;7.1;1;10;1;1459;9;12.4;1;30;1;1444;9;;;;;;;11.5;1;30;1;1455;9;57;9;0;1
75114001;PARIS-MONTSOURIS;48.821667;2.337833;75;20250728;0.0;1;16.4;1;416;9;23.5;1;1621;9;19.2;1;20.0;1;7.1;1;14.6;9;15.6;9;0;9;2.8;1;;;4.8;1;340;1;20;9;9.8;1;320;1;1137;9;;;;;;;8.7;1;320;1;15;9;0;9;0;1
75114001;PARIS-MONTSOURIS;48.821667;2.337833;75;20250729;0.0;1;14.1;1;401;9;23.3;1;1149;9;18.9;1;18.7;1;9.2;1;10.7;9;13.0;9;0;9;2.0;1;;;4.9;1;340;1;1604;9;10.0;1;330;1;1600;9;;;;;;;8.1;1;300;1;1116;9;2;9;0;1
75114001;PARIS-MONTSOURIS;48.821667;2.337833;75;20250730;2.7;1;16.6;1;449;9;24.9;1;1608;9;20.5;1;20.8;1;8.3;1;13.8;9;15.7;9;0;9;2.5;1;;;4.9;1;330;1;1107;9;11.4;1;330;1;1059;9;;;;;;;10.0;1;330;1;1059;9;20;9;0;1
75114001;PARIS-MONTSOURIS;48.821667;2.337833;75;20250731;3.8;1;16.2;1;445;9;25.0;1;1309;9;20.9;1;20.6;1;8.8;1;13.2;9;15.3;9;0;9;2.5;1;;;4.6;1;250;1;1529;9;8.7;1;280;1;1430;9;;;;;;;8.0;1;250;1;1310;9;57;9;0;1
75114001;PARIS-MONTSOURIS;48.821667;2.337833;75;20250801;1.5;1;17.9;1;532;9;23.5;1;1217;9;19.6;1;20.7;1;5.6;1;15.1;9;16.7;9;0;9;3.2;1;;;5.8;1;340;1;1325;9;12.2;1;290;1;1411;9;;;;;;;11.2;1;280;1;1729;9;22;9;0;1
75114001;PARIS-MONTSOURIS;48.821667;2.337833;75;20250802;0.0;1;14.7;1;401;9;22.5;1;1630;9;18.2;1;18.6;1;7.8;1;12.3;9;13.7;9;0;9;3.0;1;;;5.3;1;20;1;803;9;9.5;1;330;1;1337;9;;;;;;;8.8;1;320;1;1610;9;0;9;0;1
75114001;PARIS-MONTSOURIS;48.821667;2.337833;75;20250803;0.0;1;14.3;1;225;9;25.6;1;1518;9;20.3;1;20.0;1;11.3;1;10.6;9;13.3;9;0;9;2.3;1;;;4.7;1;330;1;1837;9;9.2;1;290;1;1450;9;;;;;;;8.3;1;310;1;1831;9;;;0;1
75114001;PARIS-MONTSOURIS;48.821667;2.337833;75;20250804;4.0;1;18.5;1;418;9;29.5;1;1656;9;23.5;1;24.0;1;11.0;1;15.6;9;17.2;9;0;9;2.9;1;;;5.0;1;240;1;1538;9;10.0;1;210;1;1322;9;;;;;;;9.5;1;210;1;1322;9;92;9;0;1
75114001;PARIS-MONTSOURIS;48.821667;2.337833;75;20250805;0.0;1;17.1;1;651;9;23.1;1;1448;9;19.7;1;20.1;1;6.0;1;16.4;9;16.6;9;0;9;3.6;1;;;6.3;1;340;1;1507;9;14.4;1;320;1;317;9;;;;;;;12.5;1;320;1;317;9;0;9;0;1
75114001;PARIS-MONTSOURIS;48.821667;2.337833;75;20250806;0.0;1;14.1;1;511;9;25.0;1;1641;9;19.4;1;19.6;1;10.9;1;10.9;9;13.1;9;0;9;1.6;1;;;2.8;1;160;1;941;9;6.8;1;160;1;938;9;;;;;;;5.5;1;110;1;1010;9;0;9;0;1
75114001;PARIS-MONTSOURIS;48.821667;2.337833;75;20250807;0.0;1;15.1;1;400;9;29.9;1;1633;9;22.7;1;22.5;1;14.8;1;11.6;9;13.5;9;0;9;1.9;1;;;3.7;1;280;1;1558;9;8.6;1;230;1;1416;9;;;;;;;7.7;1;230;1;1416;9;0;9;0;1
75114001;PARIS-MONTSOURIS;48.821667;2.337833;75;20250808;0.0;1;17.3;1;502;9;27.4;1;1420;9;22.5;1;22.4;1;10.1;1;13.5;9;15.8;9;0;9;2.4;1;;;5.9;1;20;9;2042;9;10.0;1;40;9;2005;9;;;;;;;9.3;1;40;1;2010;9;0;9;0;1
75114001;PARIS-MONTSOURIS;48.821667;2.337833;75;20250809;0.0;1;18.2;1;242;9;27.6;1;1449;9;22.2;1;22.9;1;9.4;1;15.0;9;17.1;9;0;9;2.9;1;;;5.9;1;340;9;2020;9;11.6;1;330;9;2013;9;;;;;;;10.4;1;330;1;2013;9;0;9;0;1
75114001;PARIS-MONTSOURIS;48.821667;2.337833;75;20250810;0.0;1;14.7;1;435;9;28.8;1;1611;9;21.9;1;21.8;1;14.1;1;10.7;9;13.8;9;0;9;2.3;1;;;4.9;1;10;1;11;9;9.1;1;350;1;4;9;;;;;;;8.1;1;350;1;10;9;0;9;0;1
75114001;PARIS-MONTSOURIS;48.821667;2.337833;75;20250811;0.0;1;16.5;1;457;9;32.3;1;1429;9;25.1;1;24.4;1;15.8;1;12.6;9;14.6;9;0;9;2.5;1;;;4.4;1;100;1;1053;9;8.8;1;100;1;1029;9;;;;;;;8.6;1;100;1;1029;9;0;9;0;1
75114001;PARIS-MONTSOURIS;48.821667;2.337833;75;20250812;0.0;1;20.2;1;400;9;35.2;1;1607;9;27.7;1;27.7;1;15.0;1;16.3;9;19.1;9;0;9;2.3;1;;;4.8;1;250;1;1319;9;11.1;1;230;1;1319;9;;;;;;;9.7;1;240;1;1120;9;0;9;0;1
75114001;PARIS-MONTSOURIS;48.821667;2.337833;75;20250813;2.0;1;21.9;1;511;9;34.5;1;1325;9;26.3;1;28.2;1;12.6;1;18.6;9;20.9;9;0;9;1.7;1;;;5.2;1;280;1;1824;9;11.6;1;300;1;1823;9;;;;;;;10.7;1;300;1;1823;9;;;0;1
75114001;PARIS-MONTSOURIS;48.821667;2.337833;75;20250814;0.0;1;20.0;1;509;9;30.5;1;1556;9;24.8;1;25.3;1;10.5;1;17.2;9;18.6;9;0;9;2.6;1;;;5.5;1;20;9;2050;9;9.8;1;10;9;2046;9;;;;;;;9.1;1;10;1;2042;9;0;9;0;1
75114001;PARIS-MONTSOURIS;48.821667;2.337833;75;20250815;0.0;1;18.5;1;449;9;31.3;1;1603;9;24.6;1;24.9;1;12.8;1;16.8;9;17.8;9;0;9;3.3;1;;;4.9;1;30;1;558;9;8.9;1;30;1;553;9;;;;;;;8.4;1;30;1;551;9;0;9;0;1
75114001;PARIS-MONTSOURIS;48.821667;2.337833;75;20250816;0.0;1;18.9;1;613;9;28.4;1;1540;9;22.4;1;23.7;1;9.5;1;17.4;9;18.6;9;0;9;4.0;1;;;6.6;1;30;1;1833;9;12.2;1;30;9;1946;9;;;;;;;10.5;1;30;1;1941;9;0;9;0;1
75114001;PARIS-MONTSOURIS;48.821667;2.337833;75;20250817;0.0;1;16.3;1;514;9;28.4;1;1452;9;22.1;1;22.4;1;12.1;1;13.5;9;15.5;9;0;9;3.4;1;;;4.9;1;50;1;1605;9;10.5;1;50;1;1602;9;;;;;;;9.6;1;30;1;1326;9;;;0;1
75114001;PARIS-MONTSOURIS;48.821667;2.337833;75;20250818;0.0;1;15.8;1;502;9;29.1;1;1514;9;22.6;1;22.5;1;13.3;1;13.0;9;14.4;9;0;9;2.5;1;;;4.2;1;60;1;108;9;8.1;1;70;1;201;9;;;;;;;7.9;1;90;1;10;9;0;9;0;1
75114001;PARIS-MONTSOURIS;48.821667;2.337833;75;20250819;1.0;1;17.9;1;420;9;28.8;1;1147;9;22.1;1;23.4;1;10.9;1;14.2;9;16.8;9;0;9;1.8;1;;;4.4;1;210;1;1517;9;9.4;1;220;1;1528;9;;;;;;;8.9;1;220;1;1528;9;172;9;0;1
75114001;PARIS-MONTSOURIS;48.821667;2.337833;75;20250820;0.8;1;18.5;1;1550;9;19.8;1;1033;9;18.8;1;19.2;1;1.3;1;17.2;9;17.0;9;0;9;2.8;1;;;5.5;1;20;1;1927;9;11.1;1;50;1;1926;9;;;;;;;9.3;1;50;1;1927;9;217;9;0;1
75114001;PARIS-MONTSOURIS;48.821667;2.337833;75;20250821;0.0;1;15.9;1;21;9;24.7;1;1402;9;19.5;1;20.3;1;8.8;1;14.5;9;14.7;9;0;9;4.0;1;;;6.2;1;30;1;1704;9;13.7;1;50;9;2206;9;;;;;;;11.8;1;50;1;2210;9;0;9;0;1
75114001;PARIS-MONTSOURIS;48.821667;2.337833;75;20250822;0.0;1;13.7;1;505;9;22.8;1;1403;9;17.9;1;18.3;1;9.1;1;10.9;9;12.8;9;0;9;3.0;1;;;5.4;1;20;1;1052;9;9.2;1;40;1;1046;9;;;;;;;8.7;1;40;1;1046;9;0;9;0;1
75114001;PARIS-MONTSOURIS;48.821667;2.337833;75;20250823;0.0;1;13.1;1;444;9;25.3;1;1359;9;18.7;1;19.2;1;12.2;1;8.9;9;12.0;9;0;9;2.3;1;;;4.0;1;40;1;1757;9;8.0;1;80;1;1729;9;;;;;;;6.8;1;80;1;1729;9;0;9;0;1
75114001;PARIS-MONTSOURIS;48.821667;2.337833;75;20250824;0.0;1;14.0;1;542;9;25.5;1;1629;9;19.5;1;19.8;1;11.5;1;11.2;9;13.2;9;0;9;2.2;1;;;3.9;1;10;1;1208;9;8.0;1;30;1;1159;9;;;;;;;7.4;1;30;1;1159;9;0;9;0;1
75114001;PARIS-MONTSOURIS;48.821667;2.337833;75;20250825;0.0;1;14.1;1;459;9;28.8;1;1432;9;21.4;1;21.5;1;14.7;1;10.1;9;12.6;9;0;9;1.6;1;;;3.7;1;170;1;1133;9;8.4;1;100;1;1520;9;;;;;;;7.3;1;100;1;1520;9;0;9;0;1
75114001;PARIS-MONTSOURIS;48.821667;2.337833;75;20250826;0.0;1;16.4;1;329;9;29.2;1;1353;9;22.8;1;22.8;1;12.8;1;12.5;9;15.5;9;0;9;2.7;1;;;5.6;1;240;1;1525;9;11.6;1;240;1;1521;9;;;;;;;10.4;1;240;1;1521;9;0;9;0;1
75114001;PARIS-MONTSOURIS;48.821667;2.337833;75;20250827;0.0;1;18.3;1;421;9;25.9;1;1340;9;22.0;1;22.1;1;7.6;1;15.0;9;17.0;9;0;9;2.9;1;;;6.0;1;250;1;1155;9;13.4;1;250;1;1330;9;;;;;;;10.6;1;210;1;1142;9;0;9;0;1
75114001;PARIS-MONTSOURIS;48.821667;2.337833;75;20250828;0.2;1;16.9;1;450;9;23.6;1;1519;9;19.8;1;20.3;1;6.7;1;14.2;9;15.6;9;0;9;3.0;1;;;5.6;1;250;1;1442;9;12.2;1;270;9;1951;9;;;;;;;10.5;1;270;1;1951;9;37;9;0;1
75114001;PARIS-MONTSOURIS;48.821667;2.337833;75;20250829;30.9;1;14.8;1;1732;9;20.7;1;1633;9;16.5;1;17.8;1;5.9;1;12.5;9;12.5;9;0;9;3.2;1;;;6.1;1;190;1;634;9;16.1;1;290;1;1723;9;;;;;;;14.8;1;290;1;1723;9;358;9;0;1
75114001;PARIS-MONTSOURIS;48.821667;2.337833;75;20250830;1.0;1;12.6;1;408;9;22.2;1;1527;9;17.7;1;17.4;1;9.6;1;9.2;9;11.5;9;0;9;3.6;1;;;5.8;1;210;1;1500;9;12.7;1;210;1;1451;9;;;;;;;11.0;1;210;1;1819;9;115;9;0;1
75114001;PARIS-MONTSOURIS;48.821667;2.337833;75;20250831;1.6;1;17.7;1;809;9;21.6;1;1010;9;18.4;1;19.7;1;3.9;1;16.1;9;16.5;9;0;9;2.8;1;;;4.7;1;190;1;1324;9;8.9;1;270;1;758;9;;;;;;;8.2;1;210;1;10;9;98;9;0;1
75114001;PARIS-MONTSOURIS;48.821667;2.337833;75;20250901;5.1;1;13.8;1;517;9;23.4;1;1454;9;17.2;1;18.6;1;9.6;1;11.7;9;13.0;9;0;9;2.9;1;;;6.8;1;240;1;1542;9;13.2;1;200;1;1524;9;;;;;;;12.0;1;200;1;1524;9;50;9;0;1
75114001;PARIS-MONTSOURIS;48.821667;2.337833;75;20250902;4.0;1;12.1;1;511;9;18.6;1;1348;9;16.0;1;15.4;1;6.5;1;9.1;9;11.1;9;0;9;4.1;1;;;7.4;1;190;1;1403;9;18.2;1;220;1;1404;9;;;;;;;13.6;1;220;1;1410;9;165;9;0;1
75114001;PARIS-MONTSOURIS;48.821667;2.337833;75;20250903;2.4;1;16.9;1;232;9;25.0;1;1531;9;19.8;1;21.0;1;8.1;1;16.0;9;16.6;9;0;9;4.9;1;;;8.2;1;210;1;1431;9;18.7;1;200;1;1458;9;;;;;;;16.2;1;210;1;1517;9;15;9;0;1
75114001;PARIS-MONTSOURIS;48.821667;2.337833;75;20250904;6.0;1;14.7;1;408;9;22.2;1;1532;9;17.8;1;18.5;1;7.5;1;11.8;9;13.5;9;0;9;3.3;1;;;6.1;1;220;1;827;9;12.2;1;230;1;820;9;;;;;;;11.4;1;230;1;820;9;61;9;0;1
75114001;PARIS-MONTSOURIS;48.821667;2.337833;75;20250905;0.0;1;13.5;1;519;9;23.2;1;1510;9;17.8;1;18.4;1;9.7;1;11.0;9;12.4;9;0;9;1.9;1;;;3.5;1;270;1;413;9;7.6;1;240;1;1149;9;;;;;;;6.8;1;240;1;1313;9;0;9;0;1
75114001;PARIS-MONTSOURIS;48.821667;2.337833;75;20250906;0.0;1;12.4;1;510;9;25.3;1;1419;9;19.2;1;18.9;1;12.9;1;9.4;9;11.3;9;0;9;3.1;1;;;5.8;1;150;1;1432;9;12.8;1;90;1;1617;9;;;;;;;10.8;1;90;1;1617;9;0;9;0;1
75114001;PARIS-MONTSOURIS;48.821667;2.337833;75;20250907;0.0;1;15.6;1;521;9;31.2;1;1328;9;22.7;1;23.4;1;15.6;1;13.0;9;14.9;9;0;9;2.9;1;;;5.3;1;200;1;1154;9;11.1;1;190;1;1149;9;;;;;;;10.1;1;190;1;1149;9;4;9;0;1
75114001;PARIS-MONTSOURIS;48.821667;2.337833;75;20250908;0.0;1;18.1;1;713;9;23.4;1;1618;9;19.8;1;20.8;1;5.3;1;16.7;9;17.9;9;0;9;2.5;1;;;4.8;1;30;9;2146;9;8.5;1;20;9;2137;9;;;;;;;8.1;1;20;1;2137;9;0;9;0;1
75114001;PARIS-MONTSOURIS;48.821667;2.337833;75;20250909;0.0;1;14.4;1;440;9;23.1;1;1634;9;18.1;1;18.8;1;8.7;1;10.6;9;13.3;9;0;9;1.9;1;;;3.7;1;20;1;13;9;6.8;1;40;1;56;9;;;;;;;6.0;1;40;1;21;9;0;9;0;1
75114001;PARIS-MONTSOURIS;48.821667;2.337833;75;20250910;4.4;1;11.8;1;545;9;20.9;1;1415;9;16.3;1;16.4;1;9.1;1;8.1;9;10.9;9;0;9;3.4;1;;;6.1;1;210;1;1443;9;13.5;1;270;9;2254;9;;;;;;;12.2;1;220;1;1437;9;280;9;0;1
75114001;PARIS-MONTSOURIS;48.821667;2.337833;75;20250911;2.4;1;13.5;1;517;9;20.7;1;1257;9;15.5;1;17.1;1;7.2;1;11.7;9;12.8;9;0;9;3.9;1;;;6.6;1;220;1;1048;9;14.7;1;220;1;849;9;;;;;;;13.5;1;220;1;849;9;88;9;0;1
75114001;PARIS-MONTSOURIS;48.821667;2.337833;75;20250912;0.2;1;11.6;1;519;9;20.5;1;1610;9;16.1;1;16.1;1;8.9;1;9.7;9;10.9;9;0;9;3.6;1;;;6.2;1;250;1;943;9;12.4;1;230;1;1109;9;;;;;;;11.4;1;270;1;1345;9;76;9;0;1
75114001;PARIS-MONTSOURIS;48.821667;2.337833;75;20250913;4.8;1;13.4;1;445;9;19.7;1;1256;9;15.9;1;16.6;1;6.3;1;11.3;9;12.6;9;0;9;3.2;1;;;7.3;1;230;1;1340;9;15.9;1;210;1;1428;9;;;;;;;13.7;1;230;1;1335;9;140;9;0;1
75114001;PARIS-MONTSOURIS;48.821667;2.337833;75;20250914;1.6;1;13.7;1;519;9;20.6;1;2008;9;17.3;1;17.2;1;6.9;1;11.9;9;12.8;9;0;9;3.3;1;;;5.6;1;220;9;2009;9;14.3;1;230;9;2304;9;;;;;;;11.6;1;250;1;2115;9;130;9;0;1
75114001;PARIS-MONTSOURIS;48.821667;2.337833;75;20250915;0.0;1;15.7;1;554;9;21.2;1;1359;9;17.9;1;18.5;1;5.5;1;13.5;9;15.0;9;0;9;4.9;1;;;7.6;1;250;1;1236;9;17.0;1;230;1;2;9;;;;;;;13.9;1;230;1;10;9;0;9;0;1
75114001;PARIS-MONTSOURIS;48.821667;2.337833;75;20250916;0.0;1;12.5;1;412;9;19.1;1;1341;9;15.6;1;15.8;1;6.6;1;10.5;9;11.7;9;0;9;3.2;1;;;6.2;1;260;1;1034;9;13.0;1;240;1;1034;9;;;;;;;12.3;1;240;1;1034;9;0;9;0;1
75114001;PARIS-MONTSOURIS;48.821667;2.337833;75;20250917;0.0;1;12.9;1;310;9;22.7;1;1332;9;17.6;1;17.8;1;9.8;1;10.1;9;12.0;9;0;9;2.7;1;;;5.6;1;240;1;1202;9;10.5;1;230;1;959;9;;;;;;;9.5;1;210;1;1247;9;0;9;0;1
75114001;PARIS-MONTSOURIS;48.821667;2.337833;75;20250918;0.2;1;12.5;1;533;9;25.3;1;1615;9;18.5;1;18.9;1;12.8;1;9.1;9;11.4;9;0;9;1.7;1;;;4.2;1;250;1;950;9;8.8;1;210;1;943;9;;;;;;;7.6;1;210;1;943;9;0;9;0;1
75114001;PARIS-MONTSOURIS;48.821667;2.337833;75;20250919;0.0;1;13.0;1;546;9;30.4;1;1329;9;21.5;1;21.7;1;17.4;1;9.4;9;12.0;9;0;9;2.3;1;;;5.1;1;160;1;1209;9;9.2;1;160;1;1250;9;;;;;;;8.0;1;160;1;1210;9;0;9;0;1
75114001;PARIS-MONTSOURIS;48.821667;2.337833;75;20250920;8.0;1;18.8;1;837;9;21.2;1;1551;9;19.5;1;20.0;1;2.4;1;16.0;9;17.5;9;0;9;2.6;1;;;4.8;1;160;1;1136;9;9.3;1;230;1;1725;9;;;;;;;8.5;1;160;1;1133;9;535;9;0;1
75114001;PARIS-MONTSOURIS;48.821667;2.337833;75;20250921;0.0;1;13.8;1;551;9;18.7;1;1545;9;15.1;1;16.3;1;4.9;1;12.2;9;12.8;9;0;9;2.7;1;;;5.1;1;30;9;2010;9;11.3;1;50;9;2025;9;;;;;;;9.7;1;50;1;2025;9;0;9;0;1
75114001;PARIS-MONTSOURIS;48.821667;2.337833;75;20250922;1.8;1;10.4;1;558;9;17.1;1;1123;9;13.4;1;13.8;1;6.7;1;8.5;9;9.7;9;0;9;5.0;1;;;7.5;1;50;1;921;9;16.3;1;70;1;1135;9;;;;;;;14.2;1;70;1;1114;9;508;9;0;1
75114001;PARIS-MONTSOURIS;48.821667;2.337833;75;20250923;7.8;1;10.3;1;554;9;15.3;1;1314;9;12.0;1;12.8;1;5.0;1;8.5;9;9.1;9;0;9;4.3;1;;;6.7;1;40;1;1302;9;14.8;1;80;1;1410;9;;;;;;;12.6;1;80;1;1411;9;796;9;0;1
75114001;PARIS-MONTSOURIS;48.821667;2.337833;75;20250924;5.0;1;10.3;1;2106;9;10.9;1;143;9;10.6;1;10.6;1;0.6;1;9.5;9;9.5;9;0;9;4.2;1;;;5.9;1;20;1;646;9;11.5;1;40;1;249;9;;;;;;;9.8;1;40;1;311;9;601;9;0;1
75114001;PARIS-MONTSOURIS;48.821667;2.337833;75;20250925;0.4;1;10.0;1;549;9;12.7;1;1337;9;11.3;1;11.4;1;2.7;1;8.8;9;9.2;9;0;9;2.5;1;;;3.9;1;10;1;1343;9;7.6;1;30;1;1452;9;;;;;;;7.1;1;30;1;1539;9;252;9;0;1
75114001;PARIS-MONTSOURIS;48.821667;2.337833;75;20250926;0.0;1;10.0;1;432;9;15.1;1;1338;9;12.1;1;12.6;1;5.1;1;9.3;9;9.3;9;0;9;1.6;1;;;2.9;1;30;1;134;9;5.2;1;40;1;211;9;;;;;;;4.6;1;40;1;153;9;15;9;0;1
75114001;PARIS-MONTSOURIS;48.821667;2.337833;75;20250927;0.0;1;11.0;1;244;9;15.9;1;1530;9;12.4;1;13.5;1;4.9;1;8.6;9;10.0;9;0;9;1.8;1;;;3.6;1;110;1;1701;9;7.0;1;100;1;1838;9;;;;;;;6.3;1;100;1;1855;9;0;9;0;1
75114001;PARIS-MONTSOURIS;48.821667;2.337833;75;20250928;0.2;1;8.3;1;550;9;20.4;1;1329;9;13.9;1;14.4;1;12.1;1;4.9;9;6.9;9;0;9;1.5;1;;;2.7;1;110;1;1136;9;5.7;1;60;1;1310;9;;;;;;;4.9;1;60;1;1310;9;0;9;0;1
75114001;PARIS-MONTSOURIS;48.821667;2.337833;75;20250929;0.0;1;10.2;1;602;9;21.6;1;1311;9;15.3;1;15.9;1;11.4;1;6.6;9;9.0;9;0;9;2.1;1;;;3.8;1;30;9;2211;9;6.9;1;50;9;2229;9;;;;;;;6.2;1;50;1;2229;9;0;9;0;1
75114001;PARIS-MONTSOURIS;48.821667;2.337833;75;20250930;0.2;1;10.8;1;450;9;19.4;1;1318;9;14.5;1;15.1;1;8.6;1;7.2;9;9.7;9;0;9;2.5;1;;;4.1;1;30;1;1143;9;8.9;1;50;1;1037;9;;;;;;;7.2;1;50;1;1037;9;0;9;0;1
75114001;PARIS-MONTSOURIS;48.821667;2.337833;75;20251001;0.0;1;9.9;1;551;9;20.0;1;1202;9;14.8;1;15.0;1;10.1;1;6.6;9;9.0;9;0;9;1.6;1;;;3.5;1;20;1;13;9;6.0;1;40;1;1509;9;;;;;;;5.6;1;40;1;1510;9;0;9;0;1
75114001;PARIS-MONTSOURIS;48.821667;2.337833;75;20251002;0.2;1;9.0;1;603;9;19.3;1;1242;9;14.1;1;14.2;1;10.3;1;5.4;9;8.2;9;0;9;2.0;1;;;3.4;1;170;1;1156;9;7.0;1;160;1;1353;9;;;;;;;6.5;1;160;1;1353;9;6;9;0;1
75114001;PARIS-MONTSOURIS;48.821667;2.337833;75;20251003;3.4;1;11.5;1;559;9;18.7;1;454;9;14.5;1;15.1;1;7.2;1;9.6;9;10.8;9;0;9;3.0;1;;;5.7;1;220;9;2348;9;13.0;1;230;9;2320;9;;;;;;;11.2;1;230;1;2322;9;;;0;1
75114001;PARIS-MONTSOURIS;48.821667;2.337833;75;20251004;7.7;1;10.9;1;1750;9;18.0;1;601;9;14.6;1;14.5;1;7.1;1;8.3;9;9.5;9;0;9;5.6;1;;;9.5;1;330;1;643;9;20.6;1;300;1;1125;9;;;;;;;18.6;1;310;1;1536;9;234;9;0;1
75114001;PARIS-MONTSOURIS;48.821667;2.337833;75;20251005;0.0;1;10.4;1;345;9;17.1;1;1222;9;13.3;1;13.8;1;6.7;1;8.4;9;9.3;9;0;9;3.7;1;;;5.8;1;300;1;1104;9;14.0;1;290;1;1418;9;;;;;;;12.2;1;290;1;1418;9;8;9;0;1
75114001;PARIS-MONTSOURIS;48.821667;2.337833;75;20251006;0.0;1;10.3;1;621;9;16.4;1;1543;9;13.4;1;13.4;1;6.1;1;7.5;9;9.2;9;0;9;2.0;1;;;3.6;1;270;1;1209;9;8.2;1;310;1;24;9;;;;;;;7.4;1;310;1;24;9;0;9;0;1
75114001;PARIS-MONTSOURIS;48.821667;2.337833;75;20251007;0.0;1;9.7;1;425;9;19.8;1;1253;9;14.2;1;14.8;1;10.1;1;6.8;9;8.6;9;0;9;1.4;1;;;3.0;1;160;9;2002;9;6.3;1;130;1;1841;9;;;;;;;5.8;1;130;1;1841;9;0;9;0;1
75114001;PARIS-MONTSOURIS;48.821667;2.337833;75;20251008;0.0;1;11.5;1;451;9;17.1;1;1331;9;13.6;1;14.3;1;5.6;1;7.9;9;9.9;9;0;9;1.9;1;;;4.0;1;40;1;1623;9;7.5;1;50;1;1625;9;;;;;;;6.6;1;50;1;1625;9;0;9;0;1
75114001;PARIS-MONTSOURIS;48.821667;2.337833;75;20251009;0.0;1;12.6;1;2000;9;19.3;1;1352;9;16.1;1;16.0;1;6.7;1;8.5;9;11.0;9;0;9;2.1;1;;;4.5;1;30;9;2313;9;7.6;1;20;9;2304;9;;;;;;;7.2;1;20;1;2310;9;0;9;0;1
75114001;PARIS-MONTSOURIS;48.821667;2.337833;75;20251010;0.0;1;11.0;1;517;9;15.0;1;1231;9;13.2;1;13.0;1;4.0;1;7.5;9;10.0;9;0;9;2.6;1;;;4.0;1;70;1;1842;9;7.8;1;40;1;917;9;;;;;;;6.7;1;50;1;1658;9;0;9;0;1
75114001;PARIS-MONTSOURIS;48.821667;2.337833;75;20251011;0.0;1;11.3;1;628;9;18.9;1;1237;9;14.3;1;15.1;1;7.6;1;8.9;9;10.6;9;0;9;2.6;1;;;5.2;1;30;1;1702;9;9.2;1;30;1;1649;9;;;;;;;8.1;1;30;1;1649;9;0;9;0;1
75114001;PARIS-MONTSOURIS;48.821667;2.337833;75;20251012;0.0;1;9.7;1;521;9;19.3;1;1310;9;13.8;1;14.5;1;9.6;1;6.0;9;8.4;9;0;9;2.8;1;;;4.9;1;100;1;1113;9;10.1;1;40;1;1143;9;;;;;;;8.7;1;40;1;1143;9;0;9;0;1
75114001;PARIS-MONTSOURIS;48.821667;2.337833;75;20251013;0.0;1;10.5;1;423;9;16.6;1;1508;9;13.6;1;13.6;1;6.1;1;7.8;9;9.7;9;0;9;3.1;1;;;5.4;1;90;1;906;9;10.1;1;80;1;904;9;;;;;;;9.3;1;80;1;910;9;0;9;0;1
75114001;PARIS-MONTSOURIS;48.821667;2.337833;75;20251014;0.0;1;12.9;1;2331;9;19.0;1;1205;9;14.6;1;16.0;1;6.1;1;9.2;9;11.5;9;0;9;3.5;1;;;6.8;1;30;1;1636;9;13.6;1;80;9;2141;9;;;;;;;12.1;1;80;1;2141;9;0;9;0;1
75114001;PARIS-MONTSOURIS;48.821667;2.337833;75;20251015;0.0;1;11.3;1;120;9;15.8;1;1038;9;13.8;1;13.6;1;4.5;1;8.4;9;10.3;9;0;9;3.0;1;;;4.3;1;40;9;1921;9;8.6;1;50;1;1759;9;;;;;;;7.8;1;50;1;1759;9;0;9;0;1
75114001;PARIS-MONTSOURIS;48.821667;2.337833;75;20251016;0.0;1;10.6;1;409;9;15.1;1;1059;9;13.0;1;12.9;1;4.5;1;7.4;9;9.6;9;0;9;2.9;1;;;4.3;1;60;1;716;9;8.8;1;40;1;606;9;;;;;;;8.1;1;70;1;550;9;0;9;0;1
75114001;PARIS-MONTSOURIS;48.821667;2.337833;75;20251017;0.0;1;9.7;1;616;9;17.7;1;1119;9;13.1;1;13.7;1;8.0;1;5.9;9;8.2;9;0;9;2.8;1;;;4.7;1;60;1;1249;9;9.2;1;90;1;1246;9;;;;;;;8.5;1;90;1;1246;9;0;9;0;1
75114001;PARIS-MONTSOURIS;48.821667;2.337833;75;20251018;0.0;1;8.5;1;613;9;17.3;1;1240;9;12.4;1;12.9;1;8.8;1;4.9;9;7.5;9;0;9;2.8;1;;;4.8;1;110;1;1042;9;9.7;1;120;1;1211;9;;;;;;;8.6;1;120;1;1211;9;0;9;0;1
75114001;PARIS-MONTSOURIS;48.821667;2.337833;75;20251019;4.8;1;8.9;1;515;9;15.8;1;1323;9;12.6;1;12.4;1;6.9;1;6.8;9;8.2;9;0;9;3.2;1;;;5.6;1;210;9;2237;9;10.6;1;220;9;2213;9;;;;;;;9.8;1;220;1;2228;9;411;9;0;1
75114001;PARIS-MONTSOURIS;48.821667;2.337833;75;20251020;0.8;1;13.1;1;548;9;18.3;1;1214;9;15.1;1;15.7;1;5.2;1;10.9;9;12.2;9;0;9;4.5;1;;;7.1;1;220;1;1237;9;15.9;1;240;9;1909;9;;;;;;;13.4;1;240;1;1910;9;117;9;0;1
75114001;PARIS-MONTSOURIS;48.821667;2.337833;75;20251021;0.4;1;11.4;1;644;9;17.3;1;1326;9;14.1;1;14.4;1;5.9;1;9.4;9;10.3;9;0;9;3.3;1;;;5.3;1;230;1;2;9;11.2;1;240;1;254;9;;;;;;;10.5;1;240;1;254;9;53;9;0;1
75114001;PARIS-MONTSOURIS;48.821667;2.337833;75;20251022;5.9;1;12.7;1;541;9;17.4;1;1311;9;14.9;1;15.1;1;4.7;1;10.6;9;12.0;9;0;9;2.7;1;;;8.2;1;220;9;2347;9;18.2;1;220;9;2340;9;;;;;;;16.2;1;220;1;2340;9;237;9;0;1
75114001;PARIS-MONTSOURIS;48.821667;2.337833;75;20251023;2.4;1;10.8;1;1008;9;14.2;1;1428;9;12.0;1;12.5;1;3.4;1;9.5;9;9.4;9;0;9;6.1;1;;;8.9;1;280;1;1212;9;23.3;1;240;1;858;9;;;;;;;19.6;1;280;1;1225;9;291;9;0;1
75114001;PARIS-MONTSOURIS;48.821667;2.337833;75;20251024;0.0;1;6.4;1;643;9;13.7;1;1206;9;10.0;1;10.1;1;7.3;1;4.5;9;5.7;9;0;9;4.4;1;;;7.0;1;260;1;1106;9;16.3;1;240;1;1157;9;;;;;;;13.4;1;240;1;1227;9;24;9;0;1
75114001;PARIS-MONTSOURIS;48.821667;2.337833;75;20251025;1.4;1;9.3;1;45;9;14.5;1;1418;9;11.2;1;11.9;1;5.2;1;7.1;9;8.2;9;0;9;4.0;1;;;6.0;1;260;1;612;9;13.7;1;240;1;603;9;;;;;;;12.9;1;240;1;610;9;177;9;0;1
75114001;PARIS-MONTSOURIS;48.821667;2.337833;75;20251026;1.6;1;7.2;1;706;9;12.8;1;1253;9;9.6;1;10.0;1;5.6;1;5.3;9;6.2;9;0;9;3.7;1;;;5.7;1;290;1;1328;9;12.8;1;240;9;0;9;;;;;;;11.2;1;240;1;0;9;308;9;0;1
75114001;PARIS-MONTSOURIS;48.821667;2.337833;75;20251027;1.0;1;9.2;1;2313;9;15.4;1;1352;9;12.4;1;12.3;1;6.2;1;8.1;9;8.2;9;0;9;4.4;1;;;8.0;1;310;1;1337;9;18.6;1;310;1;1330;9;;;;;;;15.8;1;310;1;1330;9;46;9;0;1
75114001;PARIS-MONTSOURIS;48.821667;2.337833;75;20251028;0.0;1;10.5;1;2307;9;15.1;1;1441;9;13.3;1;12.8;1;4.6;1;7.3;9;9.5;9;;;3.7;1;;;6.8;1;260;1;1128;1;13.6;1;240;1;1255;1;;;;;;;11.7;1;;;1120;1;;;0;
75114001;PARIS-MONTSOURIS;48.821667;2.337833;75;20251029;12.3;1;10.4;1;630;9;15.0;1;1301;9;12.5;1;12.7;1;4.6;1;6.7;9;9.3;9;0;9;2.7;1;;;5.6;1;210;1;1511;9;11.9;1;210;1;1509;9;;;;;;;10.2;1;210;1;1510;9;309;9;0;1
75114001;PARIS-MONTSOURIS;48.821667;2.337833;75;20251030;0.0;1;7.4;1;644;9;14.6;1;1124;9;10.5;1;11.0;1;7.2;1;4.0;9;6.0;9;0;9;2.4;1;;;5.1;1;190;1;1328;9;8.7;1;320;1;11;9;;;;;;;8.0;1;210;1;1310;9;0;9;0;1
75114001;PARIS-MONTSOURIS;48.821667;2.337833;75;20251031;0.4;1;8.1;1;42;9;16.9;1;1431;9;12.1;1;12.5;1;8.8;1;5.4;9;7.2;9;0;9;3.2;1;;;5.1;1;190;1;1548;1;11.2;1;180;1;1601;9;;;;;;;9.7;1;210;1;1522;9;;;0;1
75114001;PARIS-MONTSOURIS;48.821667;2.337833;75;20251101;4.0;1;12.5;1;;;15.4;1;825;9;13.4;1;14.0;1;2.9;1;;;;;0;9;3.3;1;;;5.2;1;200;1;610;1;11.1;1;240;1;1021;9;;;;;;;10.0;1;240;1;1021;9;;;0;1
75114001;PARIS-MONTSOURIS;48.821667;2.337833;75;20251102;1.2;1;10.1;1;;;14.2;1;;;11.2;1;12.2;1;4.1;1;;;;;0;9;3.5;1;;;;;;;;;13.7;1;260;1;;;;;;;;;12.3;1;290;1;1428;9;;;0;1
75114001;PARIS-MONTSOURIS;48.821667;2.337833;75;20251103;0.2;1;7.3;1;422;9;15.2;1;1451;9;11.6;1;11.3;1;7.9;1;3.7;9;5.9;9;0;9;3.1;1;;;5.1;1;210;1;1055;9;10.4;1;250;1;1051;9;;;;;;;9.1;1;250;1;1051;9;0;9;0;1
75114001;PARIS-MONTSOURIS;48.821667;2.337833;75;20251104;0.0;1;8.6;1;623;9;17.3;1;1424;9;12.7;1;13.0;1;8.7;1;4.9;9;7.3;9;0;9;3.1;1;;;5.0;1;170;1;831;9;9.4;1;180;1;923;9;;;;;;;8.5;1;180;1;927;9;0;9;0;1
75114001;PARIS-MONTSOURIS;48.821667;2.337833;75;20251105;0.0;1;10.9;1;658;9;17.8;1;1348;9;14.2;1;14.4;1;6.9;1;8.8;9;10.2;9;0;9;3.1;1;;;5.0;1;160;1;908;9;11.5;1;160;1;1602;9;;;;;;;10.2;1;160;1;1610;9;0;9;0;1
75114001;PARIS-MONTSOURIS;48.821667;2.337833;75;20251106;1.2;1;12.4;1;422;9;15.0;1;1314;9;13.6;1;13.7;1;2.6;1;10.6;9;11.9;9;0;9;2.1;1;;;3.9;1;160;1;9;9;7.3;1;220;1;1030;9;;;;;;;6.8;1;220;1;1030;9;122;9;0;1
75114001;PARIS-MONTSOURIS;48.821667;2.337833;75;20251107;0.0;1;9.2;1;415;9;13.9;1;1426;9;11.8;1;11.6;1;4.7;1;5.7;9;7.9;9;0;9;2.4;1;;;4.1;1;190;1;1129;9;8.0;1;190;1;1307;9;;;;;;;7.5;1;190;1;1310;9;4;9;0;1
75114001;PARIS-MONTSOURIS;48.821667;2.337833;75;20251108;0.8;1;10.2;1;353;9;14.1;1;1451;9;11.7;1;12.2;1;3.9;1;6.8;9;9.0;9;0;9;1.8;1;;;3.3;1;300;1;1354;9;6.9;1;300;1;1330;9;;;;;;;6.3;1;300;1;1330;9;117;9;0;1
75114001;PARIS-MONTSOURIS;48.821667;2.337833;75;20251109;0.0;1;8.6;1;628;9;11.0;1;1258;9;9.7;1;9.8;1;2.4;1;5.6;9;7.9;9;0;9;2.2;1;;;4.4;1;180;9;2302;9;9.3;1;180;9;2230;9;;;;;;;8.3;1;180;1;2230;9;0;9;0;1
75114001;PARIS-MONTSOURIS;48.821667;2.337833;75;20251110;0.4;1;7.2;1;650;9;12.4;1;1401;9;9.9;1;9.8;1;5.2;1;5.5;9;6.6;9;0;9;3.5;1;;;5.7;1;190;1;1521;9;11.8;1;200;1;1424;9;;;;;;;10.7;1;200;1;1424;9;22;9;0;1
75114001;PARIS-MONTSOURIS;48.821667;2.337833;75;20251111;0.0;1;8.5;1;240;9;14.7;1;1349;9;11.5;1;11.6;1;6.2;1;5.0;9;7.2;9;0;9;2.9;1;;;5.0;1;170;1;1112;9;9.5;1;210;1;1124;9;;;;;;;8.5;1;210;1;538;9;0;9;0;1
75114001;PARIS-MONTSOURIS;48.821667;2.337833;75;20251112;0.0;1;8.0;1;539;9;15.5;1;1414;9;11.7;1;11.8;1;7.5;1;4.6;9;7.2;9;0;9;3.2;1;;;4.3;1;170;1;1349;9;8.0;1;200;9;2302;9;;;;;;;6.9;1;200;1;2311;9;0;9;0;1
75114001;PARIS-MONTSOURIS;48.821667;2.337833;75;20251113;0.2;1;10.7;1;754;9;17.0;1;1353;9;14.3;1;13.9;1;6.3;1;7.9;9;9.8;9;0;9;2.5;1;;;4.1;1;190;1;648;9;7.9;1;200;1;50;9;;;;;;;6.9;1;200;1;31;9;58;9;0;1
75114001;PARIS-MONTSOURIS;48.821667;2.337833;75;20251114;0.2;1;14.4;1;647;9;19.6;1;1338;9;16.2;1;17.0;1;5.2;1;12.1;9;12.6;9;0;9;2.9;1;;;4.6;1;190;1;527;9;9.4;1;160;1;1756;9;;;;;;;8.1;1;220;1;2117;9;54;9;0;1
75114001;PARIS-MONTSOURIS;48.821667;2.337833;75;20251115;4.2;1;11.9;1;645;9;14.3;1;1158;9;12.8;1;13.1;1;2.4;1;8.0;9;10.4;9;0;9;1.8;1;;;4.2;1;200;1;11;9;8.5;1;190;1;6;9;;;;;;;8.0;1;190;1;16;9;281;9;0;1
75114001;PARIS-MONTSOURIS;48.821667;2.337833;75;20251116;0.0;1;9.9;1;829;9;12.2;1;1539;9;10.6;1;11.1;1;2.3;1;7.9;9;9.6;9;0;9;2.8;1;;;6.3;1;10;9;2059;9;10.8;1;50;1;1804;9;;;;;;;10.0;1;10;1;2053;9;0;9;0;1
75114001;PARIS-MONTSOURIS;48.821667;2.337833;75;20251117;0.4;1;5.9;1;409;9;10.6;1;1324;9;7.1;1;8.3;1;4.7;1;2.9;9;4.8;9;0;9;4.0;1;;;7.0;1;10;1;1335;9;14.5;1;10;1;1328;9;;;;;;;13.2;1;10;1;1328;9;81;9;0;0
75114001;PARIS-MONTSOURIS;48.821667;2.337833;75;20251118;0.4;1;1.2;1;721;9;9.0;1;1441;9;5.4;1;5.1;1;7.8;1;-2.4;9;0.1;9;0;9;2.7;1;;;5.9;1;220;9;2253;9;11.4;1;210;9;2249;9;;;;;;;10.2;1;230;1;2333;9;45;9;0;1
75114001;PARIS-MONTSOURIS;48.821667;2.337833;75;20251119;5.2;1;4.5;1;1750;9;8.4;1;1115;9;5.7;1;6.5;1;3.9;1;3.6;9;3.7;9;0;9;4.8;1;;;9.7;1;320;1;1726;9;20.9;1;310;1;1720;9;;;;;;;18.2;1;310;1;1720;9;259;9;0;1
75114001;PARIS-MONTSOURIS;48.821667;2.337833;75;20251120;0.0;1;2.5;1;701;9;5.9;1;1433;9;3.5;1;4.2;1;3.4;1;0.5;9;1.8;9;0;9;3.0;1;;;5.4;1;330;1;1530;9;10.0;1;330;1;1432;9;;;;;;;9.2;1;330;1;1432;9;9;9;0;1
75114001;PARIS-MONTSOURIS;48.821667;2.337833;75;20251121;0.6;1;0.4;1;21;9;3.8;1;1429;9;2.3;1;2.1;1;3.4;1;-2.8;9;-0.8;9;0;9;3.0;1;;;5.8;1;30;1;1340;9;11.1;1;40;1;1229;9;;;;;;;9.8;1;40;1;1229;9;95;9;0;1
75114001;PARIS-MONTSOURIS;48.821667;2.337833;75;20251122;1.0;1;-1.7;1;642;9;1.0;1;530;9;-0.2;1;-0.4;1;2.7;1;-4.8;9;-2.9;9;959;9;3.4;1;;;6.1;1;190;1;1724;9;12.5;1;150;1;1803;9;;;;;;;11.6;1;150;1;1810;9;;1;0;1
75114001;PARIS-MONTSOURIS;48.821667;2.337833;75;20251123;5.0;1;-0.3;1;1851;9;7.2;1;116;9;4.1;1;3.5;1;7.5;1;-0.8;9;-0.5;9;21;9;3.6;1;;;6.0;1;190;1;1006;9;12.2;1;210;1;1306;9;;;;;;;11.2;1;210;1;1310;9;;1;0;1
75114001;PARIS-MONTSOURIS;48.821667;2.337833;75;20251124;2.2;1;6.4;1;601;9;10.7;1;1325;9;7.8;1;8.6;1;4.3;1;3.7;9;5.2;9;0;9;3.6;1;;;6.2;1;240;1;1129;9;14.8;1;220;1;1253;9;;;;;;;12.5;1;290;1;1612;9;246;9;0;1
75114001;PARIS-MONTSOURIS;48.821667;2.337833;75;20251125;0.6;1;6.2;1;146;9;8.2;1;1427;9;6.8;1;7.2;1;2.0;1;4.8;9;5.5;9;0;9;4.8;1;;;7.3;1;330;1;1133;9;15.0;1;340;1;1257;9;;;;;;;14.0;1;340;1;1257;9;183;9;0;1
75114001;PARIS-MONTSOURIS;48.821667;2.337833;75;20251126;0.0;1;5.0;1;649;9;8.4;1;1230;9;6.0;1;6.7;1;3.4;1;3.4;9;4.2;9;0;9;3.0;1;;;5.0;1;340;1;1249;9;11.4;1;340;1;1240;9;;;;;;;8.9;1;340;1;1240;9;19;9;0;1
75114001;PARIS-MONTSOURIS;48.821667;2.337833;75;20251127;2.4;1;2.4;1;232;9;8.1;1;424;9;5.8;1;5.3;1;5.7;1;-0.7;9;1.4;9;0;9;3.2;1;;;5.0;1;220;1;1455;9;9.5;1;230;1;905;9;;;;;;;8.5;1;230;1;936;9;375;9;0;1
75114001;PARIS-MONTSOURIS;48.821667;2.337833;75;20251128;1.8;1;7.1;1;1801;9;10.6;1;1751;9;8.9;1;8.9;1;3.5;1;6.8;9;7.2;9;0;9;2.9;1;;;4.3;1;210;1;531;9;9.6;1;230;1;1117;9;;;;;;;8.7;1;230;1;1117;9;196;9;0;1
75114001;PARIS-MONTSOURIS;48.821667;2.337833;75;20251129;4.2;1;8.3;1;139;9;11.4;1;1337;9;9.7;1;9.9;1;3.1;1;4.1;9;7.0;9;0;9;3.6;1;;;5.9;1;200;1;1353;9;13.6;1;190;1;1639;9;;;;;;;11.4;1;290;1;1857;9;379;9;0;1
75114001;PARIS-MONTSOURIS;48.821667;2.337833;75;20251130;0.2;1;5.8;1;1757;9;9.2;1;1153;9;6.6;1;7.5;1;3.4;1;1.2;9;4.5;9;0;9;2.7;1;;;5.5;1;340;1;1158;9;10.6;1;320;1;1051;9;;;;;;;9.8;1;320;1;1051;9;5;9;0;1
75114001;PARIS-MONTSOURIS;48.821667;2.337833;75;20251201;0.2;1;1.5;1;319;9;8.0;1;1338;9;5.5;1;4.8;1;6.5;1;-1.7;9;0.6;9;0;9;4.2;1;;;6.5;1;190;9;2332;9;12.4;1;200;1;1237;9;;;;;;;11.0;1;160;1;2325;9;91;9;0;1
75114001;PARIS-MONTSOURIS;48.821667;2.337833;75;20251202;0.0;1;7.0;1;1815;9;10.1;1;1201;9;8.5;1;8.6;1;3.1;1;5.2;9;5.5;9;0;9;3.4;1;;;6.2;1;210;1;120;9;13.5;1;220;1;119;9;;;;;;;12.5;1;220;1;119;9;5;9;0;1
75114001;PARIS-MONTSOURIS;48.821667;2.337833;75;20251203;0.0;1;6.4;1;747;9;10.4;1;1159;9;8.2;1;8.4;1;4.0;1;2.0;9;4.4;9;0;9;2.5;1;;;4.7;1;210;9;2059;9;8.8;1;220;9;2156;9;;;;;;;8.0;1;220;1;2156;9;0;9;0;1
75114001;PARIS-MONTSOURIS;48.821667;2.337833;75;20251204;1.0;1;5.5;1;107;9;9.6;1;1403;9;6.7;1;7.6;1;4.1;1;2.3;9;4.8;9;0;9;3.2;1;;;5.9;1;190;1;935;9;12.3;1;180;1;1014;9;;;;;;;10.2;1;190;1;331;9;250;9;0;1
75114001;PARIS-MONTSOURIS;48.821667;2.337833;75;20251205;2.6;1;1.6;1;650;9;9.5;1;522;9;4.2;1;5.6;1;7.9;1;-2.7;9;0.3;9;0;9;3.6;1;;;7.1;1;190;9;2332;9;14.5;1;180;9;2234;9;;;;;;;13.6;1;180;1;2234;9;252;9;0;1
75114001;PARIS-MONTSOURIS;48.821667;2.337833;75;20251206;2.0;1;5.8;1;1801;9;13.6;1;1220;9;10.6;1;9.7;1;7.8;1;5.5;9;5.6;9;0;9;4.5;1;;;6.5;1;200;1;10;9;14.8;1;220;1;1308;9;;;;;;;12.6;1;220;1;1323;9;312;9;0;1
75114001;PARIS-MONTSOURIS;48.821667;2.337833;75;20251207;9.3;1;10.5;1;8;9;14.6;1;1917;9;13.0;1;12.6;1;4.1;1;9.1;9;9.8;9;0;9;4.2;1;;;6.9;1;220;1;1803;9;14.6;1;230;1;1605;9;;;;;;;12.1;1;230;1;1542;9;436;9;0;1
75114001;PARIS-MONTSOURIS;48.821667;2.337833;75;20251208;0.0;1;13.3;1;1758;9;15.9;1;1240;9;14.0;1;14.6;1;2.6;1;9.4;9;12.0;9;0;9;3.8;1;;;6.8;1;230;1;546;9;16.3;1;230;1;1222;9;;;;;;;13.7;1;220;1;943;9;0;9;0;1
75114001;PARIS-MONTSOURIS;48.821667;2.337833;75;20251209;1.2;1;9.2;1;650;9;15.5;1;1320;9;12.5;1;12.4;1;6.3;1;6.4;9;8.6;9;0;9;3.4;1;;;5.8;1;220;9;2036;9;11.4;1;200;1;1059;9;;;;;;;10.6;1;200;1;1059;9;134;9;0;1
75114001;PARIS-MONTSOURIS;48.821667;2.337833;75;20251210;0.2;1;11.7;1;1755;9;14.4;1;1252;9;12.1;1;13.1;1;2.7;1;7.0;9;10.3;9;0;9;2.2;1;;;4.0;1;220;1;941;9;8.5;1;240;1;1239;9;;;;;;;7.6;1;240;1;1323;9;0;9;0;1
75114001;PARIS-MONTSOURIS;48.821667;2.337833;75;20251211;0.0;1;5.4;1;520;9;10.4;1;50;9;8.4;1;7.9;1;5.0;1;1.9;9;4.3;9;0;9;2.5;1;;;4.7;1;150;1;1347;9;9.4;1;140;1;1344;9;;;;;;;8.5;1;140;1;1344;9;21;9;0;1
75114001;PARIS-MONTSOURIS;48.821667;2.337833;75;20251212;0.0;1;9.7;1;1926;9;11.8;1;1313;9;10.4;1;10.8;1;2.1;1;6.9;9;9.2;9;0;9;2.2;1;;;3.9;1;200;1;707;9;8.2;1;210;1;650;9;;;;;;;7.7;1;210;1;650;9;0;9;0;1
75114001;PARIS-MONTSOURIS;48.821667;2.337833;75;20251213;0.0;1;8.6;1;832;9;10.3;1;1358;9;9.0;1;9.5;1;1.7;1;7.8;9;8.6;9;0;9;1.8;1;;;3.4;1;190;1;1642;9;5.4;1;160;1;1708;9;;;;;;;5.1;1;160;1;1710;9;0;9;0;1
75114001;PARIS-MONTSOURIS;48.821667;2.337833;75;20251214;0.0;1;6.5;1;830;9;7.7;1;1158;9;6.6;1;7.1;1;1.2;1;6.4;9;6.3;9;0;9;2.9;1;;;4.7;1;160;1;725;9;8.9;1;170;9;2356;9;;;;;;;8.6;1;170;1;2356;9;0;9;0;1
75114001;PARIS-MONTSOURIS;48.821667;2.337833;75;20251215;0.4;1;4.8;1;2314;9;11.1;1;7;9;8.2;1;8.0;1;6.3;1;4.6;9;4.5;9;0;9;3.4;1;;;5.6;1;170;1;521;9;10.4;1;150;1;211;9;;;;;;;9.3;1;150;1;211;9;82;9;0;1
75114001;PARIS-MONTSOURIS;48.821667;2.337833;75;20251216;0.0;1;9.7;1;2207;9;14.8;1;1244;9;11.4;1;12.3;1;5.1;1;6.0;9;8.0;9;0;9;1.8;1;;;3.7;1;140;1;722;9;6.1;1;140;1;716;9;;;;;;;5.6;1;140;1;717;9;13;9;0;1
75114001;PARIS-MONTSOURIS;48.821667;2.337833;75;20251217;0.0;1;9.0;1;1800;9;10.8;1;1146;9;9.6;1;9.9;1;1.8;1;6.4;9;8.1;9;0;9;2.9;1;;;5.1;1;220;1;1956;9;12.2;1;230;1;1947;9;;;;;;;9.7;1;210;1;2339;9;0;9;0;1
75114001;PARIS-MONTSOURIS;48.821667;2.337833;75;20251218;2.8;1;7.1;1;6;9;15.2;1;1429;9;11.8;1;11.2;1;8.1;1;5.0;9;6.2;9;0;9;4.5;1;;;6.4;1;190;1;1152;9;16.2;1;190;1;1245;9;;;;;;;11.8;1;190;1;1230;9;399;9;0;1
75114001;PARIS-MONTSOURIS;48.821667;2.337833;75;20251219;1.6;1;10.0;1;1627;9;11.7;1;1252;9;10.8;1;10.9;1;1.7;1;6.3;9;8.7;9;0;9;2.3;1;;;5.7;1;210;1;250;9;12.4;1;220;1;305;9;;;;;;;10.4;1;220;1;310;9;185;9;0;1
75114001;PARIS-MONTSOURIS;48.821667;2.337833;75;20251220;2.2;1;8.4;1;12;9;10.3;1;1808;9;9.4;1;9.4;1;1.9;1;5.7;9;7.3;9;0;9;2.3;1;;;4.1;1;160;1;1618;9;7.7;1;180;9;1916;9;;;;;;;6.8;1;180;1;1916;9;623;9;0;1
75114001;PARIS-MONTSOURIS;48.821667;2.337833;75;20251221;15.5;1;8.7;1;335;9;11.2;1;1320;9;9.9;1;10.0;1;2.5;1;5.7;9;7.2;9;0;9;3.1;1;;;5.8;1;140;1;1352;9;14.0;1;130;1;1348;9;;;;;;;13.4;1;130;1;1348;9;681;9;0;1
75114001;PARIS-MONTSOURIS;48.821667;2.337833;75;20251222;0.0;1;7.9;1;616;9;9.9;1;1400;9;9.1;1;8.9;1;2.0;1;4.7;9;6.4;9;0;9;2.0;1;;;5.0;1;140;1;8;9;9.7;1;130;1;7;9;;;;;;;9.1;1;130;1;10;9;23;9;0;1
75114001;PARIS-MONTSOURIS;48.821667;2.337833;75;20251223;0.0;1;3.8;1;948;9;5.9;1;602;9;5.2;1;4.9;1;2.1;1;3.8;9;3.7;9;0;9;3.4;1;;;6.0;1;70;9;2301;9;12.1;1;120;1;1750;9;;;;;;;10.5;1;70;1;2229;9;0;9;0;1
75114001;PARIS-MONTSOURIS;48.821667;2.337833;75;20251224;0.0;1;1.9;1;1751;9;5.9;1;631;9;3.5;1;3.9;1;4.0;1;0.0;9;1.2;9;0;9;5.8;1;;;7.9;1;30;1;1713;9;16.9;1;80;9;1913;9;;;;;;;14.6;1;40;1;1810;9;28;9;0;1
75114001;PARIS-MONTSOURIS;48.821667;2.337833;75;20251225;0.0;1;-0.6;1;802;9;3.1;1;1237;9;0.5;1;1.3;1;3.7;1;-1.7;9;-1.0;9;418;9;4.1;1;;;7.4;1;50;1;17;9;16.3;1;70;1;42;9;;;;;;;14.5;1;90;1;228;9;0;9;0;1
75114001;PARIS-MONTSOURIS;48.821667;2.337833;75;20251226;0.2;1;-1.4;1;150;9;3.9;1;1247;9;0.7;1;1.3;1;5.3;1;-4.2;9;-2.7;9;565;9;2.8;1;;;4.6;1;90;1;1007;9;8.9;1;40;1;336;9;;;;;;;7.6;1;40;1;336;9;0;9;0;1
75114001;PARIS-MONTSOURIS;48.821667;2.337833;75;20251227;0.0;1;-0.3;1;745;9;2.9;1;1035;9;0.8;1;1.3;1;3.2;1;-3.8;9;-1.7;9;295;9;2.4;1;;;3.9;1;120;1;1141;9;8.0;1;140;1;1227;9;;;;;;;7.2;1;140;1;1242;9;0;9;0;1
75114001;PARIS-MONTSOURIS;48.821667;2.337833;75;20251228;0.0;1;-0.2;1;40;9;3.0;1;1042;9;1.3;1;1.4;1;3.2;1;-3.9;9;-1.9;9;155;9;3.2;1;;;5.3;1;30;1;341;9;9.9;1;50;1;400;9;;;;;;;8.9;1;50;1;610;9;0;9;0;1
75114001;PARIS-MONTSOURIS;48.821667;2.337833;75;20251229;0.0;1;-1.6;1;539;9;3.5;1;1225;9;1.0;1;1.0;1;5.1;1;-5.3;9;-2.7;9;559;9;3.1;1;;;5.7;1;50;9;1924;9;11.6;1;70;9;1920;9;;;;;;;9.8;1;70;1;1919;9;0;9;0;1
75114001;PARIS-MONTSOURIS;48.821667;2.337833;75;20251230;0.0;1;1.1;1;1801;9;6.0;1;1242;9;3.3;1;3.6;1;4.9;1;-0.2;9;0.9;9;0;9;3.2;1;;;5.8;1;50;1;1549;9;11.9;1;40;1;1541;9;;;;;;;10.6;1;40;1;1541;9;0;9;0;1
75114001;PARIS-MONTSOURIS;48.821667;2.337833;75;20251231;0.2;1;-0.9;1;657;9;5.0;1;1236;9;1.7;1;2.1;1;5.9;1;-5.1;9;-1.7;9;382;9;1.7;1;;;3.1;1;30;1;7;9;6.8;1;50;1;316;9;;;;;;;5.9;1;50;1;316;9;0;9;0;1
75114001;PARIS-MONTSOURIS;48.821667;2.337833;75;20260101;0.0;1;-1.3;1;215;9;4.6;1;1242;9;2.2;1;1.7;1;5.9;1;-4.9;9;-2.7;9;371;9;3.1;1;;;5.7;1;260;1;1834;9;11.2;1;250;1;1751;9;;;;;;;10.2;1;250;1;1751;9;4;9;0;1
75114001;PARIS-MONTSOURIS;48.821667;2.337833;75;20260102;3.0;1;2.2;1;1257;9;5.2;1;1142;9;2.5;1;3.7;1;3.0;1;0.7;9;0.5;9;0;9;3.1;1;;;6.1;1;270;1;1156;9;12.7;1;300;1;1149;9;;;;;;;11.4;1;310;1;1216;9;134;9;0;1
75114001;PARIS-MONTSOURIS;48.821667;2.337833;75;20260103;0.2;1;-1.8;1;516;9;4.1;1;1245;9;1.4;1;1.2;1;5.9;1;-5.2;9;-2.7;9;299;9;3.0;1;;;6.0;1;330;1;1459;9;12.2;1;340;1;1436;9;;;;;;;11.8;1;340;1;1436;9;29;9;0;1
75114001;PARIS-MONTSOURIS;48.821667;2.337833;75;20260104;0.0;1;-2.7;1;637;9;3.3;1;1228;9;0.1;1;0.3;1;6.0;1;-6.7;9;-4.3;9;840;9;2.0;1;;;4.4;1;330;1;1259;9;9.7;1;320;1;1256;9;;;;;;;8.9;1;320;1;1256;9;0;9;0;1
75114001;PARIS-MONTSOURIS;48.821667;2.337833;75;20260105;4.0;1;-4.4;1;422;9;0.2;1;2004;9;-1.8;1;-2.1;1;4.6;1;-5.8;9;-4.9;9;1379;9;2.4;1;;;4.4;1;190;1;535;9;8.5;1;250;1;1117;9;;;;;;;7.4;1;250;1;1141;9;;1;0;1
75114001;PARIS-MONTSOURIS;48.821667;2.337833;75;20260106;1.0;1;-2.4;1;417;9;3.9;1;1241;9;-0.6;1;0.8;1;6.3;1;-8.1;9;-3.8;9;1023;9;2.3;1;;;5.4;1;210;9;2329;9;9.7;1;200;9;2324;9;;;;;;;9.3;1;200;1;2324;9;;1;0;1
75114001;PARIS-MONTSOURIS;48.821667;2.337833;75;20260107;4.0;1;-2.2;1;2022;9;3.4;1;526;9;0.3;1;0.6;1;5.6;1;-3.9;9;-2.9;9;721;9;3.7;1;;;7.0;1;210;1;910;9;14.1;1;210;1;527;9;;;;;;;12.8;1;210;1;527;9;;;0;1
75114001;PARIS-MONTSOURIS;48.821667;2.337833;75;20260108;4.8;1;1.3;1;1801;9;10.1;1;2124;9;6.3;1;5.7;1;8.8;1;-0.8;9;1.0;9;0;9;4.1;1;;;8.9;1;210;9;2110;9;19.9;1;230;9;2226;9;;;;;;;17.5;1;230;1;2226;9;550;9;0;1
75114001;PARIS-MONTSOURIS;48.821667;2.337833;75;20260109;1.0;1;5.3;1;1730;9;7.5;1;621;9;6.5;1;6.4;1;2.2;1;4.3;9;4.5;9;0;9;7.0;1;;;12.3;1;260;1;431;9;29.1;1;250;1;340;9;;;;;;;25.5;1;250;1;340;9;183;9;0;1
75114001;PARIS-MONTSOURIS;48.821667;2.337833;75;20260110;0.0;1;4.0;1;741;9;4.8;1;1309;9;4.2;1;4.4;1;0.8;1;2.8;9;3.2;9;0;9;5.0;1;;;8.3;1;340;1;1352;9;17.2;1;300;1;320;9;;;;;;;15.9;1;300;1;320;9;1;9;0;1
75114001;PARIS-MONTSOURIS;48.821667;2.337833;75;20260111;0.4;1;-0.1;1;521;9;8.0;1;549;9;2.8;1;4.0;1;8.1;1;-3.9;9;-1.3;9;153;9;3.5;1;;;6.6;1;190;9;2122;9;13.0;1;200;9;2119;9;;;;;;;11.9;1;190;1;2210;9;111;9;0;1
75114001;PARIS-MONTSOURIS;48.821667;2.337833;75;20260112;0.6;1;3.8;1;2242;9;11.7;1;1836;9;9.5;1;7.8;1;7.9;1;2.4;9;2.4;9;0;9;5.1;1;;;7.5;1;220;1;442;9;16.8;1;230;1;430;9;;;;;;;13.8;1;200;1;635;9;114;9;0;1
75114001;PARIS-MONTSOURIS;48.821667;2.337833;75;20260113;0.0;1;8.4;1;638;9;13.2;1;1248;9;10.3;1;10.8;1;4.8;1;6.7;9;7.6;9;0;9;3.2;1;;;5.1;1;200;1;1230;9;10.2;1;200;1;1249;9;;;;;;;9.7;1;200;1;1249;9;43;9;0;1
75114001;PARIS-MONTSOURIS;48.821667;2.337833;75;20260114;0.0;1;8.8;1;156;9;13.0;1;1330;9;10.6;1;10.9;1;4.2;1;5.8;9;7.9;9;0;9;2.5;1;;;5.0;1;220;9;2056;9;9.0;1;230;9;2048;9;;;;;;;8.5;1;230;1;2048;9;31;9;0;1
75114001;PARIS-MONTSOURIS;48.821667;2.337833;75;20260115;0.2;1;8.1;1;711;9;13.5;1;1421;9;10.8;1;10.8;1;5.4;1;5.4;9;7.1;9;0;9;4.7;1;;;7.9;1;210;9;2045;9;18.2;1;230;9;2044;9;;;;;;;16.0;1;230;1;2044;9;110;9;0;1
75114001;PARIS-MONTSOURIS;48.821667;2.337833;75;20260116;1.8;1;7.8;1;645;9;11.2;1;1305;9;9.6;1;9.5;1;3.4;1;4.4;9;6.8;9;0;9;2.7;1;;;6.3;1;220;1;15;9;12.0;1;240;1;1129;9;;;;;;;10.7;1;220;1;26;9;226;9;0;1
75114001;PARIS-MONTSOURIS;48.821667;2.337833;75;20260117;0.4;1;7.5;1;257;9;11.5;1;1414;9;9.2;1;9.5;1;4.0;1;3.5;9;6.0;9;0;9;2.0;1;;;3.2;1;150;1;1116;9;6.6;1;90;9;1914;9;;;;;;;5.7;1;80;1;1845;9;59;9;0;1
75114001;PARIS-MONTSOURIS;48.821667;2.337833;75;20260118;0.0;1;8.0;1;506;9;10.1;1;1140;9;8.0;1;9.1;1;2.1;1;5.2;9;6.9;9;0;9;1.9;1;;;3.8;1;140;1;1745;9;7.5;1;160;9;2138;9;;;;;;;6.5;1;160;1;2137;9;0;9;0;1
75114001;PARIS-MONTSOURIS;48.821667;2.337833;75;20260119;0.2;1;3.0;1;343;9;10.6;1;1428;9;6.6;1;6.8;1;7.6;1;1.0;9;2.4;9;0;9;2.2;1;;;3.8;1;160;1;46;9;6.4;1;160;1;58;9;;;;;;;6.1;1;160;1;58;9;27;9;0;1
75114001;PARIS-MONTSOURIS;48.821667;2.337833;75;20260120;0.2;1;5.9;1;519;9;9.5;1;30;9;7.4;1;7.7;1;3.6;1;1.7;9;4.0;9;0;9;3.1;1;;;5.9;1;170;9;2242;9;12.5;1;160;9;2235;9;;;;;;;11.2;1;160;1;2241;9;133;9;0;1
75114001;PARIS-MONTSOURIS;48.821667;2.337833;75;20260121;0.6;1;7.2;1;1906;9;14.6;1;1317;9;10.5;1;10.9;1;7.4;1;6.0;9;6.6;9;0;9;4.2;1;;;7.4;1;180;1;1252;9;15.5;1;180;1;1410;9;;;;;;;14.0;1;180;1;1410;9;153;9;0;1
75114001;PARIS-MONTSOURIS;48.821667;2.337833;75;20260122;1.6;1;8.0;1;423;9;11.0;1;1358;9;8.8;1;9.5;1;3.0;1;3.9;9;7.3;9;0;9;3.5;1;;;6.3;1;190;1;1028;9;13.0;1;180;1;952;9;;;;;;;11.5;1;180;1;953;9;158;9;0;1
75114001;PARIS-MONTSOURIS;48.821667;2.337833;75;20260123;2.6;1;5.6;1;400;9;9.5;1;1431;9;6.8;1;7.6;1;3.9;1;3.9;9;5.1;9;0;9;3.9;1;;;7.0;1;200;1;1339;9;15.4;1;180;1;1707;9;;;;;;;14.0;1;180;1;1710;9;200;9;0;1
75114001;PARIS-MONTSOURIS;48.821667;2.337833;75;20260124;0.0;1;3.0;1;715;9;9.5;1;1257;9;5.7;1;6.3;1;6.5;1;0.4;9;2.2;9;0;9;2.9;1;;;4.4;1;160;1;1202;9;8.4;1;150;9;1908;9;;;;;;;7.8;1;140;1;1900;9;4;9;0;1
75114001;PARIS-MONTSOURIS;48.821667;2.337833;75;20260125;2.8;1;4.1;1;238;9;8.5;1;1221;9;6.2;1;6.3;1;4.4;1;0.3;9;2.7;9;0;9;2.8;1;;;4.7;1;190;1;832;9;9.6;1;180;1;857;9;;;;;;;8.6;1;180;1;910;9;218;9;0;1
75114001;PARIS-MONTSOURIS;48.821667;2.337833;75;20260126;0.8;1;5.4;1;716;9;8.4;1;1446;9;6.4;1;6.9;1;3.0;1;3.4;9;4.6;9;0;9;2.6;1;;;5.1;1;210;1;1653;9;10.5;1;220;1;1658;9;;;;;;;9.0;1;220;1;1648;9;215;9;0;1
75114001;PARIS-MONTSOURIS;48.821667;2.337833;75;20260127;10.7;1;5.2;1;2200;9;9.2;1;1432;9;6.9;1;7.2;1;4.0;1;3.3;9;4.4;9;0;9;3.3;1;;;5.9;1;160;1;743;9;10.6;1;170;1;551;9;;;;;;;9.6;1;170;1;551;9;534;9;0;1
75114001;PARIS-MONTSOURIS;48.821667;2.337833;75;20260128;0.0;1;3.8;1;757;9;8.6;1;1444;9;5.8;1;6.2;1;4.8;1;0.6;9;2.2;9;0;9;1.4;1;;;2.9;1;340;1;1423;9;5.2;1;320;1;1437;9;;;;;;;4.5;1;320;1;1437;9;0;9;0;1
75114001;PARIS-MONTSOURIS;48.821667;2.337833;75;20260129;2.4;1;0.0;1;605;9;5.1;1;552;9;2.9;1;2.6;1;5.1;1;-2.3;9;-0.3;9;3;9;2.5;1;;;4.5;1;160;1;1601;9;8.2;1;160;1;1555;9;;;;;;;7.6;1;140;1;2123;9;155;9;0;1
75114001;PARIS-MONTSOURIS;48.821667;2.337833;75;20260130;3.2;1;3.8;1;116;9;11.1;1;1425;9;7.8;1;7.5;1;7.3;1;0.1;9;2.7;9;0;9;3.1;1;;;6.6;1;190;1;1824;9;14.2;1;190;1;1824;9;;;;;;;11.9;1;190;1;1824;9;163;9;0;1
75114001;PARIS-MONTSOURIS;48.821667;2.337833;75;20260131;0.0;1;5.3;1;522;9;7.5;1;1508;9;6.7;1;6.4;1;2.2;1;1.5;9;3.7;9;0;9;2.2;1;;;4.4;1;160;1;1125;9;6.7;1;190;1;1224;9;;;;;;;6.3;1;190;1;1245;9;3;9;0;1
75114001;PARIS-MONTSOURIS;48.821667;2.337833;75;20260201;4.6;1;6.0;1;430;9;9.0;1;1345;9;7.6;1;7.5;1;3.0;1;3.9;9;5.7;9;0;9;2.9;1;;;4.4;1;180;1;1424;9;8.9;1;160;1;1416;9;;;;;;;8.3;1;160;1;1416;9;443;9;0;1
75114001;PARIS-MONTSOURIS;48.821667;2.337833;75;20260202;3.6;1;2.9;1;735;9;10.4;1;1225;9;7.2;1;6.7;1;7.5;1;-1.2;9;1.3;9;0;9;2.6;1;;;5.0;1;120;1;1436;9;9.5;1;130;1;1428;9;;;;;;;9.0;1;130;1;1428;9;305;9;0;1
75114001;PARIS-MONTSOURIS;48.821667;2.337833;75;20260203;6.1;1;7.9;1;212;9;9.9;1;1256;9;8.5;1;8.9;1;2.0;1;6.8;9;7.2;9;0;9;3.3;1;;;5.9;1;220;1;1341;9;11.9;1;210;1;1348;9;;;;;;;10.9;1;210;1;1349;9;451;9;0;1
75114001;PARIS-MONTSOURIS;48.821667;2.337833;75;20260204;1.6;1;3.7;1;734;9;12.7;1;1324;9;8.0;1;8.2;1;9.0;1;0.1;9;2.3;9;0;9;3.4;1;;;6.6;1;140;1;1349;9;13.2;1;150;9;2051;9;;;;;;;11.1;1;150;1;2051;9;264;9;0;1
75114001;PARIS-MONTSOURIS;48.821667;2.337833;75;20260205;3.2;1;8.0;1;2342;9;12.0;1;1407;9;9.6;1;10.0;1;4.0;1;6.4;9;6.7;9;0;9;3.7;1;;;4.9;1;170;1;327;9;10.1;1;190;9;2314;9;;;;;;;8.9;1;190;1;2314;9;668;9;0;1
75114001;PARIS-MONTSOURIS;48.821667;2.337833;75;20260206;0.6;1;9.3;1;59;9;13.5;1;1220;9;10.2;1;11.4;1;4.2;1;7.8;9;8.5;9;0;9;3.4;1;;;6.3;1;230;1;1411;9;12.5;1;240;1;1331;9;;;;;;;11.3;1;240;1;1331;9;58;9;0;1
75114001;PARIS-MONTSOURIS;48.821667;2.337833;75;20260207;0.4;1;6.4;1;450;9;13.0;1;1241;9;9.1;1;9.7;1;6.6;1;3.8;9;5.6;9;0;9;3.1;1;;;5.9;1;190;1;938;9;12.2;1;210;1;1240;9;;;;;;;10.9;1;210;1;1240;9;36;9;0;1
75114001;PARIS-MONTSOURIS;48.821667;2.337833;75;20260208;0.0;1;4.9;1;754;9;14.1;1;1318;9;9.1;1;9.5;1;9.2;1;1.5;9;3.7;9;0;9;1.7;1;;;3.4;1;140;9;2355;9;6.5;1;90;1;1332;9;;;;;;;5.7;1;90;1;1332;9;0;9;0;1
75114001;PARIS-MONTSOURIS;48.821667;2.337833;75;20260209;7.9;1;4.6;1;304;9;10.5;1;1528;9;7.4;1;7.6;1;5.9;1;3.1;9;4.2;9;0;9;3.6;1;;;5.8;1;160;9;2019;9;11.3;1;190;9;2107;9;;;;;;;10.3;1;190;1;2132;9;438;9;0;1
75114001;PARIS-MONTSOURIS;48.821667;2.337833;75;20260210;13.5;1;8.7;1;2300;9;12.5;1;1949;9;10.8;1;10.6;1;3.8;1;7.8;9;7.8;9;0;9;3.4;1;;;6.8;1;280;9;2045;9;13.9;1;280;9;2028;9;;;;;;;12.6;1;280;1;2028;9;591;9;0;1
75114001;PARIS-MONTSOURIS;48.821667;2.337833;75;20260211;15.9;1;10.7;1;2332;9;14.6;1;1250;9;11.6;1;12.7;1;3.9;1;9.6;9;9.8;9;0;9;5.0;1;;;8.7;1;220;9;2214;9;17.4;1;230;9;2210;9;;;;;;;15.4;1;230;1;2210;9;576;9;0;1
75114001;PARIS-MONTSOURIS;48.821667;2.337833;75;20260212;0.6;1;9.5;1;457;9;12.8;1;1316;9;10.2;1;11.2;1;3.3;1;8.5;9;8.7;9;0;9;4.8;1;;;9.5;1;330;1;422;9;19.1;1;320;1;422;9;;;;;;;17.5;1;320;1;413;9;101;9;0;1
75114001;PARIS-MONTSOURIS;48.821667;2.337833;75;20260213;14.3;1;7.3;1;215;9;9.5;1;1144;9;8.4;1;8.4;1;2.2;1;4.5;9;6.2;9;0;9;2.9;1;;;5.1;1;40;9;2341;9;10.9;1;10;9;2333;9;;;;;;;10.1;1;10;1;2332;9;957;9;0;1
75114001;PARIS-MONTSOURIS;48.821667;2.337833;75;20260214;0.0;1;1.4;1;846;9;3.5;1;1553;9;2.8;1;2.5;1;2.1;1;-1.4;9;1.0;9;0;9;5.1;1;;;9.8;1;20;1;844;9;17.0;1;40;1;838;9;;;;;;;15.8;1;40;1;837;9;0;9;0;1
75114001;PARIS-MONTSOURIS;48.821667;2.337833;75;20260215;4.0;1;-0.7;1;406;9;9.9;1;2112;9;3.5;1;4.6;1;10.6;1;-3.3;9;-1.6;9;405;9;4.1;1;;;7.7;1;180;1;1309;9;16.2;1;280;9;2224;9;;;;;;;14.9;1;280;1;2224;9;476;9;0;1
75114001;PARIS-MONTSOURIS;48.821667;2.337833;75;20260216;3.4;1;7.2;1;1801;9;11.4;1;1214;9;8.3;1;9.3;1;4.2;1;4.6;9;5.9;9;0;9;4.9;1;;;8.3;1;280;1;1537;9;18.6;1;300;1;1537;9;;;;;;;15.8;1;300;1;1537;9;194;9;0;1
75114001;PARIS-MONTSOURIS;48.821667;2.337833;75;20260217;11.3;1;5.7;1;1759;9;8.6;1;1255;9;6.7;1;7.2;1;2.9;1;0.5;9;4.2;9;0;9;3.2;1;;;7.1;1;330;1;1111;9;14.7;1;300;1;1102;9;;;;;;;12.8;1;310;1;1013;9;299;9;0;1
75114001;PARIS-MONTSOURIS;48.821667;2.337833;75;20260218;11.5;1;3.4;1;608;9;9.8;1;1948;9;6.1;1;6.6;1;6.4;1;-0.1;9;2.7;9;0;9;3.5;1;;;6.0;1;100;1;620;9;11.7;1;110;1;621;9;;;;;;;10.4;1;110;1;620;9;844;9;0;1
75114001;PARIS-MONTSOURIS;48.821667;2.337833;75;20260219;3.2;1;7.7;1;1119;9;10.1;1;1506;9;8.5;1;8.9;1;2.4;1;6.2;9;7.0;9;0;9;3.8;1;;;7.5;1;330;1;1633;9;14.7;1;330;1;1808;9;;;;;;;13.4;1;330;1;1810;9;452;9;0;1
75114001;PARIS-MONTSOURIS;48.821667;2.337833;75;20260220;0.0;1;6.0;1;649;9;11.9;1;1406;9;9.1;1;9.0;1;5.9;1;4.3;9;5.3;9;0;9;3.5;1;;;6.9;1;220;1;1957;9;14.2;1;200;1;1940;9;;;;;;;12.0;1;200;1;1943;9;43;9;0;1
75114001;PARIS-MONTSOURIS;48.821667;2.337833;75;20260221;0.0;1;10.1;1;26;9;16.2;1;1424;9;12.8;1;13.2;1;6.1;1;8.1;9;8.8;9;0;9;3.7;1;;;5.8;1;270;1;1013;9;12.6;1;240;1;428;9;;;;;;;11.6;1;300;1;1010;9;34;9;0;1
75114001;PARIS-MONTSOURIS;48.821667;2.337833;75;20260222;1.4;1;11.6;1;1745;9;14.2;1;1402;9;12.4;1;12.9;1;2.6;1;10.6;9;10.6;9;0;9;3.8;1;;;6.8;1;250;1;1437;9;13.9;1;250;1;1349;9;;;;;;;12.7;1;250;1;1349;9;175;9;0;1
75114001;PARIS-MONTSOURIS;48.821667;2.337833;75;20260223;0.0;1;9.7;1;649;9;15.8;1;1319;9;12.9;1;12.8;1;6.1;1;7.2;9;8.6;9;0;9;3.3;1;;;5.9;1;270;1;1320;9;13.2;1;300;1;1327;9;;;;;;;12.0;1;300;1;1327;9;0;9;0;1
75114001;PARIS-MONTSOURIS;48.821667;2.337833;75;20260224;0.4;1;12.4;1;644;9;15.5;1;1452;9;12.9;1;14.0;1;3.1;1;9.6;9;11.6;9;0;9;2.5;1;;;4.3;1;190;1;1148;9;7.7;1;250;1;149;9;;;;;;;7.1;1;250;1;150;9;26;9;0;1
75114001;PARIS-MONTSOURIS;48.821667;2.337833;75;20260225;0.0;1;7.7;1;710;9;20.4;1;1459;9;13.5;1;14.1;1;12.7;1;3.5;9;6.1;9;0;9;2.2;1;;;3.5;1;160;1;1521;9;6.9;1;200;1;1423;9;;;;;;;6.2;1;200;1;1423;9;0;9;0;1
75114001;PARIS-MONTSOURIS;48.821667;2.337833;75;20260226;0.2;1;8.9;1;702;9;18.8;1;1326;9;13.4;1;13.9;1;9.9;1;5.0;9;7.9;9;0;9;3.0;1;;;5.5;1;220;1;1612;9;10.1;1;230;1;1345;9;;;;;;;9.7;1;230;1;1345;9;0;9;0;1
75114001;PARIS-MONTSOURIS;48.821667;2.337833;75;20260227;3.8;1;9.0;1;202;9;15.5;1;1304;9;11.7;1;12.3;1;6.5;1;4.5;9;7.9;9;0;9;3.8;1;;;6.9;1;220;9;2343;9;13.2;1;210;9;2026;9;;;;;;;11.7;1;230;1;2339;9;378;9;0;1
75114001;PARIS-MONTSOURIS;48.821667;2.337833;75;20260228;0.0;1;9.3;1;752;9;13.6;1;1457;9;10.4;1;11.5;1;4.3;1;6.6;9;9.0;9;0;9;4.0;1;;;7.5;1;260;1;1115;9;14.1;1;280;1;1024;9;;;;;;;13.1;1;250;1;1111;9;0;9;0;1
75114001;PARIS-MONTSOURIS;48.821667;2.337833;75;20260301;0.0;1;4.6;1;628;9;13.6;1;1424;9;8.8;1;9.1;1;9.0;1;1.0;9;3.6;9;0;9;2.8;1;;;5.9;1;210;1;1125;9;12.2;1;220;1;1226;9;;;;;;;10.7;1;230;1;1124;9;0;9;0;1
75114001;PARIS-MONTSOURIS;48.821667;2.337833;75;20260302;0.0;1;6.5;1;642;9;18.1;1;1350;9;11.8;1;12.3;1;11.6;1;2.9;9;5.6;9;0;9;2.6;1;;;4.6;1;170;1;1403;9;9.6;1;150;1;1421;9;;;;;;;8.6;1;150;1;1421;9;0;9;0;1
75114001;PARIS-MONTSOURIS;48.821667;2.337833;75;20260303;0.0;1;7.1;1;640;9;19.0;1;1326;9;12.8;1;13.1;1;11.9;1;2.4;9;5.5;9;0;9;1.8;1;;;3.4;1;140;1;1513;9;7.4;1;120;1;1543;9;;;;;;;6.4;1;120;1;1543;9;0;9;0;1
75114001;PARIS-MONTSOURIS;48.821667;2.337833;75;20260304;0.0;1;8.4;1;602;9;19.3;1;1336;9;13.2;1;13.9;1;10.9;1;3.1;9;6.5;9;0;9;2.6;1;;;6.5;1;140;1;1215;9;11.1;1;140;1;1207;9;;;;;;;10.3;1;140;1;1210;9;0;9;0;1
75114001;PARIS-MONTSOURIS;48.821667;2.337833;75;20260305;0.0;1;7.0;1;636;9;18.7;1;1331;9;12.9;1;12.9;1;11.7;1;2.6;9;5.5;9;0;9;1.8;1;;;4.0;1;170;1;832;9;7.6;1;160;1;826;9;;;;;;;6.9;1;160;1;826;9;0;9;0;1
75114001;PARIS-MONTSOURIS;48.821667;2.337833;75;20260306;0.0;1;10.3;1;328;9;18.4;1;1452;9;13.9;1;14.4;1;8.1;1;6.4;9;8.7;9;0;9;1.6;1;;;3.1;1;160;1;913;9;5.5;1;160;1;911;9;;;;;;;5.3;1;160;1;911;9;0;9;0;1
75114001;PARIS-MONTSOURIS;48.821667;2.337833;75;20260307;0.2;1;10.8;1;619;9;18.4;1;1411;9;13.3;1;14.6;1;7.6;1;7.6;9;9.7;9;0;9;2.2;1;;;4.6;1;30;1;1813;9;7.1;1;30;1;1808;9;;;;;;;6.9;1;20;1;1953;9;0;9;0;1
75114001;PARIS-MONTSOURIS;48.821667;2.337833;75;20260308;0.0;1;8.2;1;646;9;17.9;1;1513;9;12.2;1;13.1;1;9.7;1;4.5;9;7.0;9;0;9;1.3;1;;;3.0;1;170;1;1622;9;4.9;1;140;1;1500;9;;;;;;;4.6;1;190;1;1610;9;0;9;0;1
75114001;PARIS-MONTSOURIS;48.821667;2.337833;75;20260309;2.6;1;7.5;1;637;9;18.8;1;1305;9;13.3;1;13.2;1;11.3;1;3.5;9;6.6;9;0;9;2.1;1;;;4.7;1;260;9;2239;9;8.4;1;180;1;1234;9;;;;;;;7.8;1;180;1;1257;9;188;9;0;1
75114001;PARIS-MONTSOURIS;48.821667;2.337833;75;20260310;0.8;1;10.4;1;608;9;17.3;1;1204;9;13.0;1;13.9;1;6.9;1;8.0;9;9.3;9;0;9;2.5;1;;;5.3;1;260;1;1720;9;10.2;1;210;1;1238;9;;;;;;;9.3;1;210;1;1510;9;94;9;0;1
75114001;PARIS-MONTSOURIS;48.821667;2.337833;75;20260311;8.1;1;9.7;1;715;9;14.1;1;1454;9;10.7;1;11.9;1;4.4;1;9.0;9;9.0;9;0;9;4.1;1;;;7.4;1;210;1;739;9;15.9;1;210;1;736;9;;;;;;;13.2;1;330;1;1527;9;325;9;0;1
75114001;PARIS-MONTSOURIS;48.821667;2.337833;75;20260312;0.0;1;4.4;1;622;9;13.5;1;1104;9;9.4;1;9.0;1;9.1;1;1.0;9;3.6;9;0;9;3.8;1;;;7.0;1;230;1;1150;9;14.0;1;200;1;1148;9;;;;;;;12.3;1;200;1;1142;9;0;9;0;1
75114001;PARIS-MONTSOURIS;48.821667;2.337833;75;20260313;21.4;1;6.4;1;1739;9;12.0;1;1002;9;8.6;1;9.2;1;5.6;1;5.4;9;5.4;9;0;9;4.6;1;;;9.0;1;220;1;521;9;17.1;1;200;1;933;9;;;;;;;15.1;1;220;1;423;9;841;9;0;1
75114001;PARIS-MONTSOURIS;48.821667;2.337833;75;20260314;0.4;1;2.6;1;38;9;10.4;1;1545;9;6.3;1;6.5;1;7.8;1;1.2;9;2.0;9;0;9;3.2;1;;;6.7;1;300;1;1;9;12.5;1;20;9;2122;9;;;;;;;10.7;1;310;1;10;9;19;9;0;1
75114001;PARIS-MONTSOURIS;48.821667;2.337833;75;20260315;0.0;1;2.8;1;512;9;13.2;1;1405;9;8.2;1;8.0;1;10.4;1;-1.9;9;1.2;9;0;9;2.6;1;;;5.8;1;230;9;2221;9;14.4;1;220;9;2215;9;;;;;;;12.8;1;220;1;2215;9;4;9;0;1
75114001;PARIS-MONTSOURIS;48.821667;2.337833;75;20260316;0.0;1;7.9;1;425;9;13.2;1;1229;9;10.3;1;10.6;1;5.3;1;5.2;9;6.8;9;0;9;3.2;1;;;5.1;1;260;1;54;9;11.1;1;290;1;940;9;;;;;;;9.5;1;300;1;1357;9;0;9;0;1
75114001;PARIS-MONTSOURIS;48.821667;2.337833;75;20260317;0.0;1;5.2;1;557;9;17.6;1;1356;9;11.6;1;11.4;1;12.4;1;1.7;9;4.4;9;0;9;2.8;1;;;5.1;1;180;1;1117;9;9.6;1;140;1;1322;9;;;;;;;8.7;1;150;1;1213;9;0;9;0;1
75114001;PARIS-MONTSOURIS;48.821667;2.337833;75;20260318;0.0;1;8.5;1;502;9;16.8;1;1351;9;12.2;1;12.7;1;8.3;1;5.4;9;7.5;9;0;9;4.1;1;;;7.0;1;90;1;1145;9;14.9;1;60;1;1552;9;;;;;;;13.2;1;80;1;1332;9;0;9;0;1
75114001;PARIS-MONTSOURIS;48.821667;2.337833;75;20260319;0.0;1;7.2;1;607;9;17.7;1;1400;9;12.1;1;12.5;1;10.5;1;3.3;9;5.8;9;0;9;3.3;1;;;5.3;1;60;1;1652;9;10.8;1;100;1;1517;9;;;;;;;9.3;1;50;1;1648;9;0;9;0;1
75114001;PARIS-MONTSOURIS;48.821667;2.337833;75;20260320;0.0;1;6.6;1;526;9;18.2;1;1319;9;12.1;1;12.4;1;11.6;1;1.9;9;5.4;9;0;9;2.6;1;;;4.5;1;80;1;1251;9;9.6;1;50;1;1325;9;;;;;;;8.4;1;50;1;1333;9;0;9;0;1
75114001;PARIS-MONTSOURIS;48.821667;2.337833;75;20260321;0.0;1;7.1;1;600;9;17.7;1;1306;9;11.9;1;12.4;1;10.6;1;3.4;9;5.8;9;0;9;3.1;1;;;5.5;1;10;1;1859;9;9.2;1;20;1;1853;9;;;;;;;8.4;1;20;1;1853;9;0;9;0;1
75114001;PARIS-MONTSOURIS;48.821667;2.337833;75;20260322;0.0;1;6.2;1;543;9;16.2;1;1401;9;11.0;1;11.2;1;10.0;1;2.7;9;5.1;9;0;9;3.2;1;;;5.0;1;40;1;1223;9;10.2;1;20;1;1223;9;;;;;;;9.5;1;20;1;1223;9;0;9;0;1
75114001;PARIS-MONTSOURIS;48.821667;2.337833;75;20260323;0.0;1;6.8;1;442;9;17.0;1;1309;9;11.6;1;11.9;1;10.2;1;3.0;9;5.5;9;0;9;2.3;1;;;4.2;1;340;1;556;9;7.9;1;30;1;1349;9;;;;;;;6.8;1;320;1;549;9;0;9;0;1
75114001;PARIS-MONTSOURIS;48.821667;2.337833;75;20260324;0.2;1;7.3;1;601;9;18.6;1;1310;9;13.2;1;13.0;1;11.3;1;3.6;9;6.2;9;0;9;3.3;1;;;7.9;1;230;9;2227;9;16.3;1;210;9;2229;9;;;;;;;13.8;1;210;1;2226;9;59;9;0;1
75114001;PARIS-MONTSOURIS;48.821667;2.337833;75;20260325;2.0;1;6.4;1;1309;9;10.0;1;1151;9;7.8;1;8.2;1;3.6;1;5.4;9;5.3;9;0;9;5.4;1;;;10.3;1;340;1;1842;9;22.8;1;350;1;1833;9;;;;;;;21.5;1;350;1;1833;9;139;9;0;1
75114001;PARIS-MONTSOURIS;48.821667;2.337833;75;20260326;0.4;1;4.3;1;1853;9;10.8;1;1520;9;6.7;1;7.6;1;6.5;1;2.3;9;3.1;9;0;9;3.8;1;;;6.8;1;360;1;1739;9;13.9;1;340;1;1659;9;;;;;;;12.0;1;330;1;1736;9;33;9;0;1
75114001;PARIS-MONTSOURIS;48.821667;2.337833;75;20260327;9.1;1;2.0;1;254;9;11.6;1;1256;9;7.7;1;6.8;1;9.6;1;-1.7;9;0.9;9;0;9;2.1;1;;;4.7;1;160;1;1217;9;8.3;1;210;1;1219;9;;;;;;;7.7;1;210;1;1219;9;513;9;0;1
75114001;PARIS-MONTSOURIS;48.821667;2.337833;75;20260328;0.0;1;7.0;1;633;9;11.8;1;1356;9;8.6;1;9.4;1;4.8;1;6.5;9;6.7;9;0;9;4.3;1;;;7.6;1;330;1;1555;9;15.3;1;340;1;1140;9;;;;;;;14.2;1;340;1;1140;9;3;9;0;1
75114001;PARIS-MONTSOURIS;48.821667;2.337833;75;20260329;0.2;1;4.4;1;534;9;12.1;1;1254;9;8.6;1;8.3;1;7.7;1;1.0;9;3.1;9;0;9;3.4;1;;;6.4;1;260;9;2339;9;12.8;1;250;9;2105;9;;;;;;;11.2;1;250;1;2110;9;43;9;0;1
75114001;PARIS-MONTSOURIS;48.821667;2.337833;75;20260330;0.0;1;8.6;1;409;9;14.0;1;1343;9;10.6;1;11.3;1;5.4;1;6.5;9;7.4;9;0;9;4.8;1;;;8.3;1;330;1;1351;9;16.3;1;330;1;1434;9;;;;;;;14.8;1;320;1;1750;9;0;9;0;1
75114001;PARIS-MONTSOURIS;48.821667;2.337833;75;20260331;0.2;1;7.5;1;514;9;11.3;1;1315;9;9.5;1;9.4;1;3.8;1;5.2;9;6.5;9;0;9;2.3;1;;;4.7;1;360;1;1427;9;7.9;1;330;1;1309;9;;;;;;;7.6;1;330;1;1310;9;151;9;0;1
75114001;PARIS-MONTSOURIS;48.821667;2.337833;75;20260401;3.2;1;9.4;1;2228;9;10.8;1;754;9;10.1;1;10.1;1;1.4;1;8.2;9;8.7;9;0;9;1.5;1;;;3.2;1;340;1;29;9;6.5;1;360;1;20;9;;;;;;;5.6;1;360;1;21;9;332;9;0;1
75114001;PARIS-MONTSOURIS;48.821667;2.337833;75;20260402;0.0;1;7.6;1;230;9;14.2;1;1527;9;10.2;1;10.9;1;6.6;1;6.9;9;7.2;9;0;9;2.4;1;;;5.3;1;350;1;1744;9;10.4;1;330;1;1744;9;;;;;;;9.5;1;330;1;1736;9;0;9;0;1
75114001;PARIS-MONTSOURIS;48.821667;2.337833;75;20260403;1.8;1;4.1;1;422;9;13.3;1;1232;9;9.7;1;8.7;1;9.2;1;0.1;9;2.6;9;0;9;3.1;1;;;5.9;1;220;1;1203;9;12.0;1;230;1;1215;9;;;;;;;11.1;1;210;1;1157;9;300;9;0;1
75114001;PARIS-MONTSOURIS;48.821667;2.337833;75;20260404;0.0;1;11.5;1;1801;9;18.9;1;1623;9;14.3;1;15.2;1;7.4;1;11.0;9;11.1;9;0;9;3.4;1;;;5.6;1;220;1;1131;9;11.9;1;230;1;1441;9;;;;;;;10.9;1;230;1;1441;9;0;9;0;1
75114001;PARIS-MONTSOURIS;48.821667;2.337833;75;20260405;0.2;1;10.9;1;924;9;16.9;1;1353;9;12.7;1;13.9;1;6.0;1;8.8;9;10.2;9;0;9;3.5;1;;;5.7;1;290;1;313;9;14.2;1;280;1;313;9;;;;;;;12.5;1;280;1;251;9;37;9;0;1
75114001;PARIS-MONTSOURIS;48.821667;2.337833;75;20260406;0.2;1;6.0;1;501;9;19.4;1;1508;9;12.7;1;12.7;1;13.4;1;1.4;9;4.6;9;0;9;1.9;1;;;3.5;1;140;1;1742;9;7.0;1;100;1;1614;9;;;;;;;6.5;1;100;1;1614;9;0;9;0;1
75114001;PARIS-MONTSOURIS;48.821667;2.337833;75;20260407;0.0;1;8.0;1;509;9;25.0;1;1348;9;16.6;1;16.5;1;17.0;1;3.7;9;6.8;9;0;9;2.3;1;;;4.4;1;100;1;1326;9;8.9;1;140;1;1351;9;;;;;;;7.9;1;80;1;1815;9;0;9;0;1
75114001;PARIS-MONTSOURIS;48.821667;2.337833;75;20260408;0.0;1;10.7;1;507;9;26.6;1;1425;9;18.5;1;18.7;1;15.9;1;5.1;9;9.1;9;0;9;1.6;1;;;3.0;1;90;1;1527;9;6.5;1;40;1;1232;9;;;;;;;5.6;1;40;1;1232;9;0;9;0;0
75114001;PARIS-MONTSOURIS;48.821667;2.337833;75;20260409;0.0;1;11.3;1;531;9;27.0;1;1303;9;18.6;1;19.2;1;15.7;1;6.5;9;9.6;9;0;9;2.9;1;;;7.9;1;320;9;2120;9;14.9;1;300;1;1843;9;;;;;;;13.0;1;320;9;2115;9;0;9;0;0
75114001;PARIS-MONTSOURIS;48.821667;2.337833;75;20260410;0.0;1;8.8;1;518;9;17.4;1;1349;9;12.7;1;13.1;1;8.6;1;6.9;9;8.2;9;0;9;2.8;1;;;6.7;1;340;1;222;9;12.1;1;330;1;7;9;;;;;;;11.1;1;340;1;123;9;0;9;0;0
75114001;PARIS-MONTSOURIS;48.821667;2.337833;75;20260411;0.8;1;8.4;1;1646;9;15.9;1;1000;9;11.0;1;12.2;1;7.5;1;7.8;9;7.6;9;0;9;3.1;1;;;6.4;1;300;1;1433;9;13.9;1;330;1;1347;9;;;;;;;12.6;1;330;1;1347;9;;;0;0
75114001;PARIS-MONTSOURIS;48.821667;2.337833;75;20260412;0.0;1;4.9;1;514;9;14.5;1;1543;9;9.9;1;9.7;1;9.6;1;1.3;9;4.3;9;0;9;2.0;1;;;3.9;1;220;1;1341;9;8.3;1;210;1;1338;9;;;;;;;7.7;1;210;1;1338;9;0;9;0;0
75114001;PARIS-MONTSOURIS;48.821667;2.337833;75;20260413;0.2;1;7.7;1;347;9;15.4;1;1050;9;10.4;1;11.6;1;7.7;1;4.1;9;6.9;9;0;9;1.9;1;;;6.1;1;300;1;1511;9;13.6;1;290;1;1502;9;;;;;;;11.9;1;290;1;1510;9;;;0;0
75114001;PARIS-MONTSOURIS;48.821667;2.337833;75;20260414;0.0;1;5.2;1;500;9;18.3;1;1431;9;12.0;1;11.8;1;13.1;1;0.5;9;3.8;9;0;9;1.9;1;;;3.8;1;180;1;1356;9;8.2;1;240;1;1118;9;;;;;;;7.5;1;240;1;1118;9;0;9;0;0
75114001;PARIS-MONTSOURIS;48.821667;2.337833;75;20260415;0.0;1;7.7;1;455;9;19.5;1;1557;9;14.4;1;13.6;1;11.8;1;3.6;9;6.8;9;0;9;3.0;1;;;5.6;1;220;1;1234;9;11.4;1;200;1;1229;9;;;;;;;9.5;1;200;1;1229;9;0;9;0;0
75114001;PARIS-MONTSOURIS;48.821667;2.337833;75;20260416;0.0;1;9.7;1;518;9;20.2;1;1554;9;14.4;1;15.0;1;10.5;1;5.6;9;8.7;9;0;9;1.9;1;;;3.9;1;250;1;1130;9;7.2;1;240;1;1206;9;;;;;;;6.6;1;240;1;1210;9;0;9;0;0
75114001;PARIS-MONTSOURIS;48.821667;2.337833;75;20260417;0.0;1;8.6;1;551;9;21.6;1;1242;9;15.8;1;15.1;1;13.0;1;4.5;9;7.7;9;0;9;1.5;1;;;2.8;1;130;1;1251;9;5.5;1;320;1;1309;9;;;;;;;5.1;1;320;1;1310;9;0;9;0;0
75114001;PARIS-MONTSOURIS;48.821667;2.337833;75;20260418;0.0;1;11.8;1;534;9;22.1;1;1253;9;15.7;1;17.0;1;10.3;1;7.8;9;10.8;9;0;9;3.2;1;;;6.2;1;340;1;1652;9;12.9;1;320;1;1849;9;;;;;;;11.2;1;320;1;1848;9;0;9;0;0
75114001;PARIS-MONTSOURIS;48.821667;2.337833;75;20260419;0.0;1;7.9;1;502;9;18.8;1;1532;9;12.9;1;13.4;1;10.9;1;4.3;9;6.8;9;0;9;3.0;1;;;5.0;1;40;9;2136;9;11.7;1;30;9;2040;9;;;;;;;10.1;1;30;9;2154;9;0;9;0;1
75114001;PARIS-MONTSOURIS;48.821667;2.337833;75;20260420;0.0;1;7.4;1;544;9;16.9;1;1313;9;12.0;1;12.2;1;9.5;1;5.0;9;6.6;9;0;9;4.0;1;;;5.9;1;50;1;1232;9;12.0;1;40;1;1436;9;;;;;;;10.6;1;40;1;1437;9;0;9;0;1
75114001;PARIS-MONTSOURIS;48.821667;2.337833;75;20260421;0.0;1;6.2;1;452;9;17.1;1;1228;9;11.9;1;11.7;1;10.9;1;2.9;9;5.2;9;0;9;4.2;1;;;7.8;1;80;1;1056;9;14.7;1;70;1;1055;9;;;;;;;13.6;1;60;1;1636;9;0;9;0;0
75114001;PARIS-MONTSOURIS;48.821667;2.337833;75;20260422;0.0;1;7.9;1;512;9;19.8;1;1502;9;13.9;1;13.9;1;11.9;1;4.9;9;7.0;9;0;9;4.7;1;;;7.2;1;90;1;943;9;15.8;1;80;1;1052;9;;;;;;;14.7;1;80;1;1032;9;0;9;0;0
75114001;PARIS-MONTSOURIS;48.821667;2.337833;75;20260423;0.0;1;8.4;1;436;9;23.9;1;1334;9;16.4;1;16.2;1;15.5;1;3.1;9;7.1;9;0;9;3.8;1;;;5.9;1;60;1;1450;9;13.2;1;140;1;1354;9;;;;;;;11.8;1;140;1;1354;9;0;9;0;0
75114001;PARIS-MONTSOURIS;48.821667;2.337833;75;20260424;0.0;1;9.2;1;456;9;24.2;1;1441;9;16.7;1;16.7;1;15.0;1;4.2;9;7.6;9;0;9;2.8;1;;;4.8;1;40;1;1226;9;11.7;1;70;1;1518;9;;;;;;;10.2;1;70;1;1518;9;0;9;0;0
75114001;PARIS-MONTSOURIS;48.821667;2.337833;75;20260425;0.0;1;8.7;1;447;9;24.6;1;1526;9;16.5;1;16.7;1;15.9;1;4.6;9;7.5;9;0;9;2.4;1;;;5.2;1;30;1;1749;9;9.7;1;50;1;1810;9;;;;;;;8.5;1;40;1;1754;9;0;9;0;0
75114001;PARIS-MONTSOURIS;48.821667;2.337833;75;20260426;0.0;1;8.9;1;510;9;23.8;1;1455;9;16.8;1;16.4;1;14.9;1;3.7;9;8.2;9;0;9;2.3;1;;;4.2;1;70;9;2011;9;7.7;1;80;9;2004;9;;;;;;;7.4;1;80;9;2010;9;0;9;0;0
75114001;PARIS-MONTSOURIS;48.821667;2.337833;75;20260427;0.0;1;10.1;1;448;9;22.2;1;1427;9;16.4;1;16.2;1;12.1;1;5.7;9;9.2;9;0;9;2.7;1;;;5.2;1;20;1;1830;9;9.3;1;30;1;1825;9;;;;;;;8.7;1;30;1;1825;9;0;9;0;0
75114001;PARIS-MONTSOURIS;48.821667;2.337833;75;20260428;0.0;1;11.3;1;312;9;22.2;1;1505;9;16.5;1;16.8;1;10.9;1;8.5;9;10.2;9;0;9;3.9;1;;;6.2;1;30;1;722;9;12.0;1;40;1;1400;9;;;;;;;10.8;1;40;1;1559;9;0;9;0;0
75114001;PARIS-MONTSOURIS;48.821667;2.337833;75;20260429;0.0;1;13.4;1;516;9;24.9;1;1412;9;18.3;1;19.2;1;11.5;1;11.0;9;12.8;9;0;9;4.9;1;;;8.5;1;90;1;1554;9;15.8;1;100;1;1737;9;;;;;;;14.4;1;100;1;1737;9;0;9;0;0
75114001;PARIS-MONTSOURIS;48.821667;2.337833;75;20260430;0.0;1;11.8;1;326;9;24.6;1;1435;9;18.0;1;18.2;1;12.8;1;7.7;9;10.0;9;0;9;3.8;1;;;5.8;1;90;1;1251;9;11.8;1;100;1;128;9;;;;;;;11.0;1;100;1;128;9;;;0;1
75114001;PARIS-MONTSOURIS;48.821667;2.337833;75;20260501;3.7;1;11.6;1;435;9;25.6;1;1536;9;17.9;1;18.6;1;14.0;1;7.7;9;10.7;9;0;9;1.9;1;;;5.3;1;220;1;1630;9;13.8;1;190;1;1626;9;;;;;;;12.5;1;190;1;1626;9;55;9;0;0
75114001;PARIS-MONTSOURIS;48.821667;2.337833;75;20260502;4.2;1;13.7;1;452;9;26.0;1;1358;9;19.5;1;19.9;1;12.3;1;10.8;9;12.9;9;0;9;2.4;1;;;5.6;1;250;1;1657;9;12.9;1;150;1;1237;9;;;;;;;11.2;1;150;1;1237;9;197;9;0;0
75114001;PARIS-MONTSOURIS;48.821667;2.337833;75;20260503;0.6;1;13.7;1;454;9;21.2;1;1504;9;16.6;1;17.5;1;7.5;1;13.1;9;13.1;9;0;9;2.5;1;;;4.9;1;200;1;1528;9;9.5;1;210;1;1510;9;;;;;;;8.7;1;210;1;1528;9;160;9;0;0
75114001;PARIS-MONTSOURIS;48.821667;2.337833;75;20260504;9.7;1;13.8;1;24;9;17.1;1;1244;9;15.1;1;15.5;1;3.3;1;11.6;9;13.3;9;0;9;1.4;1;;;3.6;1;20;9;2316;9;7.3;1;20;9;2258;9;;;;;;;6.4;1;20;1;2257;9;514;9;0;1
75114001;PARIS-MONTSOURIS;48.821667;2.337833;75;20260505;13.7;1;12.5;1;1743;9;15.0;1;1209;9;13.1;1;13.8;1;2.5;1;12.3;9;12.3;9;0;9;3.7;1;;;6.1;1;30;1;1110;9;10.3;1;30;1;1110;9;;;;;;;9.3;1;30;1;1110;9;1057;9;0;1
75114001;PARIS-MONTSOURIS;48.821667;2.337833;75;20260506;0.0;1;9.4;1;635;9;15.3;1;1217;9;11.9;1;12.4;1;5.9;1;9.2;9;9.1;9;0;9;3.7;1;;;5.7;1;360;1;1042;9;11.5;1;20;1;1220;9;;;;;;;10.4;1;20;1;1220;9;0;9;0;1
75114001;PARIS-MONTSOURIS;48.821667;2.337833;75;20260507;0.0;1;10.3;1;348;9;18.4;1;1232;9;13.3;1;14.4;1;8.1;1;9.5;9;10.1;9;0;9;1.8;1;;;3.4;1;330;1;45;9;6.2;1;320;1;38;9;;;;;;;5.5;1;60;1;1111;9;0;9;0;1
75114001;PARIS-MONTSOURIS;48.821667;2.337833;75;20260508;0.0;1;8.4;1;443;9;21.4;1;1624;9;15.5;1;14.9;1;13.0;1;4.5;9;7.0;9;0;9;1.8;1;;;4.0;1;80;1;1827;9;7.5;1;40;1;1955;9;;;;;;;7.0;1;40;1;1910;9;0;9;0;1
75114001;PARIS-MONTSOURIS;48.821667;2.337833;75;20260509;0.0;1;11.1;1;421;9;25.2;1;1223;9;18.5;1;18.2;1;14.1;1;7.4;9;10.4;9;0;9;2.6;1;;;4.5;1;90;1;1125;9;10.1;1;40;1;1343;9;;;;;;;9.1;1;80;1;2213;9;0;9;0;1
75114001;PARIS-MONTSOURIS;48.821667;2.337833;75;20260510;49.4;1;12.4;1;644;9;18.2;1;1028;9;14.4;1;15.3;1;5.8;1;11.0;9;11.3;9;0;9;2.9;1;;;6.2;1;30;1;1643;9;10.4;1;50;1;1638;9;;;;;;;9.3;1;50;1;1637;9;915;9;0;1
75114001;PARIS-MONTSOURIS;48.821667;2.337833;75;20260511;2.8;1;9.2;1;742;9;14.8;1;1403;9;10.9;1;12.0;1;5.6;1;9.2;9;9.0;9;0;9;3.9;1;;;6.7;1;20;1;1920;9;12.1;1;320;1;1208;9;;;;;;;11.1;1;320;1;1210;9;272;9;0;1
75114001;PARIS-MONTSOURIS;48.821667;2.337833;75;20260512;0.0;1;5.2;1;415;9;16.3;1;1633;9;11.8;1;10.8;1;11.1;1;0.9;9;3.8;9;0;9;2.1;1;;;4.1;1;260;1;1504;9;8.7;1;310;9;2128;9;;;;;;;8.0;1;290;1;2244;9;0;9;0;1
75114001;PARIS-MONTSOURIS;48.821667;2.337833;75;20260513;8.3;1;9.6;1;1645;9;14.5;1;859;9;11.2;1;12.1;1;4.9;1;8.3;9;8.2;9;0;9;4.1;1;;;7.9;1;270;1;1342;9;20.8;1;300;1;1334;9;;;;;;;17.0;1;300;1;1334;9;219;9;0;1
75114001;PARIS-MONTSOURIS;48.821667;2.337833;75;20260514;3.0;1;7.5;1;356;9;13.3;1;1156;9;9.3;1;10.4;1;5.8;1;5.5;9;6.7;9;0;9;3.1;1;;;6.6;1;360;1;1215;9;13.0;1;20;1;1157;9;;;;;;;11.0;1;20;1;1215;9;196;9;0;1
75114001;PARIS-MONTSOURIS;48.821667;2.337833;75;20260515;0.6;1;5.6;1;430;9;14.3;1;1037;9;9.6;1;10.0;1;8.7;1;2.7;9;4.7;9;0;9;2.3;1;;;6.8;1;20;1;1522;9;14.1;1;20;1;1515;9;;;;;;;12.7;1;20;1;1515;9;66;9;0;1
75114001;PARIS-MONTSOURIS;48.821667;2.337833;75;20260516;2.4;1;6.1;1;435;9;16.1;1;1540;9;11.7;1;11.1;1;10.0;1;2.8;9;5.1;9;0;9;2.4;1;;;5.6;1;290;1;1215;9;11.9;1;300;1;1210;9;;;;;;;10.3;1;300;1;1210;9;344;9;0;1
75114001;PARIS-MONTSOURIS;48.821667;2.337833;75;20260517;16.1;1;10.0;1;403;9;16.3;1;1202;9;12.0;1;13.2;1;6.3;1;9.5;9;9.5;9;0;9;1.9;1;;;4.7;1;280;1;1326;9;10.1;1;220;1;1140;9;;;;;;;9.0;1;270;1;1322;9;376;9;0;1
75114001;PARIS-MONTSOURIS;48.821667;2.337833;75;20260518;2.0;1;8.1;1;432;9;15.8;1;1344;9;12.0;1;12.0;1;7.7;1;5.2;9;7.2;9;0;9;2.0;1;;;5.5;1;230;1;1445;9;10.2;1;230;1;1435;9;;;;;;;9.6;1;230;1;1435;9;172;9;0;1
75114001;PARIS-MONTSOURIS;48.821667;2.337833;75;20260519;1.6;1;10.1;1;2156;9;17.6;1;1700;9;14.0;1;13.9;1;7.5;1;7.0;9;9.2;9;0;9;3.8;1;;;6.1;1;210;1;1210;9;14.2;1;210;1;1610;9;;;;;;;12.1;1;210;1;1610;9;113;9;0;1
75114001;PARIS-MONTSOURIS;48.821667;2.337833;75;20260520;0.0;1;12.9;1;421;9;20.8;1;1611;9;16.4;1;16.9;1;7.9;1;11.6;9;12.6;9;0;9;3.2;1;;;5.6;1;250;1;907;9;11.4;1;250;1;710;9;;;;;;;10.6;1;250;1;910;9;0;9;0;1
75114001;PARIS-MONTSOURIS;48.821667;2.337833;75;20260521;0.2;1;10.8;1;356;9;25.6;1;1614;9;18.7;1;18.2;1;14.8;1;7.7;9;10.0;9;0;9;1.8;1;;;3.5;1;110;1;1739;9;7.0;1;180;1;1045;9;;;;;;;6.1;1;170;1;1539;9;0;9;0;1
75114001;PARIS-MONTSOURIS;48.821667;2.337833;75;20260522;0.0;1;14.2;1;416;9;29.4;1;1538;9;22.6;1;21.8;1;15.2;1;10.6;9;13.0;9;0;9;1.6;1;;;3.6;1;170;1;1307;9;7.3;1;150;1;1259;9;;;;;;;6.4;1;160;1;1331;9;0;9;0;1
75114001;PARIS-MONTSOURIS;48.821667;2.337833;75;20260523;0.0;1;16.1;1;359;9;32.1;1;1611;9;24.6;1;24.1;1;16.0;1;12.0;9;14.3;9;0;9;1.5;1;;;3.7;1;90;1;1629;9;6.9;1;90;1;1621;9;;;;;;;6.3;1;90;1;1810;9;0;9;0;1
75114001;PARIS-MONTSOURIS;48.821667;2.337833;75;20260524;0.0;1;19.1;1;422;9;32.6;1;1332;9;26.3;1;25.9;1;13.5;1;14.5;9;18.1;9;0;9;2.6;1;;;5.1;1;70;1;1704;9;9.7;1;60;1;1736;9;;;;;;;8.4;1;70;1;1433;9;0;9;0;1
75114001;PARIS-MONTSOURIS;48.821667;2.337833;75;20260525;0.0;1;19.9;1;450;9;33.2;1;1430;9;27.1;1;26.6;1;13.3;1;16.2;9;18.6;9;0;9;2.5;1;;;4.5;1;80;1;1115;9;10.8;1;80;1;1319;9;;;;;;;9.7;1;70;1;1721;9;0;9;0;1
75114001;PARIS-MONTSOURIS;48.821667;2.337833;75;20260526;0.0;1;18.9;1;424;9;33.6;1;1458;9;26.7;1;26.3;1;14.7;1;14.4;9;17.5;9;0;9;1.7;1;;;4.2;1;30;1;1830;9;7.5;1;50;1;1730;9;;;;;;;6.5;1;50;1;1820;9;0;9;0;1
75114001;PARIS-MONTSOURIS;48.821667;2.337833;75;20260527;0.0;1;19.5;1;402;9;32.9;1;1544;9;27.1;1;26.2;1;13.4;1;14.9;9;17.8;9;0;9;2.2;1;;;3.7;1;90;1;1901;9;9.4;1;80;1;1322;9;;;;;;;8.2;1;80;1;1322;9;0;9;0;1
75114001;PARIS-MONTSOURIS;48.821667;2.337833;75;20260528;0.0;1;20.2;1;321;9;33.4;1;1516;9;27.1;1;26.8;1;13.2;1;16.2;9;18.6;9;0;9;2.0;1;;;4.1;1;160;1;1718;9;7.9;1;150;1;1613;9;;;;;;;7.2;1;150;1;1613;9;0;9;0;1
75114001;PARIS-MONTSOURIS;48.821667;2.337833;75;20260529;0.0;1;20.2;1;426;9;33.4;1;1504;9;27.3;1;26.8;1;13.2;1;16.9;9;19.5;9;0;9;2.1;1;;;4.2;1;190;1;715;9;7.9;1;220;1;821;9;;;;;;;7.1;1;190;1;956;9;0;9;0;1
75114001;PARIS-MONTSOURIS;48.821667;2.337833;75;20260530;0.0;1;21.7;1;458;9;34.3;1;1342;9;28.0;1;28.0;1;12.6;1;18.1;9;20.6;9;0;9;2.2;1;;;5.0;1;320;9;2240;9;11.1;1;320;9;2233;9;;;;;;;10.2;1;320;1;2233;9;0;9;0;1
75114001;PARIS-MONTSOURIS;48.821667;2.337833;75;20260531;0.0;1;18.0;1;612;9;22.6;1;1100;9;20.0;1;20.3;1;4.6;1;16.4;9;16.8;9;0;9;3.3;1;;;5.5;1;330;1;254;9;12.1;1;10;1;102;9;;;;;;;11.2;1;10;1;110;9;21;9;0;1
75114001;PARIS-MONTSOURIS;48.821667;2.337833;75;20260601;0.0;1;14.7;1;325;9;26.1;1;1541;9;21.0;1;20.4;1;11.4;1;11.2;9;13.4;9;0;9;2.1;1;;;4.2;1;260;1;1153;9;8.6;1;210;1;1617;9;;;;;;;7.6;1;240;1;1144;9;2;9;0;1
75114001;PARIS-MONTSOURIS;48.821667;2.337833;75;20260602;8.9;1;16.1;1;833;9;21.4;1;1259;9;18.1;1;18.8;1;5.3;1;14.9;9;14.9;9;0;9;3.6;1;;;6.8;1;280;1;1427;9;16.5;1;240;1;1325;9;;;;;;;13.7;1;290;1;1420;9;141;9;0;1
75114001;PARIS-MONTSOURIS;48.821667;2.337833;75;20260603;2.0;1;13.5;1;242;9;20.5;1;1450;9;17.0;1;17.0;1;7.0;1;12.4;9;13.1;9;0;9;4.5;1;;;7.7;1;230;1;1542;9;16.7;1;210;1;1541;9;;;;;;;15.5;1;210;1;1541;9;132;9;0;1
75114001;PARIS-MONTSOURIS;48.821667;2.337833;75;20260604;1.4;1;14.7;1;611;9;22.6;1;1404;9;16.7;1;18.7;1;7.9;1;13.5;9;13.0;9;0;9;4.4;1;;;8.2;1;260;1;1522;9;17.3;1;240;1;1517;9;;;;;;;15.3;1;240;1;1517;9;68;9;0;1
75114001;PARIS-MONTSOURIS;48.821667;2.337833;75;20260605;0.0;1;11.6;1;305;9;19.8;1;1530;9;15.2;1;15.7;1;8.2;1;10.2;9;11.2;9;0;9;2.7;1;;;5.0;1;260;1;1355;9;9.7;1;300;1;1351;9;;;;;;;8.5;1;300;1;1310;9;14;9;0;1
75114001;PARIS-MONTSOURIS;48.821667;2.337833;75;20260606;1.0;1;13.1;1;2252;9;21.6;1;1532;9;16.7;1;17.4;1;8.5;1;9.7;9;12.2;9;0;9;3.9;1;;;7.7;1;260;1;1444;9;14.5;1;270;1;1536;9;;;;;;;13.5;1;240;1;1436;9;99;9;0;1
75114001;PARIS-MONTSOURIS;48.821667;2.337833;75;20260607;0.0;1;10.3;1;423;9;23.3;1;1636;9;17.5;1;16.8;1;13.0;1;7.5;9;9.8;9;0;9;1.9;1;;;3.8;1;210;1;1152;9;9.4;1;160;1;1316;9;;;;;;;8.2;1;160;1;1316;9;0;9;0;1
75114001;PARIS-MONTSOURIS;48.821667;2.337833;75;20260608;1.8;1;14.3;1;1651;9;22.4;1;1344;9;17.0;1;18.4;1;8.1;1;12.7;9;12.6;9;0;9;3.2;1;;;7.9;1;320;1;1642;9;17.1;1;290;1;1614;9;;;;;;;13.7;1;290;1;1614;9;147;9;0;1
75114001;PARIS-MONTSOURIS;48.821667;2.337833;75;20260609;1.8;1;10.7;1;417;9;20.2;1;1520;9;15.0;1;15.5;1;9.5;1;9.2;9;10.2;9;0;9;3.3;1;;;6.8;1;320;1;1618;9;15.4;1;330;1;1612;9;;;;;;;13.8;1;330;1;1659;9;87;9;0;1
75114001;PARIS-MONTSOURIS;48.821667;2.337833;75;20260610;1.2;1;12.6;1;554;9;18.2;1;1124;9;14.5;1;15.4;1;5.6;1;11.4;9;11.4;9;0;9;2.7;1;;;6.9;1;270;1;1424;9;14.6;1;290;1;1800;9;;;;;;;13.1;1;300;1;1526;9;93;9;0;1
75114001;PARIS-MONTSOURIS;48.821667;2.337833;75;20260611;0.0;1;10.3;1;414;9;19.0;1;1146;9;15.7;1;14.7;1;8.7;1;7.6;9;9.9;9;0;9;3.4;1;;;6.3;1;270;1;1554;9;11.5;1;280;1;1549;9;;;;;;;11.0;1;280;1;1549;9;0;9;0;1
75114001;PARIS-MONTSOURIS;48.821667;2.337833;75;20260612;0.0;1;16.7;1;331;9;26.3;1;1642;9;20.8;1;21.5;1;9.6;1;16.3;9;16.6;9;0;9;3.8;1;;;5.7;1;280;1;826;9;14.4;1;250;1;848;9;;;;;;;12.9;1;250;1;848;9;0;9;0;1
75114001;PARIS-MONTSOURIS;48.821667;2.337833;75;20260613;0.0;1;16.3;1;435;9;28.0;1;1502;9;21.8;1;22.2;1;11.7;1;15.4;9;16.0;9;0;9;3.3;1;;;5.4;1;320;1;1514;9;12.2;1;240;1;29;9;;;;;;;10.2;1;300;1;1759;9;0;9;0;1
75114001;PARIS-MONTSOURIS;48.821667;2.337833;75;20260614;0.0;1;14.5;1;501;9;26.5;1;1651;9;20.2;1;20.5;1;12.0;1;12.6;9;13.9;9;0;9;2.8;1;;;4.8;1;350;1;16;9;8.4;1;350;1;10;9;;;;;;;7.9;1;350;1;10;9;0;9;0;1
75114001;PARIS-MONTSOURIS;48.821667;2.337833;75;20260615;0.0;1;14.2;1;346;9;28.6;1;1539;9;21.8;1;21.4;1;14.4;1;11.1;9;13.3;9;0;9;2.3;1;;;3.9;1;160;1;1737;9;8.4;1;160;1;1308;9;;;;;;;7.3;1;160;1;1310;9;25;9;0;1
75114001;PARIS-MONTSOURIS;48.821667;2.337833;75;20260616;0.0;1;20.4;1;452;9;28.7;1;1548;9;23.8;1;24.6;1;8.3;1;17.5;9;19.3;9;0;9;2.8;1;;;4.3;1;260;1;1124;9;9.3;1;270;1;1109;9;;;;;;;8.5;1;270;1;1110;9;0;9;0;0
75114001;PARIS-MONTSOURIS;48.821667;2.337833;75;20260617;0.0;1;17.3;1;346;9;32.7;1;1658;9;25.6;1;25.0;1;15.4;1;14.4;9;16.5;9;0;9;1.9;1;;;4.3;1;20;9;2316;9;8.2;1;220;1;1249;9;;;;;;;7.5;1;160;1;1254;9;0;9;0;0
75114001;PARIS-MONTSOURIS;48.821667;2.337833;75;20260618;2.2;1;18.7;1;427;9;36.9;1;1446;9;26.6;1;27.8;1;18.2;1;14.8;9;17.8;9;0;9;2.5;1;;;9.6;1;260;1;1701;9;17.6;1;270;1;1653;9;;;;;;;16.1;1;240;1;1654;9;35;9;0;0
75114001;PARIS-MONTSOURIS;48.821667;2.337833;75;20260619;0.0;1;20.6;1;303;9;36.8;1;1555;9;28.2;1;28.7;1;16.2;1;17.9;9;19.9;9;0;9;3.0;1;;;6.6;1;340;1;1817;9;11.4;1;320;1;1808;9;;;;;;;10.3;1;350;1;1811;9;0;9;0;0
75114001;PARIS-MONTSOURIS;48.821667;2.337833;75;20260620;0.0;1;20.6;1;306;9;36.0;1;1550;9;28.5;1;28.3;1;15.4;1;17.7;9;19.4;9;0;9;2.4;1;;;5.5;1;230;1;1529;9;11.7;1;230;1;1527;9;;;;;;;10.3;1;220;1;1524;9;0;9;0;0
75114001;PARIS-MONTSOURIS;48.821667;2.337833;75;20260621;0.0;1;21.4;1;436;9;37.0;1;1650;9;29.6;1;29.2;1;15.6;1;20.0;9;21.0;9;0;9;2.3;1;;;5.3;1;70;9;2005;9;11.3;1;70;9;2004;9;;;;;;;10.4;1;70;9;2010;9;0;9;0;0
75114001;PARIS-MONTSOURIS;48.821667;2.337833;75;20260622;0.0;1;24.2;1;348;9;38.4;1;1440;9;31.7;1;31.3;1;14.2;1;21.3;9;23.5;9;0;9;2.9;1;;;5.0;1;100;1;1859;9;9.7;1;70;9;2031;9;;;;;;;9.2;1;70;9;2031;9;0;9;0;0
75114001;PARIS-MONTSOURIS;48.821667;2.337833;75;20260623;0.0;1;24.1;1;440;9;37.3;1;1423;9;30.9;1;30.7;1;13.2;1;21.1;9;23.3;9;0;9;2.7;1;;;7.6;1;30;1;911;9;15.2;1;50;1;837;9;;;;;;;14.2;1;20;1;910;9;0;9;0;0
75114001;PARIS-MONTSOURIS;48.821667;2.337833;75;20260624;0.0;1;25.4;1;357;9;40.6;1;1558;9;33.4;1;33.0;1;15.2;1;22.0;9;24.6;9;0;9;2.4;1;;;4.4;1;160;1;406;9;9.1;1;110;1;1913;9;;;;;;;7.9;1;110;1;1913;9;0;9;0;0
75114001;PARIS-MONTSOURIS;48.821667;2.337833;75;20260625;0.0;1;26.4;1;341;9;40.1;1;1410;9;33.9;1;33.3;1;13.7;1;23.1;9;25.3;9;0;9;2.9;1;;;6.0;1;90;1;1457;9;13.7;1;70;1;1637;9;;;;;;;12.0;1;80;1;1437;9;0;9;0;0
75114001;PARIS-MONTSOURIS;48.821667;2.337833;75;20260626;0.0;1;26.2;1;550;9;37.8;1;1536;9;30.9;1;32.0;1;11.6;1;21.9;9;24.5;9;0;9;3.3;1;;;5.6;1;20;1;1854;9;10.5;1;310;1;1215;9;;;;;;;9.7;1;270;1;1223;9;0;9;0;0
75114001;PARIS-MONTSOURIS;48.821667;2.337833;75;20260627;0.0;1;22.5;1;417;9;36.8;1;1616;9;28.8;1;29.7;1;14.3;1;21.3;9;22.1;9;0;9;2.7;1;;;10.5;1;260;9;2026;9;21.5;1;290;1;2026;9;;;;;;;18.0;1;250;9;2035;9;28;9;0;0
75114001;PARIS-MONTSOURIS;48.821667;2.337833;75;20260628;0.4;1;21.6;1;324;9;30.5;1;1626;9;25.3;1;26.1;1;8.9;1;18.7;9;20.5;9;0;9;3.1;1;;;6.1;1;20;9;1936;9;12.1;1;340;9;2358;9;;;;;;;11.2;1;40;9;2010;9;33;9;0;0
75114001;PARIS-MONTSOURIS;48.821667;2.337833;75;20260629;0.0;1;17.2;1;447;9;28.5;1;1440;9;22.3;1;22.9;1;11.3;1;14.6;9;15.4;9;0;9;3.2;1;;;6.6;1;350;1;17;9;11.8;1;360;1;9;9;;;;;;;10.3;1;330;1;10;9;0;9;0;0
75114001;PARIS-MONTSOURIS;48.821667;2.337833;75;20260630;0.0;1;17.0;1;418;9;29.3;1;1355;9;22.3;1;23.2;1;12.3;1;15.2;9;16.3;9;0;9;3.2;1;;;6.7;1;340;1;1531;9;13.3;1;330;1;1525;9;;;;;;;10.5;1;330;1;1525;9;0;9;0;0
75114001;PARIS-MONTSOURIS;48.821667;2.337833;75;20260701;0.0;1;16.7;1;533;9;24.9;1;1521;9;20.7;1;20.8;1;8.2;1;14.4;9;14.6;9;0;9;3.4;1;;;5.5;1;330;9;2155;9;10.3;1;330;1;1526;9;;;;;;;9.3;1;330;9;2148;9;0;9;0;0
75114001;PARIS-MONTSOURIS;48.821667;2.337833;75;20260702;0.0;1;15.6;1;510;9;25.9;1;1548;9;20.6;1;20.8;1;10.3;1;14.4;9;14.8;9;0;9;3.2;1;;;6.5;1;340;1;1736;9;12.1;1;350;1;1748;9;;;;;;;11.2;1;350;1;1748;9;0;9;0;0
75114001;PARIS-MONTSOURIS;48.821667;2.337833;75;20260703;0.0;1;16.3;1;338;9;28.6;1;1403;9;22.7;1;22.5;1;12.3;1;13.8;9;15.4;9;0;9;2.4;1;;;5.1;1;360;1;1934;1;9.7;1;360;1;1928;9;;;;;;;8.5;1;360;1;1928;1;0;9;0;0
75114001;PARIS-MONTSOURIS;48.821667;2.337833;75;20260704;0.0;1;15.3;1;412;9;30.6;1;1541;9;23.4;1;23.0;1;15.3;1;12.2;9;14.4;9;0;9;3.0;1;;;6.1;1;330;9;2253;9;11.2;1;360;1;1520;9;;;;;;;9.8;1;340;9;2310;9;0;9;0;0
75114001;PARIS-MONTSOURIS;48.821667;2.337833;75;20260705;0.0;1;17.4;1;358;9;29.3;1;1518;9;23.4;1;23.4;1;11.9;1;16.6;9;17.1;9;0;9;2.9;1;;;4.8;1;340;1;1235;9;10.8;1;350;1;1355;9;;;;;;;9.8;1;350;1;1355;9;0;9;0;0
75114001;PARIS-MONTSOURIS;48.821667;2.337833;75;20260706;0.0;1;18.5;1;500;9;34.2;1;1647;9;26.5;1;26.4;1;15.7;1;15.2;9;17.4;9;0;9;1.9;1;;;3.8;1;340;1;1336;9;8.6;1;240;1;1206;9;;;;;;;8.1;1;270;1;1210;9;0;9;0;0
75114001;PARIS-MONTSOURIS;48.821667;2.337833;75;20260707;0.0;1;20.6;1;431;9;33.8;1;1402;9;27.8;1;27.2;1;13.2;1;16.8;9;19.1;9;0;9;2.8;1;;;5.8;1;320;1;1710;9;11.8;1;330;1;1744;9;;;;;;;10.5;1;10;1;1310;9;0;9;0;0
75114001;PARIS-MONTSOURIS;48.821667;2.337833;75;20260708;0.0;1;20.0;1;450;9;34.3;1;1501;9;27.9;1;27.2;1;14.3;1;16.7;9;19.1;9;0;9;2.2;1;;;4.3;1;60;9;2243;9;8.5;1;60;9;2235;9;;;;;;;8.2;1;70;9;2239;9;0;9;0;0
75114001;PARIS-MONTSOURIS;48.821667;2.337833;75;20260709;0.0;1;22.5;1;401;9;34.3;1;1501;9;28.3;1;28.4;1;11.8;1;19.2;9;21.6;9;0;9;3.3;1;;;4.9;1;50;1;1241;9;11.0;1;100;1;1335;9;;;;;;;9.4;1;100;1;1335;9;0;9;0;0
75114001;PARIS-MONTSOURIS;48.821667;2.337833;75;20260710;0.0;1;21.8;1;356;9;36.0;1;1423;9;29.0;1;28.9;1;14.2;1;18.7;9;20.7;9;0;9;3.2;1;;;5.8;1;90;1;1705;9;11.8;1;30;9;2039;9;;;;;;;10.9;1;80;1;1612;9;0;9;0;0
75114001;PARIS-MONTSOURIS;48.821667;2.337833;75;20260711;0.0;1;22.3;1;455;9;36.7;1;1457;9;29.8;1;29.5;1;14.4;1;19.5;9;21.4;9;0;9;3.3;1;;;5.5;1;40;1;1840;9;10.8;1;30;1;1840;9;;;;;;;9.9;1;40;1;1839;9;0;9;0;0
75114001;PARIS-MONTSOURIS;48.821667;2.337833;75;20260712;0.0;1;22.0;1;421;9;36.5;1;1506;9;29.7;1;29.3;1;14.5;1;19.4;9;21.3;9;0;9;3.7;1;;;6.1;1;70;1;1258;9;12.7;1;70;1;1431;9;;;;;;;11.4;1;70;1;1431;9;0;9;0;0
75114001;PARIS-MONTSOURIS;48.821667;2.337833;75;20260713;2.8;1;22.4;1;603;9;35.8;1;1510;9;28.4;1;29.1;1;13.4;1;21.2;9;21.4;9;0;9;4.3;1;;;7.1;1;50;1;1630;9;14.3;1;40;9;1943;9;;;;;;;13.4;1;40;9;1943;9;54;9;0;0
75114001;PARIS-MONTSOURIS;48.821667;2.337833;75;20260714;0.0;1;20.8;1;500;9;35.0;1;1519;9;27.8;1;27.9;1;14.2;1;19.8;9;20.2;9;0;9;3.2;1;;;6.0;1;30;1;57;9;12.2;1;40;1;100;9;;;;;;;11.1;1;40;1;100;9;0;9;0;0
75114001;PARIS-MONTSOURIS;48.821667;2.337833;75;20260715;0.0;1;23.6;1;552;9;32.7;1;1535;9;27.7;1;28.2;1;9.1;1;21.8;9;23.1;9;0;9;3.6;1;;;5.8;1;30;1;1652;9;10.5;1;40;1;1357;9;;;;;;;9.6;1;30;1;1545;9;0;9;0;0
75114001;PARIS-MONTSOURIS;48.821667;2.337833;75;20260716;1.0;1;21.2;1;453;9;33.9;1;1332;9;27.0;1;27.6;1;12.7;1;18.8;9;19.5;9;0;9;3.0;1;;;6.0;1;50;9;2143;9;12.3;1;50;9;2141;9;;;;;;;11.0;1;50;9;2141;9;52;9;0;0
75114001;PARIS-MONTSOURIS;48.821667;2.337833;75;20260717;0.0;1;19.7;1;6;9;28.7;1;1321;9;23.4;1;24.2;1;9.0;1;16.8;9;18.0;9;0;9;2.6;1;;;4.6;1;20;1;1609;9;9.5;1;40;1;10;9;;;;;;;7.8;1;10;1;1510;9;0;9;0;0
75114001;PARIS-MONTSOURIS;48.821667;2.337833;75;20260718;0.0;1;18.8;1;343;9;29.8;1;1324;9;23.7;1;24.3;1;11.0;1;15.7;9;18.0;9;0;9;3.1;1;;;7.4;1;30;9;2208;9;13.3;1;30;9;2229;9;;;;;;;12.3;1;30;9;2229;9;0;9;0;0
75114001;PARIS-MONTSOURIS;48.821667;2.337833;75;20260719;0.0;1;15.2;1;400;9;25.2;1;1437;9;19.8;1;20.2;1;10.0;1;13.5;9;14.5;9;0;9;4.2;1;;;6.9;1;30;9;2145;9;15.4;1;10;9;2143;9;;;;;;;13.9;1;10;9;2143;9;0;9;0;0
75114001;PARIS-MONTSOURIS;48.821667;2.337833;75;20260720;0.0;1;13.5;1;453;9;24.8;1;1622;9;19.4;1;19.2;1;11.3;1;11.3;9;12.1;9;0;9;4.4;1;;;6.5;1;30;9;2214;9;12.1;1;30;9;2300;9;;;;;;;11.2;1;30;9;2211;9;0;9;0;0
75114001;PARIS-MONTSOURIS;48.821667;2.337833;75;20260721;0.0;1;14.3;1;437;9;26.3;1;1620;9;20.7;1;20.3;1;12.0;1;12.7;9;13.8;9;0;9;4.1;1;;;7.3;1;30;9;2153;9;14.7;1;30;9;2151;9;;;;;;;12.4;1;30;9;2135;9;0;9;0;0
75114001;PARIS-MONTSOURIS;48.821667;2.337833;75;20260722;0.0;1;15.3;1;437;9;26.8;1;1540;9;20.9;1;21.1;1;11.5;1;13.4;9;14.7;9;0;9;3.8;1;;;5.8;1;30;1;27;9;10.8;1;30;1;1522;9;;;;;;;10.3;1;30;1;1522;9;13;9;0;0
75114001;PARIS-MONTSOURIS;48.821667;2.337833;75;20260723;0.0;1;15.9;1;402;9;25.6;1;1627;9;20.6;1;20.8;1;9.7;1;13.4;9;15.1;9;0;9;3.6;1;;;6.7;1;30;1;1214;9;11.3;1;40;1;1207;9;;;;;;;10.7;1;30;1;1210;9;10;9;0;0
75114001;PARIS-MONTSOURIS;48.821667;2.337833;75;20260724;0.0;1;16.3;1;429;9;29.1;1;1501;9;23.0;1;22.7;1;12.8;1;13.7;9;15.5;9;0;9;3.0;1;;;5.7;1;60;1;1100;9;11.1;1;120;1;1048;9;;;;;;;10.1;1;120;1;1048;9;0;9;0;0
75114001;PARIS-MONTSOURIS;48.821667;2.337833;75;20260725;0.0;1;17.8;1;440;9;29.7;1;1512;9;23.7;1;23.8;1;11.9;1;15.0;9;17.0;9;0;9;2.7;1;;;5.4;1;330;9;2038;9;10.2;1;330;9;2008;9;;;;;;;9.8;1;320;9;2010;9;0;9;0;0
75114001;PARIS-MONTSOURIS;48.821667;2.337833;75;20260726;0.2;1;16.7;1;429;9;26.5;1;1546;9;20.8;1;21.6;1;9.8;1;15.0;9;16.1;9;0;9;3.9;1;;;6.9;1;260;1;1651;9;13.3;1;270;1;1713;9;;;;;;;12.2;1;270;1;1713;9;18;9;0;0
75114007;PARIS-MONTSOURIS-DOUBLE;48.821667;2.337833;75;20250101;;;3.9;1;300;9;8.6;1;153;9;6.2;1;6.3;1;4.7;1;;;;;0;9;;;;;;;;;;;;;;;;;;;;;;;;;;;;;;;;
75114007;PARIS-MONTSOURIS-DOUBLE;48.821667;2.337833;75;20250102;;;2.9;1;841;9;5.0;1;1600;9;4.7;1;4.0;1;2.1;1;;;;;0;9;;;;;;;;;;;;;;;;;;;;;;;;;;;;;;;;
75114007;PARIS-MONTSOURIS-DOUBLE;48.821667;2.337833;75;20250103;;;-0.4;1;746;9;4.7;1;1217;9;1.5;1;2.2;1;5.1;1;;;;;300;9;;;;;;;;;;;;;;;;;;;;;;;;;;;;;;;;
75114007;PARIS-MONTSOURIS-DOUBLE;48.821667;2.337833;75;20250104;;;-3.7;1;440;9;11.1;1;525;9;-0.3;1;3.7;1;14.8;1;;;;;635;9;;;;;;;;;;;;;;;;;;;;;;;;;;;;;;;;
75114007;PARIS-MONTSOURIS-DOUBLE;48.821667;2.337833;75;20250105;;;0.7;1;1850;9;12.8;1;1340;9;10.9;1;6.8;1;12.1;1;;;;;0;9;;;;;;;;;;;;;;;;;;;;;;;;;;;;;;;;
75114007;PARIS-MONTSOURIS-DOUBLE;48.821667;2.337833;75;20250106;;;7.0;1;1545;9;12.0;1;647;9;9.4;1;9.5;1;5.0;1;;;;;0;9;;;;;;;;;;;;;;;;;;;;;;;;;;;;;;;;
75114007;PARIS-MONTSOURIS-DOUBLE;48.821667;2.337833;75;20250107;;;3.8;1;658;9;7.7;1;1208;9;5.6;1;5.8;1;3.9;1;;;;;0;9;;;;;;;;;;;;;;;;;;;;;;;;;;;;;;;;
75114007;PARIS-MONTSOURIS-DOUBLE;48.821667;2.337833;75;20250108;;;3.8;1;1029;9;12.1;1;1814;9;7.2;1;8.0;1;8.3;1;;;;;0;9;;;;;;;;;;;;;;;;;;;;;;;;;;;;;;;;
75114007;PARIS-MONTSOURIS-DOUBLE;48.821667;2.337833;75;20250109;;;2.5;1;918;9;10.6;1;633;9;5.8;1;6.6;1;8.1;1;;;;;0;9;;;;;;;;;;;;;;;;;;;;;;;;;;;;;;;;
75114007;PARIS-MONTSOURIS-DOUBLE;48.821667;2.337833;75;20250110;;;3.0;1;700;9;6.1;1;1420;9;3.7;1;4.6;1;3.1;1;;;;;0;9;;;;;;;;;;;;;;;;;;;;;;;;;;;;;;;;
75114007;PARIS-MONTSOURIS-DOUBLE;48.821667;2.337833;75;20250111;;;-0.5;1;822;9;2.5;1;1400;9;1.2;1;1.0;1;3.0;1;;;;;162;9;;;;;;;;;;;;;;;;;;;;;;;;;;;;;;;;
75114007;PARIS-MONTSOURIS-DOUBLE;48.821667;2.337833;75;20250112;;;1.2;1;1801;9;4.7;1;1318;9;3.1;1;3.0;1;3.5;1;;;;;0;9;;;;;;;;;;;;;;;;;;;;;;;;;;;;;;;;
75114007;PARIS-MONTSOURIS-DOUBLE;48.821667;2.337833;75;20250113;;;1.2;1;810;9;4.9;1;1242;9;2.2;1;3.1;1;3.7;1;;;;;93;9;;;;;;;;;;;;;;;;;;;;;;;;;;;;;;;;
75114007;PARIS-MONTSOURIS-DOUBLE;48.821667;2.337833;75;20250114;;;-2.3;1;619;9;4.5;1;556;9;1.0;1;1.1;1;6.8;1;;;;;584;9;;;;;;;;;;;;;;;;;;;;;;;;;;;;;;;;
75114007;PARIS-MONTSOURIS-DOUBLE;48.821667;2.337833;75;20250115;;;0.8;1;4;9;7.1;1;1506;9;5.1;1;4.0;1;6.3;1;;;;;0;9;;;;;;;;;;;;;;;;;;;;;;;;;;;;;;;;
75114007;PARIS-MONTSOURIS-DOUBLE;48.821667;2.337833;75;20250116;;;2.6;1;658;9;5.0;1;1144;9;4.3;1;3.8;1;2.4;1;;;;;0;9;;;;;;;;;;;;;;;;;;;;;;;;;;;;;;;;
75114007;PARIS-MONTSOURIS-DOUBLE;48.821667;2.337833;75;20250117;;;0.0;1;1751;9;1.8;1;1259;9;1.0;1;0.9;1;1.8;1;;;;;261;9;;;;;;;;;;;;;;;;;;;;;;;;;;;;;;;;
75114007;PARIS-MONTSOURIS-DOUBLE;48.821667;2.337833;75;20250118;;;-0.4;1;108;9;2.0;1;1406;9;0.8;1;0.8;1;2.4;1;;;;;332;9;;;;;;;;;;;;;;;;;;;;;;;;;;;;;;;;
75114007;PARIS-MONTSOURIS-DOUBLE;48.821667;2.337833;75;20250119;;;-0.8;1;2250;9;1.7;1;1323;9;0.7;1;0.5;1;2.5;1;;;;;80;9;;;;;;;;;;;;;;;;;;;;;;;;;;;;;;;;
75114007;PARIS-MONTSOURIS-DOUBLE;48.821667;2.337833;75;20250120;;;-0.9;1;805;9;0.2;1;1152;9;-0.5;1;-0.4;1;1.1;1;;;;;1277;9;;;;;;;;;;;;;;;;;;;;;;;;;;;;;;;;
75114007;PARIS-MONTSOURIS-DOUBLE;48.821667;2.337833;75;20250121;;;-1.3;1;706;9;4.3;1;556;9;1.2;1;1.5;1;5.6;1;;;;;670;9;;;;;;;;;;;;;;;;;;;;;;;;;;;;;;;;
75114007;PARIS-MONTSOURIS-DOUBLE;48.821667;2.337833;75;20250122;;;2.0;1;1824;9;9.1;1;1423;9;6.5;1;5.6;1;7.1;1;;;;;0;9;;;;;;;;;;;;;;;;;;;;;;;;;;;;;;;;
75114007;PARIS-MONTSOURIS-DOUBLE;48.821667;2.337833;75;20250123;;;4.1;1;840;9;8.7;1;2311;9;6.7;1;6.4;1;4.6;1;;;;;0;9;;;;;;;;;;;;;;;;;;;;;;;;;;;;;;;;
75114007;PARIS-MONTSOURIS-DOUBLE;48.821667;2.337833;75;20250124;;;7.2;1;1801;9;12.8;1;1940;9;9.9;1;10.0;1;5.6;1;;;;;0;9;;;;;;;;;;;;;;;;;;;;;;;;;;;;;;;;
75114007;PARIS-MONTSOURIS-DOUBLE;48.821667;2.337833;75;20250125;;;8.2;1;1752;9;12.4;1;601;9;9.4;1;10.3;1;4.2;1;;;;;0;9;;;;;;;;;;;;;;;;;;;;;;;;;;;;;;;;
75114007;PARIS-MONTSOURIS-DOUBLE;48.821667;2.337833;75;20250126;;;1.8;1;721;9;12.1;1;233;9;5.7;1;7.0;1;10.3;1;;;;;0;9;;;;;;;;;;;;;;;;;;;;;;;;;;;;;;;;
75114007;PARIS-MONTSOURIS-DOUBLE;48.821667;2.337833;75;20250127;;;8.4;1;1743;9;12.2;1;1308;9;9.9;1;10.3;1;3.8;1;;;;;0;9;;;;;;;;;;;;;;;;;;;;;;;;;;;;;;;;
75114007;PARIS-MONTSOURIS-DOUBLE;48.821667;2.337833;75;20250128;;;6.7;1;817;9;11.4;1;1448;9;8.8;1;9.1;1;4.7;1;;;;;0;9;;;;;;;;;;;;;;;;;;;;;;;;;;;;;;;;
75114007;PARIS-MONTSOURIS-DOUBLE;48.821667;2.337833;75;20250129;;;6.1;1;738;9;8.0;1;1132;9;7.6;1;7.1;1;1.9;1;;;;;0;9;;;;;;;;;;;;;;;;;;;;;;;;;;;;;;;;
75114007;PARIS-MONTSOURIS-DOUBLE;48.821667;2.337833;75;20250130;;;5.2;1;422;9;8.4;1;1103;9;6.4;1;6.8;1;3.2;1;;;;;0;9;;;;;;;;;;;;;;;;;;;;;;;;;;;;;;;;
75114007;PARIS-MONTSOURIS-DOUBLE;48.821667;2.337833;75;20250131;;;1.2;1;335;9;6.5;1;1122;9;3.1;1;3.9;1;5.3;1;;;;;0;9;;;;;;;;;;;;;;;;;;;;;;;;;;;;;;;;
75114007;PARIS-MONTSOURIS-DOUBLE;48.821667;2.337833;75;20250201;;;0.7;1;633;9;7.2;1;1308;9;3.3;1;4.0;1;6.5;1;;;;;0;9;;;;;;;;;;;;;;;;;;;;;;;;;;;;;;;;
75114007;PARIS-MONTSOURIS-DOUBLE;48.821667;2.337833;75;20250202;;;-1.1;1;656;9;7.3;1;1318;9;2.8;1;3.1;1;8.4;1;;;;;279;9;;;;;;;;;;;;;;;;;;;;;;;;;;;;;;;;
75114007;PARIS-MONTSOURIS-DOUBLE;48.821667;2.337833;75;20250203;;;-0.7;1;540;9;8.4;1;1304;9;2.1;1;3.9;1;9.1;1;;;;;235;9;;;;;;;;;;;;;;;;;;;;;;;;;;;;;;;;
75114007;PARIS-MONTSOURIS-DOUBLE;48.821667;2.337833;75;20250204;;;-1.1;1;617;9;3.0;1;558;9;0.7;1;1.0;1;4.1;1;;;;;596;9;;;;;;;;;;;;;;;;;;;;;;;;;;;;;;;;
75114007;PARIS-MONTSOURIS-DOUBLE;48.821667;2.337833;75;20250205;;;2.0;1;2100;9;6.8;1;1433;9;4.6;1;4.4;1;4.8;1;;;;;0;9;;;;;;;;;;;;;;;;;;;;;;;;;;;;;;;;
75114007;PARIS-MONTSOURIS-DOUBLE;48.821667;2.337833;75;20250206;;;2.6;1;815;9;5.1;1;1802;9;4.0;1;3.9;1;2.5;1;;;;;0;9;;;;;;;;;;;;;;;;;;;;;;;;;;;;;;;;
75114007;PARIS-MONTSOURIS-DOUBLE;48.821667;2.337833;75;20250207;;;2.5;1;816;9;7.4;1;523;9;4.6;1;5.0;1;4.9;1;;;;;0;9;;;;;;;;;;;;;;;;;;;;;;;;;;;;;;;;
75114007;PARIS-MONTSOURIS-DOUBLE;48.821667;2.337833;75;20250208;;;3.7;1;826;9;7.2;1;601;9;5.9;1;5.5;1;3.5;1;;;;;0;9;;;;;;;;;;;;;;;;;;;;;;;;;;;;;;;;
75114007;PARIS-MONTSOURIS-DOUBLE;48.821667;2.337833;75;20250209;;;3.8;1;442;9;7.3;1;1521;9;5.5;1;5.6;1;3.5;1;;;;;0;9;;;;;;;;;;;;;;;;;;;;;;;;;;;;;;;;
75114007;PARIS-MONTSOURIS-DOUBLE;48.821667;2.337833;75;20250210;;;4.7;1;837;9;6.0;1;1523;9;4.9;1;5.4;1;1.3;1;;;;;0;9;;;;;;;;;;;;;;;;;;;;;;;;;;;;;;;;
75114007;PARIS-MONTSOURIS-DOUBLE;48.821667;2.337833;75;20250211;;;3.0;1;2007;9;6.3;1;1523;9;4.4;1;4.7;1;3.3;1;;;;;0;9;;;;;;;;;;;;;;;;;;;;;;;;;;;;;;;;
75114007;PARIS-MONTSOURIS-DOUBLE;48.821667;2.337833;75;20250212;;;2.3;1;212;9;5.8;1;1457;9;4.7;1;4.1;1;3.5;1;;;;;0;9;;;;;;;;;;;;;;;;;;;;;;;;;;;;;;;;
75114007;PARIS-MONTSOURIS-DOUBLE;48.821667;2.337833;75;20250213;;;3.9;1;703;9;6.2;1;1142;9;4.8;1;5.1;1;2.3;1;;;;;0;9;;;;;;;;;;;;;;;;;;;;;;;;;;;;;;;;
75114007;PARIS-MONTSOURIS-DOUBLE;48.821667;2.337833;75;20250214;;;-0.8;1;706;9;5.6;1;1315;9;2.2;1;2.4;1;6.4;1;;;;;208;9;;;;;;;;;;;;;;;;;;;;;;;;;;;;;;;;
75114007;PARIS-MONTSOURIS-DOUBLE;48.821667;2.337833;75;20250215;;;-1.4;1;629;9;4.6;1;1327;9;1.5;1;1.6;1;6.0;1;;;;;474;9;;;;;;;;;;;;;;;;;;;;;;;;;;;;;;;;
75114007;PARIS-MONTSOURIS-DOUBLE;48.821667;2.337833;75;20250216;;;-0.2;1;645;9;6.6;1;1233;9;2.9;1;3.2;1;6.8;1;;;;;78;9;;;;;;;;;;;;;;;;;;;;;;;;;;;;;;;;
75114007;PARIS-MONTSOURIS-DOUBLE;48.821667;2.337833;75;20250217;;;-0.5;1;620;9;7.3;1;1335;9;2.9;1;3.4;1;7.8;1;;;;;210;9;;;;;;;;;;;;;;;;;;;;;;;;;;;;;;;;
75114007;PARIS-MONTSOURIS-DOUBLE;48.821667;2.337833;75;20250218;;;-0.1;1;706;9;8.2;1;1344;9;3.9;1;4.1;1;8.3;1;;;;;15;9;;;;;;;;;;;;;;;;;;;;;;;;;;;;;;;;
75114007;PARIS-MONTSOURIS-DOUBLE;48.821667;2.337833;75;20250219;;;0.9;1;713;9;10.4;1;1634;9;6.2;1;5.7;1;9.5;1;;;;;0;9;;;;;;;;;;;;;;;;;;;;;;;;;;;;;;;;
75114007;PARIS-MONTSOURIS-DOUBLE;48.821667;2.337833;75;20250220;;;7.2;1;408;9;14.1;1;1349;9;10.6;1;10.7;1;6.9;1;;;;;0;9;;;;;;;;;;;;;;;;;;;;;;;;;;;;;;;;
75114007;PARIS-MONTSOURIS-DOUBLE;48.821667;2.337833;75;20250221;;;9.9;1;629;9;16.0;1;1442;9;13.2;1;13.0;1;6.1;1;;;;;0;9;;;;;;;;;;;;;;;;;;;;;;;;;;;;;;;;
75114007;PARIS-MONTSOURIS-DOUBLE;48.821667;2.337833;75;20250222;;;10.0;1;621;9;13.9;1;1614;9;11.1;1;12.0;1;3.9;1;;;;;0;9;;;;;;;;;;;;;;;;;;;;;;;;;;;;;;;;
75114007;PARIS-MONTSOURIS-DOUBLE;48.821667;2.337833;75;20250223;;;4.7;1;644;9;15.1;1;1348;9;10.0;1;9.9;1;10.4;1;;;;;0;9;;;;;;;;;;;;;;;;;;;;;;;;;;;;;;;;
75114007;PARIS-MONTSOURIS-DOUBLE;48.821667;2.337833;75;20250224;;;10.2;1;346;9;13.5;1;1204;9;11.0;1;11.9;1;3.3;1;;;;;0;9;;;;;;;;;;;;;;;;;;;;;;;;;;;;;;;;
75114007;PARIS-MONTSOURIS-DOUBLE;48.821667;2.337833;75;20250225;;;6.8;1;1749;9;9.7;1;834;9;8.6;1;8.3;1;2.9;1;;;;;0;9;;;;;;;;;;;;;;;;;;;;;;;;;;;;;;;;
75114007;PARIS-MONTSOURIS-DOUBLE;48.821667;2.337833;75;20250226;;;4.2;1;644;9;10.6;1;1345;9;7.3;1;7.4;1;6.4;1;;;;;0;9;;;;;;;;;;;;;;;;;;;;;;;;;;;;;;;;
75114007;PARIS-MONTSOURIS-DOUBLE;48.821667;2.337833;75;20250227;;;4.1;1;659;9;9.2;1;1501;9;6.9;1;6.7;1;5.1;1;;;;;0;9;;;;;;;;;;;;;;;;;;;;;;;;;;;;;;;;
75114007;PARIS-MONTSOURIS-DOUBLE;48.821667;2.337833;75;20250228;;;5.3;1;737;9;9.3;1;1113;9;6.7;1;7.3;1;4.0;1;;;;;0;9;;;;;;;;;;;;;;;;;;;;;;;;;;;;;;;;
75114007;PARIS-MONTSOURIS-DOUBLE;48.821667;2.337833;75;20250301;;;1.9;1;640;9;7.8;1;1048;9;4.5;1;4.9;1;5.9;1;;;;;0;9;;;;;;;;;;;;;;;;;;;;;;;;;;;;;;;;
75114007;PARIS-MONTSOURIS-DOUBLE;48.821667;2.337833;75;20250302;;;1.3;1;544;9;11.6;1;1353;9;6.0;1;6.5;1;10.3;1;;;;;0;9;;;;;;;;;;;;;;;;;;;;;;;;;;;;;;;;
75114007;PARIS-MONTSOURIS-DOUBLE;48.821667;2.337833;75;20250303;;;1.5;1;628;9;12.4;1;1350;9;7.0;1;7.0;1;10.9;1;;;;;0;9;;;;;;;;;;;;;;;;;;;;;;;;;;;;;;;;
75114007;PARIS-MONTSOURIS-DOUBLE;48.821667;2.337833;75;20250304;;;3.9;1;650;9;13.7;1;1633;9;8.1;1;8.8;1;9.8;1;;;;;0;9;;;;;;;;;;;;;;;;;;;;;;;;;;;;;;;;
75114007;PARIS-MONTSOURIS-DOUBLE;48.821667;2.337833;75;20250305;;;3.9;1;642;9;18.0;1;1343;9;10.6;1;11.0;1;14.1;1;;;;;0;9;;;;;;;;;;;;;;;;;;;;;;;;;;;;;;;;
75114007;PARIS-MONTSOURIS-DOUBLE;48.821667;2.337833;75;20250306;;;4.3;1;500;9;17.8;1;1356;9;11.4;1;11.1;1;13.5;1;;;;;0;9;;;;;;;;;;;;;;;;;;;;;;;;;;;;;;;;
75114007;PARIS-MONTSOURIS-DOUBLE;48.821667;2.337833;75;20250307;;;7.3;1;621;9;18.0;1;1314;9;12.5;1;12.7;1;10.7;1;;;;;0;9;;;;;;;;;;;;;;;;;;;;;;;;;;;;;;;;
75114007;PARIS-MONTSOURIS-DOUBLE;48.821667;2.337833;75;20250308;;;8.6;1;511;9;18.4;1;1344;9;13.3;1;13.5;1;9.8;1;;;;;0;9;;;;;;;;;;;;;;;;;;;;;;;;;;;;;;;;
75114007;PARIS-MONTSOURIS-DOUBLE;48.821667;2.337833;75;20250309;;;9.4;1;604;9;18.6;1;1332;9;13.5;1;14.0;1;9.2;1;;;;;0;9;;;;;;;;;;;;;;;;;;;;;;;;;;;;;;;;
75114007;PARIS-MONTSOURIS-DOUBLE;48.821667;2.337833;75;20250310;;;10.7;1;705;9;12.9;1;1522;9;11.3;1;11.8;1;2.2;1;;;;;0;9;;;;;;;;;;;;;;;;;;;;;;;;;;;;;;;;
75114007;PARIS-MONTSOURIS-DOUBLE;48.821667;2.337833;75;20250311;;;6.1;1;626;9;10.9;1;952;9;8.0;1;8.5;1;4.8;1;;;;;0;9;;;;;;;;;;;;;;;;;;;;;;;;;;;;;;;;
75114007;PARIS-MONTSOURIS-DOUBLE;48.821667;2.337833;75;20250312;;;3.7;1;633;9;8.2;1;1403;9;5.8;1;6.0;1;4.5;1;;;;;0;9;;;;;;;;;;;;;;;;;;;;;;;;;;;;;;;;
75114007;PARIS-MONTSOURIS-DOUBLE;48.821667;2.337833;75;20250313;;;3.5;1;628;9;8.7;1;1245;9;5.4;1;6.1;1;5.2;1;;;;;0;9;;;;;;;;;;;;;;;;;;;;;;;;;;;;;;;;
75114007;PARIS-MONTSOURIS-DOUBLE;48.821667;2.337833;75;20250314;;;2.3;1;354;9;8.4;1;1246;9;4.8;1;5.4;1;6.1;1;;;;;0;9;;;;;;;;;;;;;;;;;;;;;;;;;;;;;;;;
75114007;PARIS-MONTSOURIS-DOUBLE;48.821667;2.337833;75;20250315;;;1.5;1;619;9;9.6;1;1328;9;5.2;1;5.6;1;8.1;1;;;;;0;9;;;;;;;;;;;;;;;;;;;;;;;;;;;;;;;;
75114007;PARIS-MONTSOURIS-DOUBLE;48.821667;2.337833;75;20250316;;;3.4;1;352;9;11.5;1;1347;9;6.9;1;7.5;1;8.1;1;;;;;0;9;;;;;;;;;;;;;;;;;;;;;;;;;;;;;;;;
75114007;PARIS-MONTSOURIS-DOUBLE;48.821667;2.337833;75;20250317;;;2.2;1;551;9;12.7;1;1401;9;7.3;1;7.5;1;10.5;1;;;;;0;9;;;;;;;;;;;;;;;;;;;;;;;;;;;;;;;;
75114007;PARIS-MONTSOURIS-DOUBLE;48.821667;2.337833;75;20250318;;;2.7;1;636;9;13.5;1;1616;9;8.3;1;8.1;1;10.8;1;;;;;0;9;;;;;;;;;;;;;;;;;;;;;;;;;;;;;;;;
75114007;PARIS-MONTSOURIS-DOUBLE;48.821667;2.337833;75;20250319;;;5.0;1;609;9;18.1;1;1334;9;12.0;1;11.6;1;13.1;1;;;;;0;9;;;;;;;;;;;;;;;;;;;;;;;;;;;;;;;;
75114007;PARIS-MONTSOURIS-DOUBLE;48.821667;2.337833;75;20250320;;;6.5;1;541;9;19.9;1;1324;9;13.4;1;13.2;1;13.4;1;;;;;0;9;;;;;;;;;;;;;;;;;;;;;;;;;;;;;;;;
75114007;PARIS-MONTSOURIS-DOUBLE;48.821667;2.337833;75;20250321;;;11.5;1;540;9;19.3;1;1446;9;14.5;1;15.4;1;7.8;1;;;;;0;9;;;;;;;;;;;;;;;;;;;;;;;;;;;;;;;;
75114007;PARIS-MONTSOURIS-DOUBLE;48.821667;2.337833;75;20250322;;;11.3;1;636;9;18.7;1;1354;9;12.9;1;15.0;1;7.4;1;;;;;0;9;;;;;;;;;;;;;;;;;;;;;;;;;;;;;;;;
75114007;PARIS-MONTSOURIS-DOUBLE;48.821667;2.337833;75;20250323;;;7.0;1;237;9;14.1;1;1508;9;10.1;1;10.6;1;7.1;1;;;;;0;9;;;;;;;;;;;;;;;;;;;;;;;;;;;;;;;;
75114007;PARIS-MONTSOURIS-DOUBLE;48.821667;2.337833;75;20250324;;;8.3;1;542;9;17.1;1;1330;9;12.6;1;12.7;1;8.8;1;;;;;0;9;;;;;;;;;;;;;;;;;;;;;;;;;;;;;;;;
75114007;PARIS-MONTSOURIS-DOUBLE;48.821667;2.337833;75;20250325;;;8.0;1;759;9;14.7;1;1509;9;10.9;1;11.4;1;6.7;1;;;;;0;9;;;;;;;;;;;;;;;;;;;;;;;;;;;;;;;;
75114007;PARIS-MONTSOURIS-DOUBLE;48.821667;2.337833;75;20250326;;;9.3;1;306;9;15.5;1;1416;9;10.8;1;12.4;1;6.2;1;;;;;0;9;;;;;;;;;;;;;;;;;;;;;;;;;;;;;;;;
75114007;PARIS-MONTSOURIS-DOUBLE;48.821667;2.337833;75;20250327;;;5.2;1;544;9;17.0;1;1626;9;11.0;1;11.1;1;11.8;1;;;;;0;9;;;;;;;;;;;;;;;;;;;;;;;;;;;;;;;;
75114007;PARIS-MONTSOURIS-DOUBLE;48.821667;2.337833;75;20250328;;;5.1;1;631;9;13.4;1;1336;9;9.2;1;9.3;1;8.3;1;;;;;0;9;;;;;;;;;;;;;;;;;;;;;;;;;;;;;;;;
75114007;PARIS-MONTSOURIS-DOUBLE;48.821667;2.337833;75;20250329;;;7.5;1;548;9;14.4;1;1503;9;10.5;1;11.0;1;6.9;1;;;;;0;9;;;;;;;;;;;;;;;;;;;;;;;;;;;;;;;;
75114007;PARIS-MONTSOURIS-DOUBLE;48.821667;2.337833;75;20250330;;;7.4;1;137;9;16.9;1;1513;9;11.8;1;12.2;1;9.5;1;;;;;0;9;;;;;;;;;;;;;;;;;;;;;;;;;;;;;;;;
75114007;PARIS-MONTSOURIS-DOUBLE;48.821667;2.337833;75;20250331;;;6.8;1;537;9;16.2;1;1541;9;11.1;1;11.5;1;9.4;1;;;;;0;9;;;;;;;;;;;;;;;;;;;;;;;;;;;;;;;;
75114007;PARIS-MONTSOURIS-DOUBLE;48.821667;2.337833;75;20250401;;;6.9;1;551;9;16.1;1;1404;9;11.0;1;11.5;1;9.2;1;;;;;0;9;;;;;;;;;;;;;;;;;;;;;;;;;;;;;;;;
75114007;PARIS-MONTSOURIS-DOUBLE;48.821667;2.337833;75;20250402;;;6.7;1;600;9;18.2;1;1505;9;12.8;1;12.5;1;11.5;1;;;;;0;9;;;;;;;;;;;;;;;;;;;;;;;;;;;;;;;;
75114007;PARIS-MONTSOURIS-DOUBLE;48.821667;2.337833;75;20250403;;;9.8;1;455;9;21.9;1;1514;9;16.1;1;15.9;1;12.1;1;;;;;0;9;;;;;;;;;;;;;;;;;;;;;;;;;;;;;;;;
75114007;PARIS-MONTSOURIS-DOUBLE;48.821667;2.337833;75;20250404;;;13.4;1;529;9;24.7;1;1335;9;18.2;1;19.1;1;11.3;1;;;;;0;9;;;;;;;;;;;;;;;;;;;;;;;;;;;;;;;;
75114007;PARIS-MONTSOURIS-DOUBLE;48.821667;2.337833;75;20250405;;;11.3;1;543;9;25.6;1;1405;9;18.3;1;18.5;1;14.3;1;;;;;0;9;;;;;;;;;;;;;;;;;;;;;;;;;;;;;;;;
75114007;PARIS-MONTSOURIS-DOUBLE;48.821667;2.337833;75;20250406;;;9.5;1;549;9;19.7;1;1427;9;14.1;1;14.6;1;10.2;1;;;;;0;9;;;;;;;;;;;;;;;;;;;;;;;;;;;;;;;;
75114007;PARIS-MONTSOURIS-DOUBLE;48.821667;2.337833;75;20250407;;;6.0;1;509;9;18.0;1;1516;9;12.0;1;12.0;1;12.0;1;;;;;0;9;;;;;;;;;;;;;;;;;;;;;;;;;;;;;;;;
75114007;PARIS-MONTSOURIS-DOUBLE;48.821667;2.337833;75;20250408;;;6.3;1;508;9;19.5;1;1423;9;13.0;1;12.9;1;13.2;1;;;;;0;9;;;;;;;;;;;;;;;;;;;;;;;;;;;;;;;;
75114007;PARIS-MONTSOURIS-DOUBLE;48.821667;2.337833;75;20250409;;;7.9;1;541;9;19.6;1;1410;9;13.2;1;13.8;1;11.7;1;;;;;0;9;;;;;;;;;;;;;;;;;;;;;;;;;;;;;;;;
75114007;PARIS-MONTSOURIS-DOUBLE;48.821667;2.337833;75;20250410;;;5.7;1;511;9;17.4;1;1539;9;11.2;1;11.6;1;11.7;1;;;;;0;9;;;;;;;;;;;;;;;;;;;;;;;;;;;;;;;;
75114007;PARIS-MONTSOURIS-DOUBLE;48.821667;2.337833;75;20250411;;;7.0;1;510;9;22.0;1;1555;9;14.6;1;14.5;1;15.0;1;;;;;0;9;;;;;;;;;;;;;;;;;;;;;;;;;;;;;;;;
75114007;PARIS-MONTSOURIS-DOUBLE;48.821667;2.337833;75;20250412;;;9.9;1;540;9;22.6;1;1246;9;14.8;1;16.3;1;12.7;1;;;;;0;9;;;;;;;;;;;;;;;;;;;;;;;;;;;;;;;;
75114007;PARIS-MONTSOURIS-DOUBLE;48.821667;2.337833;75;20250413;;;12.7;1;615;9;17.8;1;1622;9;14.1;1;15.3;1;5.1;1;;;;;0;9;;;;;;;;;;;;;;;;;;;;;;;;;;;;;;;;
75114007;PARIS-MONTSOURIS-DOUBLE;48.821667;2.337833;75;20250414;;;7.9;1;416;9;20.1;1;1521;9;14.4;1;14.0;1;12.2;1;;;;;0;9;;;;;;;;;;;;;;;;;;;;;;;;;;;;;;;;
75114007;PARIS-MONTSOURIS-DOUBLE;48.821667;2.337833;75;20250415;;;12.3;1;508;9;18.7;1;1051;9;14.3;1;15.5;1;6.4;1;;;;;0;9;;;;;;;;;;;;;;;;;;;;;;;;;;;;;;;;
75114007;PARIS-MONTSOURIS-DOUBLE;48.821667;2.337833;75;20250416;;;8.0;1;608;9;14.6;1;1452;9;10.8;1;11.3;1;6.6;1;;;;;0;9;;;;;;;;;;;;;;;;;;;;;;;;;;;;;;;;
75114007;PARIS-MONTSOURIS-DOUBLE;48.821667;2.337833;75;20250417;;;6.8;1;536;9;17.3;1;1526;9;12.0;1;12.1;1;10.5;1;;;;;0;9;;;;;;;;;;;;;;;;;;;;;;;;;;;;;;;;
75114007;PARIS-MONTSOURIS-DOUBLE;48.821667;2.337833;75;20250418;;;5.7;1;442;9;18.9;1;1346;9;13.2;1;12.3;1;13.2;1;;;;;0;9;;;;;;;;;;;;;;;;;;;;;;;;;;;;;;;;
75114007;PARIS-MONTSOURIS-DOUBLE;48.821667;2.337833;75;20250419;;;9.2;1;514;9;20.4;1;1549;9;13.7;1;14.8;1;11.2;1;;;;;0;9;;;;;;;;;;;;;;;;;;;;;;;;;;;;;;;;
75114007;PARIS-MONTSOURIS-DOUBLE;48.821667;2.337833;75;20250420;;;10.6;1;535;9;16.7;1;1339;9;12.8;1;13.7;1;6.1;1;;;;;0;9;;;;;;;;;;;;;;;;;;;;;;;;;;;;;;;;
75114007;PARIS-MONTSOURIS-DOUBLE;48.821667;2.337833;75;20250421;;;9.7;1;2344;9;15.4;1;1452;9;11.7;1;12.6;1;5.7;1;;;;;0;9;;;;;;;;;;;;;;;;;;;;;;;;;;;;;;;;
75114007;PARIS-MONTSOURIS-DOUBLE;48.821667;2.337833;75;20250422;;;9.3;1;335;9;16.6;1;1128;9;12.8;1;13.0;1;7.3;1;;;;;0;9;;;;;;;;;;;;;;;;;;;;;;;;;;;;;;;;
75114007;PARIS-MONTSOURIS-DOUBLE;48.821667;2.337833;75;20250423;;;8.6;1;631;9;15.9;1;1703;9;11.6;1;12.3;1;7.3;1;;;;;0;9;;;;;;;;;;;;;;;;;;;;;;;;;;;;;;;;
75114007;PARIS-MONTSOURIS-DOUBLE;48.821667;2.337833;75;20250424;;;10.6;1;2251;9;15.8;1;1252;9;12.6;1;13.2;1;5.2;1;;;;;0;9;;;;;;;;;;;;;;;;;;;;;;;;;;;;;;;;
75114007;PARIS-MONTSOURIS-DOUBLE;48.821667;2.337833;75;20250425;;;8.3;1;154;9;16.1;1;1712;9;12.2;1;12.2;1;7.8;1;;;;;0;9;;;;;;;;;;;;;;;;;;;;;;;;;;;;;;;;
75114007;PARIS-MONTSOURIS-DOUBLE;48.821667;2.337833;75;20250426;;;8.6;1;440;9;21.1;1;1401;9;14.7;1;14.9;1;12.5;1;;;;;0;9;;;;;;;;;;;;;;;;;;;;;;;;;;;;;;;;
75114007;PARIS-MONTSOURIS-DOUBLE;48.821667;2.337833;75;20250427;;;11.5;1;351;9;22.0;1;1240;9;16.2;1;16.8;1;10.5;1;;;;;0;9;;;;;;;;;;;;;;;;;;;;;;;;;;;;;;;;
75114007;PARIS-MONTSOURIS-DOUBLE;48.821667;2.337833;75;20250428;;;11.4;1;457;9;24.8;1;1522;9;18.5;1;18.1;1;13.4;1;;;;;0;9;;;;;;;;;;;;;;;;;;;;;;;;;;;;;;;;
75114007;PARIS-MONTSOURIS-DOUBLE;48.821667;2.337833;75;20250429;;;12.2;1;508;9;26.3;1;1403;9;19.9;1;19.3;1;14.1;1;;;;;0;9;;;;;;;;;;;;;;;;;;;;;;;;;;;;;;;;
75114007;PARIS-MONTSOURIS-DOUBLE;48.821667;2.337833;75;20250430;;;13.6;1;454;9;28.4;1;1359;9;21.5;1;21.0;1;14.8;1;;;;;0;9;;;;;;;;;;;;;;;;;;;;;;;;;;;;;;;;
75114007;PARIS-MONTSOURIS-DOUBLE;48.821667;2.337833;75;20250501;;;14.9;1;441;9;29.1;1;1353;9;22.4;1;22.0;1;14.2;1;;;;;0;9;;;;;;;;;;;;;;;;;;;;;;;;;;;;;;;;
75114007;PARIS-MONTSOURIS-DOUBLE;48.821667;2.337833;75;20250502;;;16.3;1;404;9;28.3;1;1355;9;22.7;1;22.3;1;12.0;1;;;;;0;9;;;;;;;;;;;;;;;;;;;;;;;;;;;;;;;;
75114007;PARIS-MONTSOURIS-DOUBLE;48.821667;2.337833;75;20250503;;;16.3;1;1434;9;26.6;1;1221;9;19.6;1;21.5;1;10.3;1;;;;;0;9;;;;;;;;;;;;;;;;;;;;;;;;;;;;;;;;
75114007;PARIS-MONTSOURIS-DOUBLE;48.821667;2.337833;75;20250504;;;9.4;1;523;9;17.3;1;1325;9;12.6;1;13.4;1;7.9;1;;;;;0;9;;;;;;;;;;;;;;;;;;;;;;;;;;;;;;;;
75114007;PARIS-MONTSOURIS-DOUBLE;48.821667;2.337833;75;20250505;;;6.6;1;337;9;15.3;1;1555;9;11.0;1;11.0;1;8.7;1;;;;;0;9;;;;;;;;;;;;;;;;;;;;;;;;;;;;;;;;
75114007;PARIS-MONTSOURIS-DOUBLE;48.821667;2.337833;75;20250506;;;7.6;1;453;9;17.2;1;1342;9;12.2;1;12.4;1;9.6;1;;;;;0;9;;;;;;;;;;;;;;;;;;;;;;;;;;;;;;;;
75114007;PARIS-MONTSOURIS-DOUBLE;48.821667;2.337833;75;20250507;;;9.1;1;223;9;16.9;1;1538;9;12.2;1;13.0;1;7.8;1;;;;;0;9;;;;;;;;;;;;;;;;;;;;;;;;;;;;;;;;
75114007;PARIS-MONTSOURIS-DOUBLE;48.821667;2.337833;75;20250508;;;8.8;1;347;9;19.7;1;1440;9;14.0;1;14.3;1;10.9;1;;;;;0;9;;;;;;;;;;;;;;;;;;;;;;;;;;;;;;;;
75114007;PARIS-MONTSOURIS-DOUBLE;48.821667;2.337833;75;20250509;;;10.3;1;504;9;20.8;1;1314;9;15.7;1;15.6;1;10.5;1;;;;;0;9;;;;;;;;;;;;;;;;;;;;;;;;;;;;;;;;
75114007;PARIS-MONTSOURIS-DOUBLE;48.821667;2.337833;75;20250510;;;9.6;1;446;9;23.7;1;1406;9;17.8;1;16.7;1;14.1;1;;;;;0;9;;;;;;;;;;;;;;;;;;;;;;;;;;;;;;;;
75114007;PARIS-MONTSOURIS-DOUBLE;48.821667;2.337833;75;20250511;;;12.8;1;423;9;24.1;1;1402;9;18.2;1;18.5;1;11.3;1;;;;;0;9;;;;;;;;;;;;;;;;;;;;;;;;;;;;;;;;
75114007;PARIS-MONTSOURIS-DOUBLE;48.821667;2.337833;75;20250512;;;12.7;1;425;9;20.8;1;1541;9;15.8;1;16.8;1;8.1;1;;;;;0;9;;;;;;;;;;;;;;;;;;;;;;;;;;;;;;;;
75114007;PARIS-MONTSOURIS-DOUBLE;48.821667;2.337833;75;20250513;;;11.6;1;409;9;22.5;1;1405;9;16.9;1;17.1;1;10.9;1;;;;;0;9;;;;;;;;;;;;;;;;;;;;;;;;;;;;;;;;
75114007;PARIS-MONTSOURIS-DOUBLE;48.821667;2.337833;75;20250514;;;12.2;1;424;9;25.2;1;1528;9;18.8;1;18.7;1;13.0;1;;;;;0;9;;;;;;;;;;;;;;;;;;;;;;;;;;;;;;;;
75114007;PARIS-MONTSOURIS-DOUBLE;48.821667;2.337833;75;20250515;;;9.4;1;417;9;17.3;1;1421;9;13.1;1;13.4;1;7.9;1;;;;;0;9;;;;;;;;;;;;;;;;;;;;;;;;;;;;;;;;
75114007;PARIS-MONTSOURIS-DOUBLE;48.821667;2.337833;75;20250516;;;9.0;1;417;9;20.9;1;1454;9;14.7;1;15.0;1;11.9;1;;;;;0;9;;;;;;;;;;;;;;;;;;;;;;;;;;;;;;;;
75114007;PARIS-MONTSOURIS-DOUBLE;48.821667;2.337833;75;20250517;;;9.5;1;56;9;19.0;1;1532;9;14.0;1;14.3;1;9.5;1;;;;;0;9;;;;;;;;;;;;;;;;;;;;;;;;;;;;;;;;
75114007;PARIS-MONTSOURIS-DOUBLE;48.821667;2.337833;75;20250518;;;9.1;1;625;9;21.3;1;1540;9;14.4;1;15.2;1;12.2;1;;;;;0;9;;;;;;;;;;;;;;;;;;;;;;;;;;;;;;;;
75114007;PARIS-MONTSOURIS-DOUBLE;48.821667;2.337833;75;20250519;;;8.9;1;419;9;23.7;1;1542;9;17.1;1;16.3;1;14.8;1;;;;;0;9;;;;;;;;;;;;;;;;;;;;;;;;;;;;;;;;
75114007;PARIS-MONTSOURIS-DOUBLE;48.821667;2.337833;75;20250520;;;12.8;1;416;9;25.0;1;1316;9;19.2;1;18.9;1;12.2;1;;;;;0;9;;;;;;;;;;;;;;;;;;;;;;;;;;;;;;;;
75114007;PARIS-MONTSOURIS-DOUBLE;48.821667;2.337833;75;20250521;;;12.6;1;1754;9;18.9;1;924;9;14.2;1;15.8;1;6.3;1;;;;;0;9;;;;;;;;;;;;;;;;;;;;;;;;;;;;;;;;
75114007;PARIS-MONTSOURIS-DOUBLE;48.821667;2.337833;75;20250522;;;9.1;1;339;9;20.7;1;1640;9;14.1;1;14.9;1;11.6;1;;;;;0;9;;;;;;;;;;;;;;;;;;;;;;;;;;;;;;;;
75114007;PARIS-MONTSOURIS-DOUBLE;48.821667;2.337833;75;20250523;;;8.7;1;448;9;19.0;1;1715;9;13.7;1;13.9;1;10.3;1;;;;;0;9;;;;;;;;;;;;;;;;;;;;;;;;;;;;;;;;
75114007;PARIS-MONTSOURIS-DOUBLE;48.821667;2.337833;75;20250524;;;9.1;1;309;9;20.4;1;1730;9;15.9;1;14.8;1;11.3;1;;;;;0;9;;;;;;;;;;;;;;;;;;;;;;;;;;;;;;;;
75114007;PARIS-MONTSOURIS-DOUBLE;48.821667;2.337833;75;20250525;;;15.1;1;545;9;21.5;1;1439;9;17.0;1;18.3;1;6.4;1;;;;;0;9;;;;;;;;;;;;;;;;;;;;;;;;;;;;;;;;
75114007;PARIS-MONTSOURIS-DOUBLE;48.821667;2.337833;75;20250526;;;11.4;1;413;9;19.2;1;1244;9;15.6;1;15.3;1;7.8;1;;;;;0;9;;;;;;;;;;;;;;;;;;;;;;;;;;;;;;;;
75114007;PARIS-MONTSOURIS-DOUBLE;48.821667;2.337833;75;20250527;;;12.6;1;455;9;19.1;1;1750;9;16.4;1;15.9;1;6.5;1;;;;;0;9;;;;;;;;;;;;;;;;;;;;;;;;;;;;;;;;
75114007;PARIS-MONTSOURIS-DOUBLE;48.821667;2.337833;75;20250528;;;14.0;1;436;9;21.9;1;1354;9;17.5;1;18.0;1;7.9;1;;;;;0;9;;;;;;;;;;;;;;;;;;;;;;;;;;;;;;;;
75114007;PARIS-MONTSOURIS-DOUBLE;48.821667;2.337833;75;20250529;;;11.3;1;434;9;24.1;1;1410;9;19.2;1;17.7;1;12.8;1;;;;;0;9;;;;;;;;;;;;;;;;;;;;;;;;;;;;;;;;
75114007;PARIS-MONTSOURIS-DOUBLE;48.821667;2.337833;75;20250530;;;14.4;1;418;9;30.3;1;1540;9;23.2;1;22.4;1;15.9;1;;;;;0;9;;;;;;;;;;;;;;;;;;;;;;;;;;;;;;;;
75114007;PARIS-MONTSOURIS-DOUBLE;48.821667;2.337833;75;20250531;;;17.1;1;350;9;29.0;1;1453;9;22.6;1;23.1;1;11.9;1;;;;;0;9;;;;;;;;;;;;;;;;;;;;;;;;;;;;;;;;
75114007;PARIS-MONTSOURIS-DOUBLE;48.821667;2.337833;75;20250601;;;17.0;1;638;9;22.8;1;1625;9;19.2;1;19.9;1;5.8;1;;;;;0;9;;;;;;;;;;;;;;;;;;;;;;;;;;;;;;;;
75114007;PARIS-MONTSOURIS-DOUBLE;48.821667;2.337833;75;20250602;;;15.0;1;511;9;22.4;1;1709;9;17.9;1;18.7;1;7.4;1;;;;;0;9;;;;;;;;;;;;;;;;;;;;;;;;;;;;;;;;
75114007;PARIS-MONTSOURIS-DOUBLE;48.821667;2.337833;75;20250603;;;12.1;1;244;9;24.1;1;1138;9;19.0;1;18.1;1;12.0;1;;;;;0;9;;;;;;;;;;;;;;;;;;;;;;;;;;;;;;;;
75114007;PARIS-MONTSOURIS-DOUBLE;48.821667;2.337833;75;20250604;;;13.9;1;440;9;20.0;1;1534;9;16.2;1;17.0;1;6.1;1;;;;;0;9;;;;;;;;;;;;;;;;;;;;;;;;;;;;;;;;
75114007;PARIS-MONTSOURIS-DOUBLE;48.821667;2.337833;75;20250605;;;13.8;1;349;9;19.4;1;1156;9;16.1;1;16.6;1;5.6;1;;;;;0;9;;;;;;;;;;;;;;;;;;;;;;;;;;;;;;;;
75114007;PARIS-MONTSOURIS-DOUBLE;48.821667;2.337833;75;20250606;;;13.4;1;255;9;22.2;1;1435;9;17.2;1;17.8;1;8.8;1;;;;;0;9;;;;;;;;;;;;;;;;;;;;;;;;;;;;;;;;
75114007;PARIS-MONTSOURIS-DOUBLE;48.821667;2.337833;75;20250607;;;13.9;1;435;9;20.0;1;1412;9;16.5;1;17.0;1;6.1;1;;;;;0;9;;;;;;;;;;;;;;;;;;;;;;;;;;;;;;;;
75114007;PARIS-MONTSOURIS-DOUBLE;48.821667;2.337833;75;20250608;;;12.4;1;401;9;19.5;1;1455;9;15.8;1;16.0;1;7.1;1;;;;;0;9;;;;;;;;;;;;;;;;;;;;;;;;;;;;;;;;
75114007;PARIS-MONTSOURIS-DOUBLE;48.821667;2.337833;75;20250609;;;11.8;1;350;9;23.0;1;1613;9;17.4;1;17.4;1;11.2;1;;;;;0;9;;;;;;;;;;;;;;;;;;;;;;;;;;;;;;;;
75114007;PARIS-MONTSOURIS-DOUBLE;48.821667;2.337833;75;20250610;;;12.8;1;340;9;24.6;1;1437;9;19.1;1;18.7;1;11.8;1;;;;;0;9;;;;;;;;;;;;;;;;;;;;;;;;;;;;;;;;
75114007;PARIS-MONTSOURIS-DOUBLE;48.821667;2.337833;75;20250611;;;14.7;1;351;9;27.9;1;1451;9;21.8;1;21.3;1;13.2;1;;;;;0;9;;;;;;;;;;;;;;;;;;;;;;;;;;;;;;;;
75114007;PARIS-MONTSOURIS-DOUBLE;48.821667;2.337833;75;20250612;;;16.6;1;414;9;32.0;1;1440;9;25.0;1;24.3;1;15.4;1;;;;;0;9;;;;;;;;;;;;;;;;;;;;;;;;;;;;;;;;
75114007;PARIS-MONTSOURIS-DOUBLE;48.821667;2.337833;75;20250613;;;21.2;1;351;9;33.7;1;1515;9;26.9;1;27.5;1;12.5;1;;;;;0;9;;;;;;;;;;;;;;;;;;;;;;;;;;;;;;;;
75114007;PARIS-MONTSOURIS-DOUBLE;48.821667;2.337833;75;20250614;;;19.5;1;120;9;28.6;1;1316;9;23.3;1;24.1;1;9.1;1;;;;;0;9;;;;;;;;;;;;;;;;;;;;;;;;;;;;;;;;
75114007;PARIS-MONTSOURIS-DOUBLE;48.821667;2.337833;75;20250615;;;16.5;1;811;9;23.2;1;1514;9;19.1;1;19.9;1;6.7;1;;;;;0;9;;;;;;;;;;;;;;;;;;;;;;;;;;;;;;;;
75114007;PARIS-MONTSOURIS-DOUBLE;48.821667;2.337833;75;20250616;;;13.2;1;406;9;26.8;1;1650;9;20.5;1;20.0;1;13.6;1;;;;;0;9;;;;;;;;;;;;;;;;;;;;;;;;;;;;;;;;
75114007;PARIS-MONTSOURIS-DOUBLE;48.821667;2.337833;75;20250617;;;16.3;1;353;9;28.9;1;1628;9;23.2;1;22.6;1;12.6;1;;;;;0;9;;;;;;;;;;;;;;;;;;;;;;;;;;;;;;;;
75114007;PARIS-MONTSOURIS-DOUBLE;48.821667;2.337833;75;20250618;;;17.1;1;340;9;29.3;1;1609;9;23.4;1;23.2;1;12.2;1;;;;;0;9;;;;;;;;;;;;;;;;;;;;;;;;;;;;;;;;
75114007;PARIS-MONTSOURIS-DOUBLE;48.821667;2.337833;75;20250619;;;18.2;1;401;9;31.6;1;1457;9;25.5;1;24.9;1;13.4;1;;;;;0;9;;;;;;;;;;;;;;;;;;;;;;;;;;;;;;;;
75114007;PARIS-MONTSOURIS-DOUBLE;48.821667;2.337833;75;20250620;;;19.6;1;352;9;32.1;1;1432;9;25.8;1;25.9;1;12.5;1;;;;;0;9;;;;;;;;;;;;;;;;;;;;;;;;;;;;;;;;
75114007;PARIS-MONTSOURIS-DOUBLE;48.821667;2.337833;75;20250621;;;18.9;1;421;9;35.1;1;1541;9;27.7;1;27.0;1;16.2;1;;;;;0;9;;;;;;;;;;;;;;;;;;;;;;;;;;;;;;;;
75114007;PARIS-MONTSOURIS-DOUBLE;48.821667;2.337833;75;20250622;;;22.0;1;406;9;29.5;1;1713;9;24.7;1;25.8;1;7.5;1;;;;;0;9;;;;;;;;;;;;;;;;;;;;;;;;;;;;;;;;
75114007;PARIS-MONTSOURIS-DOUBLE;48.821667;2.337833;75;20250623;;;17.9;1;524;9;25.6;1;1534;9;20.8;1;21.8;1;7.7;1;;;;;0;9;;;;;;;;;;;;;;;;;;;;;;;;;;;;;;;;
75114007;PARIS-MONTSOURIS-DOUBLE;48.821667;2.337833;75;20250624;;;14.6;1;329;9;30.1;1;1608;9;22.6;1;22.4;1;15.5;1;;;;;0;9;;;;;;;;;;;;;;;;;;;;;;;;;;;;;;;;
75114007;PARIS-MONTSOURIS-DOUBLE;48.821667;2.337833;75;20250625;;;19.8;1;355;9;36.2;1;1744;9;26.2;1;28.0;1;16.4;1;;;;;0;9;;;;;;;;;;;;;;;;;;;;;;;;;;;;;;;;
75114007;PARIS-MONTSOURIS-DOUBLE;48.821667;2.337833;75;20250626;;;19.3;1;650;9;26.6;1;1355;9;22.9;1;23.0;1;7.3;1;;;;;0;9;;;;;;;;;;;;;;;;;;;;;;;;;;;;;;;;
75114007;PARIS-MONTSOURIS-DOUBLE;48.821667;2.337833;75;20250627;;;20.1;1;503;9;27.4;1;1553;9;23.8;1;23.8;1;7.3;1;;;;;0;9;;;;;;;;;;;;;;;;;;;;;;;;;;;;;;;;
75114007;PARIS-MONTSOURIS-DOUBLE;48.821667;2.337833;75;20250628;;;19.8;1;320;9;30.2;1;1629;9;24.9;1;25.0;1;10.4;1;;;;;0;9;;;;;;;;;;;;;;;;;;;;;;;;;;;;;;;;
75114007;PARIS-MONTSOURIS-DOUBLE;48.821667;2.337833;75;20250629;;;18.7;1;409;9;30.9;1;1451;9;24.7;1;24.8;1;12.2;1;;;;;0;9;;;;;;;;;;;;;;;;;;;;;;;;;;;;;;;;
75114007;PARIS-MONTSOURIS-DOUBLE;48.821667;2.337833;75;20250630;;;20.7;1;448;9;35.2;1;1538;9;28.3;1;28.0;1;14.5;1;;;;;0;9;;;;;;;;;;;;;;;;;;;;;;;;;;;;;;;;
75114007;PARIS-MONTSOURIS-DOUBLE;48.821667;2.337833;75;20250701;;;22.6;1;416;9;37.8;1;1607;9;31.3;1;30.2;1;15.2;1;;;;;0;9;;;;;;;;;;;;;;;;;;;;;;;;;;;;;;;;
75114007;PARIS-MONTSOURIS-DOUBLE;48.821667;2.337833;75;20250702;;;20.7;1;1713;9;32.4;1;1314;9;24.8;1;26.6;1;11.7;1;;;;;0;9;;;;;;;;;;;;;;;;;;;;;;;;;;;;;;;;
75114007;PARIS-MONTSOURIS-DOUBLE;48.821667;2.337833;75;20250703;;;17.2;1;421;9;26.8;1;1527;9;21.6;1;22.0;1;9.6;1;;;;;0;9;;;;;;;;;;;;;;;;;;;;;;;;;;;;;;;;
75114007;PARIS-MONTSOURIS-DOUBLE;48.821667;2.337833;75;20250704;;;15.3;1;402;9;28.0;1;1504;9;21.9;1;21.7;1;12.7;1;;;;;0;9;;;;;;;;;;;;;;;;;;;;;;;;;;;;;;;;
75114007;PARIS-MONTSOURIS-DOUBLE;48.821667;2.337833;75;20250705;;;17.1;1;425;9;27.3;1;1340;9;21.6;1;22.2;1;10.2;1;;;;;0;9;;;;;;;;;;;;;;;;;;;;;;;;;;;;;;;;
75114007;PARIS-MONTSOURIS-DOUBLE;48.821667;2.337833;75;20250706;;;13.5;1;512;9;20.4;1;1733;9;16.4;1;17.0;1;6.9;1;;;;;0;9;;;;;;;;;;;;;;;;;;;;;;;;;;;;;;;;
75114007;PARIS-MONTSOURIS-DOUBLE;48.821667;2.337833;75;20250707;;;14.7;1;848;9;20.6;1;1444;9;16.7;1;17.7;1;5.9;1;;;;;0;9;;;;;;;;;;;;;;;;;;;;;;;;;;;;;;;;
75114007;PARIS-MONTSOURIS-DOUBLE;48.821667;2.337833;75;20250708;;;13.9;1;436;9;22.8;1;1655;9;17.9;1;18.4;1;8.9;1;;;;;0;9;;;;;;;;;;;;;;;;;;;;;;;;;;;;;;;;
75114007;PARIS-MONTSOURIS-DOUBLE;48.821667;2.337833;75;20250709;;;12.5;1;329;9;26.2;1;1646;9;20.1;1;19.4;1;13.7;1;;;;;0;9;;;;;;;;;;;;;;;;;;;;;;;;;;;;;;;;
75114007;PARIS-MONTSOURIS-DOUBLE;48.821667;2.337833;75;20250710;;;15.8;1;252;9;28.6;1;1421;9;23.0;1;22.2;1;12.8;1;;;;;0;9;;;;;;;;;;;;;;;;;;;;;;;;;;;;;;;;
75114007;PARIS-MONTSOURIS-DOUBLE;48.821667;2.337833;75;20250711;;;18.2;1;418;9;29.6;1;1354;9;24.4;1;23.9;1;11.4;1;;;;;0;9;;;;;;;;;;;;;;;;;;;;;;;;;;;;;;;;
75114007;PARIS-MONTSOURIS-DOUBLE;48.821667;2.337833;75;20250712;;;18.7;1;352;9;29.1;1;1554;9;24.2;1;23.9;1;10.4;1;;;;;0;9;;;;;;;;;;;;;;;;;;;;;;;;;;;;;;;;
75114007;PARIS-MONTSOURIS-DOUBLE;48.821667;2.337833;75;20250713;;;17.9;1;424;9;31.3;1;1649;9;25.2;1;24.6;1;13.4;1;;;;;0;9;;;;;;;;;;;;;;;;;;;;;;;;;;;;;;;;
75114007;PARIS-MONTSOURIS-DOUBLE;48.821667;2.337833;75;20250714;;;20.3;1;434;9;27.8;1;1554;9;22.9;1;24.1;1;7.5;1;;;;;0;9;;;;;;;;;;;;;;;;;;;;;;;;;;;;;;;;
75114007;PARIS-MONTSOURIS-DOUBLE;48.821667;2.337833;75;20250715;;;17.7;1;409;9;24.8;1;1359;9;21.3;1;21.3;1;7.1;1;;;;;0;9;;;;;;;;;;;;;;;;;;;;;;;;;;;;;;;;
75114007;PARIS-MONTSOURIS-DOUBLE;48.821667;2.337833;75;20250716;;;18.9;1;244;9;22.5;1;1225;9;20.2;1;20.7;1;3.6;1;;;;;0;9;;;;;;;;;;;;;;;;;;;;;;;;;;;;;;;;
75114007;PARIS-MONTSOURIS-DOUBLE;48.821667;2.337833;75;20250717;;;16.9;1;307;9;27.9;1;1737;9;21.7;1;22.4;1;11.0;1;;;;;0;9;;;;;;;;;;;;;;;;;;;;;;;;;;;;;;;;
75114007;PARIS-MONTSOURIS-DOUBLE;48.821667;2.337833;75;20250718;;;19.9;1;504;9;31.8;1;1459;9;26.0;1;25.9;1;11.9;1;;;;;0;9;;;;;;;;;;;;;;;;;;;;;;;;;;;;;;;;
75114007;PARIS-MONTSOURIS-DOUBLE;48.821667;2.337833;75;20250719;;;20.8;1;1101;9;27.1;1;1736;9;22.8;1;24.0;1;6.3;1;;;;;0;9;;;;;;;;;;;;;;;;;;;;;;;;;;;;;;;;
75114007;PARIS-MONTSOURIS-DOUBLE;48.821667;2.337833;75;20250720;;;16.5;1;916;9;24.4;1;1624;9;19.8;1;20.5;1;7.9;1;;;;;0;9;;;;;;;;;;;;;;;;;;;;;;;;;;;;;;;;
75114007;PARIS-MONTSOURIS-DOUBLE;48.821667;2.337833;75;20250721;;;16.5;1;550;9;22.4;1;1538;9;18.7;1;19.5;1;5.9;1;;;;;0;9;;;;;;;;;;;;;;;;;;;;;;;;;;;;;;;;
75114007;PARIS-MONTSOURIS-DOUBLE;48.821667;2.337833;75;20250722;;;16.9;1;17;9;22.5;1;1451;9;19.4;1;19.7;1;5.6;1;;;;;0;9;;;;;;;;;;;;;;;;;;;;;;;;;;;;;;;;
75114007;PARIS-MONTSOURIS-DOUBLE;48.821667;2.337833;75;20250723;;;17.0;1;451;9;23.2;1;1039;9;19.1;1;20.1;1;6.2;1;;;;;0;9;;;;;;;;;;;;;;;;;;;;;;;;;;;;;;;;
75114007;PARIS-MONTSOURIS-DOUBLE;48.821667;2.337833;75;20250724;;;16.2;1;428;9;23.5;1;1356;9;18.5;1;19.9;1;7.3;1;;;;;0;9;;;;;;;;;;;;;;;;;;;;;;;;;;;;;;;;
75114007;PARIS-MONTSOURIS-DOUBLE;48.821667;2.337833;75;20250725;;;16.2;1;437;9;26.7;1;1602;9;21.3;1;21.5;1;10.5;1;;;;;0;9;;;;;;;;;;;;;;;;;;;;;;;;;;;;;;;;
75114007;PARIS-MONTSOURIS-DOUBLE;48.821667;2.337833;75;20250726;;;17.1;1;425;9;26.5;1;1510;9;21.4;1;21.8;1;9.4;1;;;;;0;9;;;;;;;;;;;;;;;;;;;;;;;;;;;;;;;;
75114007;PARIS-MONTSOURIS-DOUBLE;48.821667;2.337833;75;20250727;;;16.3;1;1750;9;23.2;1;1410;9;18.5;1;19.8;1;6.9;1;;;;;0;9;;;;;;;;;;;;;;;;;;;;;;;;;;;;;;;;
75114007;PARIS-MONTSOURIS-DOUBLE;48.821667;2.337833;75;20250728;;;16.2;1;1829;9;23.3;1;1621;9;19.1;1;19.8;1;7.1;1;;;;;0;9;;;;;;;;;;;;;;;;;;;;;;;;;;;;;;;;
75114007;PARIS-MONTSOURIS-DOUBLE;48.821667;2.337833;75;20250729;;;14.0;1;401;9;23.2;1;1150;9;18.8;1;18.6;1;9.2;1;;;;;0;9;;;;;;;;;;;;;;;;;;;;;;;;;;;;;;;;
75114007;PARIS-MONTSOURIS-DOUBLE;48.821667;2.337833;75;20250730;;;16.4;1;450;9;24.8;1;1608;9;20.4;1;20.6;1;8.4;1;;;;;0;9;;;;;;;;;;;;;;;;;;;;;;;;;;;;;;;;
75114007;PARIS-MONTSOURIS-DOUBLE;48.821667;2.337833;75;20250731;;;16.1;1;443;9;24.9;1;1310;9;20.8;1;20.5;1;8.8;1;;;;;0;9;;;;;;;;;;;;;;;;;;;;;;;;;;;;;;;;
75114007;PARIS-MONTSOURIS-DOUBLE;48.821667;2.337833;75;20250801;;;17.6;1;529;9;23.3;1;1217;9;19.5;1;20.5;1;5.7;1;;;;;0;9;;;;;;;;;;;;;;;;;;;;;;;;;;;;;;;;
75114007;PARIS-MONTSOURIS-DOUBLE;48.821667;2.337833;75;20250802;;;14.6;1;418;9;22.3;1;1630;9;18.1;1;18.5;1;7.7;1;;;;;0;9;;;;;;;;;;;;;;;;;;;;;;;;;;;;;;;;
75114007;PARIS-MONTSOURIS-DOUBLE;48.821667;2.337833;75;20250803;;;14.1;1;226;9;25.4;1;1517;9;20.2;1;19.8;1;11.3;1;;;;;0;9;;;;;;;;;;;;;;;;;;;;;;;;;;;;;;;;
75114007;PARIS-MONTSOURIS-DOUBLE;48.821667;2.337833;75;20250804;;;18.4;1;417;9;29.3;1;1655;9;23.4;1;23.9;1;10.9;1;;;;;0;9;;;;;;;;;;;;;;;;;;;;;;;;;;;;;;;;
75114007;PARIS-MONTSOURIS-DOUBLE;48.821667;2.337833;75;20250805;;;17.1;1;648;9;22.9;1;1447;9;19.6;1;20.0;1;5.8;1;;;;;0;9;;;;;;;;;;;;;;;;;;;;;;;;;;;;;;;;
75114007;PARIS-MONTSOURIS-DOUBLE;48.821667;2.337833;75;20250806;;;14.0;1;511;9;24.7;1;1727;9;19.3;1;19.4;1;10.7;1;;;;;0;9;;;;;;;;;;;;;;;;;;;;;;;;;;;;;;;;
75114007;PARIS-MONTSOURIS-DOUBLE;48.821667;2.337833;75;20250807;;;15.3;1;313;9;29.7;1;1635;9;22.6;1;22.5;1;14.4;1;;;;;0;9;;;;;;;;;;;;;;;;;;;;;;;;;;;;;;;;
75114007;PARIS-MONTSOURIS-DOUBLE;48.821667;2.337833;75;20250808;;;17.3;1;453;9;27.3;1;1420;9;22.4;1;22.3;1;10.0;1;;;;;0;9;;;;;;;;;;;;;;;;;;;;;;;;;;;;;;;;
75114007;PARIS-MONTSOURIS-DOUBLE;48.821667;2.337833;75;20250809;;;18.0;1;253;9;27.4;1;1450;9;22.1;1;22.7;1;9.4;1;;;;;0;9;;;;;;;;;;;;;;;;;;;;;;;;;;;;;;;;
75114007;PARIS-MONTSOURIS-DOUBLE;48.821667;2.337833;75;20250810;;;14.5;1;439;9;28.6;1;1611;9;21.8;1;21.6;1;14.1;1;;;;;0;9;;;;;;;;;;;;;;;;;;;;;;;;;;;;;;;;
75114007;PARIS-MONTSOURIS-DOUBLE;48.821667;2.337833;75;20250811;;;16.7;1;503;9;32.1;1;1515;9;25.0;1;24.4;1;15.4;1;;;;;0;9;;;;;;;;;;;;;;;;;;;;;;;;;;;;;;;;
75114007;PARIS-MONTSOURIS-DOUBLE;48.821667;2.337833;75;20250812;;;20.1;1;403;9;35.0;1;1607;9;27.6;1;27.6;1;14.9;1;;;;;0;9;;;;;;;;;;;;;;;;;;;;;;;;;;;;;;;;
75114007;PARIS-MONTSOURIS-DOUBLE;48.821667;2.337833;75;20250813;;;21.9;1;244;9;34.3;1;1325;9;26.2;1;28.1;1;12.4;1;;;;;0;9;;;;;;;;;;;;;;;;;;;;;;;;;;;;;;;;
75114007;PARIS-MONTSOURIS-DOUBLE;48.821667;2.337833;75;20250814;;;19.8;1;512;9;30.4;1;1559;9;24.8;1;25.1;1;10.6;1;;;;;0;9;;;;;;;;;;;;;;;;;;;;;;;;;;;;;;;;
75114007;PARIS-MONTSOURIS-DOUBLE;48.821667;2.337833;75;20250815;;;18.4;1;448;9;31.1;1;1540;9;24.5;1;24.8;1;12.7;1;;;;;0;9;;;;;;;;;;;;;;;;;;;;;;;;;;;;;;;;
75114007;PARIS-MONTSOURIS-DOUBLE;48.821667;2.337833;75;20250816;;;18.8;1;611;9;28.2;1;1540;9;22.3;1;23.5;1;9.4;1;;;;;0;9;;;;;;;;;;;;;;;;;;;;;;;;;;;;;;;;
75114007;PARIS-MONTSOURIS-DOUBLE;48.821667;2.337833;75;20250817;;;16.2;1;507;9;28.1;1;1451;9;22.0;1;22.2;1;11.9;1;;;;;0;9;;;;;;;;;;;;;;;;;;;;;;;;;;;;;;;;
75114007;PARIS-MONTSOURIS-DOUBLE;48.821667;2.337833;75;20250818;;;15.8;1;454;9;28.9;1;1549;9;22.5;1;22.4;1;13.1;1;;;;;0;9;;;;;;;;;;;;;;;;;;;;;;;;;;;;;;;;
75114007;PARIS-MONTSOURIS-DOUBLE;48.821667;2.337833;75;20250819;;;17.8;1;421;9;28.5;1;1147;9;22.0;1;23.2;1;10.7;1;;;;;0;9;;;;;;;;;;;;;;;;;;;;;;;;;;;;;;;;
75114007;PARIS-MONTSOURIS-DOUBLE;48.821667;2.337833;75;20250820;;;18.5;1;1549;9;19.8;1;1023;9;18.7;1;19.2;1;1.3;1;;;;;0;9;;;;;;;;;;;;;;;;;;;;;;;;;;;;;;;;
75114007;PARIS-MONTSOURIS-DOUBLE;48.821667;2.337833;75;20250821;;;15.8;1;2;9;24.6;1;1554;9;19.4;1;20.2;1;8.8;1;;;;;0;9;;;;;;;;;;;;;;;;;;;;;;;;;;;;;;;;
75114007;PARIS-MONTSOURIS-DOUBLE;48.821667;2.337833;75;20250822;;;13.6;1;505;9;22.6;1;1404;9;17.9;1;18.1;1;9.0;1;;;;;0;9;;;;;;;;;;;;;;;;;;;;;;;;;;;;;;;;
75114007;PARIS-MONTSOURIS-DOUBLE;48.821667;2.337833;75;20250823;;;13.0;1;443;9;25.1;1;1400;9;18.6;1;19.1;1;12.1;1;;;;;0;9;;;;;;;;;;;;;;;;;;;;;;;;;;;;;;;;
75114007;PARIS-MONTSOURIS-DOUBLE;48.821667;2.337833;75;20250824;;;13.9;1;542;9;25.2;1;1628;9;19.4;1;19.6;1;11.3;1;;;;;0;9;;;;;;;;;;;;;;;;;;;;;;;;;;;;;;;;
75114007;PARIS-MONTSOURIS-DOUBLE;48.821667;2.337833;75;20250825;;;14.1;1;417;9;28.5;1;1433;9;21.3;1;21.3;1;14.4;1;;;;;0;9;;;;;;;;;;;;;;;;;;;;;;;;;;;;;;;;
75114007;PARIS-MONTSOURIS-DOUBLE;48.821667;2.337833;75;20250826;;;16.4;1;240;9;29.1;1;1507;9;22.7;1;22.8;1;12.7;1;;;;;0;9;;;;;;;;;;;;;;;;;;;;;;;;;;;;;;;;
75114007;PARIS-MONTSOURIS-DOUBLE;48.821667;2.337833;75;20250827;;;18.1;1;428;9;25.8;1;1352;9;21.9;1;22.0;1;7.7;1;;;;;0;9;;;;;;;;;;;;;;;;;;;;;;;;;;;;;;;;
75114007;PARIS-MONTSOURIS-DOUBLE;48.821667;2.337833;75;20250828;;;16.8;1;433;9;23.4;1;1519;9;19.7;1;20.1;1;6.6;1;;;;;0;9;;;;;;;;;;;;;;;;;;;;;;;;;;;;;;;;
75114007;PARIS-MONTSOURIS-DOUBLE;48.821667;2.337833;75;20250829;;;14.4;1;1732;9;20.6;1;1328;9;16.3;1;17.5;1;6.2;1;;;;;0;9;;;;;;;;;;;;;;;;;;;;;;;;;;;;;;;;
75114007;PARIS-MONTSOURIS-DOUBLE;48.821667;2.337833;75;20250830;;;12.5;1;405;9;22.1;1;1528;9;17.6;1;17.3;1;9.6;1;;;;;0;9;;;;;;;;;;;;;;;;;;;;;;;;;;;;;;;;
75114007;PARIS-MONTSOURIS-DOUBLE;48.821667;2.337833;75;20250831;;;17.7;1;806;9;21.6;1;1010;9;18.2;1;19.7;1;3.9;1;;;;;0;9;;;;;;;;;;;;;;;;;;;;;;;;;;;;;;;;
75114007;PARIS-MONTSOURIS-DOUBLE;48.821667;2.337833;75;20250901;;;13.7;1;516;9;23.2;1;1454;9;17.1;1;18.5;1;9.5;1;;;;;0;9;;;;;;;;;;;;;;;;;;;;;;;;;;;;;;;;
75114007;PARIS-MONTSOURIS-DOUBLE;48.821667;2.337833;75;20250902;;;11.9;1;511;9;18.5;1;1348;9;15.9;1;15.2;1;6.6;1;;;;;0;9;;;;;;;;;;;;;;;;;;;;;;;;;;;;;;;;
75114007;PARIS-MONTSOURIS-DOUBLE;48.821667;2.337833;75;20250903;;;16.8;1;231;9;24.9;1;1526;9;19.7;1;20.9;1;8.1;1;;;;;0;9;;;;;;;;;;;;;;;;;;;;;;;;;;;;;;;;
75114007;PARIS-MONTSOURIS-DOUBLE;48.821667;2.337833;75;20250904;;;14.6;1;406;9;22.1;1;1552;9;17.7;1;18.4;1;7.5;1;;;;;0;9;;;;;;;;;;;;;;;;;;;;;;;;;;;;;;;;
75114007;PARIS-MONTSOURIS-DOUBLE;48.821667;2.337833;75;20250905;;;13.4;1;519;9;23.0;1;1510;9;17.7;1;18.2;1;9.6;1;;;;;0;9;;;;;;;;;;;;;;;;;;;;;;;;;;;;;;;;
75114007;PARIS-MONTSOURIS-DOUBLE;48.821667;2.337833;75;20250906;;;12.3;1;528;9;25.2;1;1433;9;19.2;1;18.8;1;12.9;1;;;;;0;9;;;;;;;;;;;;;;;;;;;;;;;;;;;;;;;;
75114007;PARIS-MONTSOURIS-DOUBLE;48.821667;2.337833;75;20250907;;;15.5;1;520;9;31.0;1;1333;9;22.6;1;23.3;1;15.5;1;;;;;0;9;;;;;;;;;;;;;;;;;;;;;;;;;;;;;;;;
75114007;PARIS-MONTSOURIS-DOUBLE;48.821667;2.337833;75;20250908;;;18.1;1;654;9;23.2;1;1618;9;19.7;1;20.7;1;5.1;1;;;;;0;9;;;;;;;;;;;;;;;;;;;;;;;;;;;;;;;;
75114007;PARIS-MONTSOURIS-DOUBLE;48.821667;2.337833;75;20250909;;;14.3;1;439;9;22.8;1;1635;9;18.1;1;18.6;1;8.5;1;;;;;0;9;;;;;;;;;;;;;;;;;;;;;;;;;;;;;;;;
75114007;PARIS-MONTSOURIS-DOUBLE;48.821667;2.337833;75;20250910;;;11.8;1;514;9;20.8;1;1415;9;16.2;1;16.3;1;9.0;1;;;;;0;9;;;;;;;;;;;;;;;;;;;;;;;;;;;;;;;;
75114007;PARIS-MONTSOURIS-DOUBLE;48.821667;2.337833;75;20250911;;;13.4;1;358;9;20.6;1;1257;9;15.4;1;17.0;1;7.2;1;;;;;0;9;;;;;;;;;;;;;;;;;;;;;;;;;;;;;;;;
75114007;PARIS-MONTSOURIS-DOUBLE;48.821667;2.337833;75;20250912;;;11.5;1;520;9;20.3;1;1354;9;16.0;1;15.9;1;8.8;1;;;;;0;9;;;;;;;;;;;;;;;;;;;;;;;;;;;;;;;;
75114007;PARIS-MONTSOURIS-DOUBLE;48.821667;2.337833;75;20250913;;;13.2;1;449;9;19.6;1;1256;9;15.8;1;16.4;1;6.4;1;;;;;0;9;;;;;;;;;;;;;;;;;;;;;;;;;;;;;;;;
75114007;PARIS-MONTSOURIS-DOUBLE;48.821667;2.337833;75;20250914;;;13.6;1;509;9;20.6;1;1922;9;17.3;1;17.1;1;7.0;1;;;;;0;9;;;;;;;;;;;;;;;;;;;;;;;;;;;;;;;;
75114007;PARIS-MONTSOURIS-DOUBLE;48.821667;2.337833;75;20250915;;;15.7;1;549;9;21.1;1;1358;9;17.8;1;18.4;1;5.4;1;;;;;0;9;;;;;;;;;;;;;;;;;;;;;;;;;;;;;;;;
75114007;PARIS-MONTSOURIS-DOUBLE;48.821667;2.337833;75;20250916;;;12.4;1;359;9;19.0;1;1340;9;15.6;1;15.7;1;6.6;1;;;;;0;9;;;;;;;;;;;;;;;;;;;;;;;;;;;;;;;;
75114007;PARIS-MONTSOURIS-DOUBLE;48.821667;2.337833;75;20250917;;;12.7;1;309;9;22.7;1;1401;9;17.5;1;17.7;1;10.0;1;;;;;0;9;;;;;;;;;;;;;;;;;;;;;;;;;;;;;;;;
75114007;PARIS-MONTSOURIS-DOUBLE;48.821667;2.337833;75;20250918;;;12.3;1;531;9;25.3;1;1612;9;18.5;1;18.8;1;13.0;1;;;;;0;9;;;;;;;;;;;;;;;;;;;;;;;;;;;;;;;;
75114007;PARIS-MONTSOURIS-DOUBLE;48.821667;2.337833;75;20250919;;;12.9;1;544;9;30.1;1;1332;9;21.5;1;21.5;1;17.2;1;;;;;0;9;;;;;;;;;;;;;;;;;;;;;;;;;;;;;;;;
75114007;PARIS-MONTSOURIS-DOUBLE;48.821667;2.337833;75;20250920;;;18.5;1;816;9;21.2;1;1547;9;19.4;1;19.9;1;2.7;1;;;;;0;9;;;;;;;;;;;;;;;;;;;;;;;;;;;;;;;;
75114007;PARIS-MONTSOURIS-DOUBLE;48.821667;2.337833;75;20250921;;;13.6;1;602;9;18.5;1;1348;9;15.0;1;16.1;1;4.9;1;;;;;0;9;;;;;;;;;;;;;;;;;;;;;;;;;;;;;;;;
75114007;PARIS-MONTSOURIS-DOUBLE;48.821667;2.337833;75;20250922;;;10.3;1;553;9;17.0;1;1125;9;13.3;1;13.7;1;6.7;1;;;;;0;9;;;;;;;;;;;;;;;;;;;;;;;;;;;;;;;;
75114007;PARIS-MONTSOURIS-DOUBLE;48.821667;2.337833;75;20250923;;;10.2;1;534;9;15.2;1;1312;9;11.8;1;12.7;1;5.0;1;;;;;0;9;;;;;;;;;;;;;;;;;;;;;;;;;;;;;;;;
75114007;PARIS-MONTSOURIS-DOUBLE;48.821667;2.337833;75;20250924;;;10.1;1;2040;9;11.0;1;210;9;10.5;1;10.6;1;0.9;1;;;;;0;9;;;;;;;;;;;;;;;;;;;;;;;;;;;;;;;;
75114007;PARIS-MONTSOURIS-DOUBLE;48.821667;2.337833;75;20250925;;;10.0;1;546;9;12.6;1;1336;9;11.2;1;11.3;1;2.6;1;;;;;0;9;;;;;;;;;;;;;;;;;;;;;;;;;;;;;;;;
75114007;PARIS-MONTSOURIS-DOUBLE;48.821667;2.337833;75;20250926;;;9.8;1;455;9;15.0;1;1317;9;12.0;1;12.4;1;5.2;1;;;;;0;9;;;;;;;;;;;;;;;;;;;;;;;;;;;;;;;;
75114007;PARIS-MONTSOURIS-DOUBLE;48.821667;2.337833;75;20250927;;;10.8;1;559;9;15.7;1;1528;9;12.3;1;13.3;1;4.9;1;;;;;0;9;;;;;;;;;;;;;;;;;;;;;;;;;;;;;;;;
75114007;PARIS-MONTSOURIS-DOUBLE;48.821667;2.337833;75;20250928;;;8.2;1;536;9;20.1;1;1327;9;13.9;1;14.2;1;11.9;1;;;;;0;9;;;;;;;;;;;;;;;;;;;;;;;;;;;;;;;;
75114007;PARIS-MONTSOURIS-DOUBLE;48.821667;2.337833;75;20250929;;;10.1;1;523;9;21.3;1;1310;9;15.2;1;15.7;1;11.2;1;;;;;0;9;;;;;;;;;;;;;;;;;;;;;;;;;;;;;;;;
75114007;PARIS-MONTSOURIS-DOUBLE;48.821667;2.337833;75;20250930;;;10.7;1;438;9;19.2;1;1319;9;14.4;1;15.0;1;8.5;1;;;;;0;9;;;;;;;;;;;;;;;;;;;;;;;;;;;;;;;;
75114007;PARIS-MONTSOURIS-DOUBLE;48.821667;2.337833;75;20251001;;;9.8;1;552;9;19.8;1;1201;9;14.8;1;14.8;1;10.0;1;;;;;0;9;;;;;;;;;;;;;;;;;;;;;;;;;;;;;;;;
75114007;PARIS-MONTSOURIS-DOUBLE;48.821667;2.337833;75;20251002;;;8.9;1;559;9;19.1;1;1242;9;14.1;1;14.0;1;10.2;1;;;;;0;9;;;;;;;;;;;;;;;;;;;;;;;;;;;;;;;;
75114007;PARIS-MONTSOURIS-DOUBLE;48.821667;2.337833;75;20251003;;;11.5;1;541;9;18.7;1;440;9;14.3;1;15.1;1;7.2;1;;;;;0;9;;;;;;;;;;;;;;;;;;;;;;;;;;;;;;;;
75114007;PARIS-MONTSOURIS-DOUBLE;48.821667;2.337833;75;20251004;;;10.6;1;1752;9;17.8;1;601;9;14.5;1;14.2;1;7.2;1;;;;;0;9;;;;;;;;;;;;;;;;;;;;;;;;;;;;;;;;
75114007;PARIS-MONTSOURIS-DOUBLE;48.821667;2.337833;75;20251005;;;10.3;1;343;9;17.0;1;1225;9;13.2;1;13.7;1;6.7;1;;;;;0;9;;;;;;;;;;;;;;;;;;;;;;;;;;;;;;;;
75114007;PARIS-MONTSOURIS-DOUBLE;48.821667;2.337833;75;20251006;;;10.1;1;632;9;16.1;1;1448;9;13.3;1;13.1;1;6.0;1;;;;;0;9;;;;;;;;;;;;;;;;;;;;;;;;;;;;;;;;
75114007;PARIS-MONTSOURIS-DOUBLE;48.821667;2.337833;75;20251007;;;9.5;1;424;9;19.6;1;1253;9;14.1;1;14.6;1;10.1;1;;;;;0;9;;;;;;;;;;;;;;;;;;;;;;;;;;;;;;;;
75114007;PARIS-MONTSOURIS-DOUBLE;48.821667;2.337833;75;20251008;;;11.3;1;452;9;17.3;1;1332;9;13.5;1;14.3;1;6.0;1;;;;;0;9;;;;;;;;;;;;;;;;;;;;;;;;;;;;;;;;
75114007;PARIS-MONTSOURIS-DOUBLE;48.821667;2.337833;75;20251009;;;12.4;1;2047;9;19.2;1;1351;9;16.0;1;15.8;1;6.8;1;;;;;0;9;;;;;;;;;;;;;;;;;;;;;;;;;;;;;;;;
75114007;PARIS-MONTSOURIS-DOUBLE;48.821667;2.337833;75;20251010;;;10.9;1;513;9;14.9;1;1023;9;13.1;1;12.9;1;4.0;1;;;;;0;9;;;;;;;;;;;;;;;;;;;;;;;;;;;;;;;;
75114007;PARIS-MONTSOURIS-DOUBLE;48.821667;2.337833;75;20251011;;;11.2;1;622;9;18.7;1;1236;9;14.2;1;15.0;1;7.5;1;;;;;0;9;;;;;;;;;;;;;;;;;;;;;;;;;;;;;;;;
75114007;PARIS-MONTSOURIS-DOUBLE;48.821667;2.337833;75;20251012;;;9.5;1;526;9;19.1;1;1309;9;13.7;1;14.3;1;9.6;1;;;;;0;9;;;;;;;;;;;;;;;;;;;;;;;;;;;;;;;;
75114007;PARIS-MONTSOURIS-DOUBLE;48.821667;2.337833;75;20251013;;;10.4;1;419;9;16.5;1;1531;9;13.5;1;13.5;1;6.1;1;;;;;0;9;;;;;;;;;;;;;;;;;;;;;;;;;;;;;;;;
75114007;PARIS-MONTSOURIS-DOUBLE;48.821667;2.337833;75;20251014;;;12.8;1;2305;9;18.9;1;1204;9;14.5;1;15.9;1;6.1;1;;;;;0;9;;;;;;;;;;;;;;;;;;;;;;;;;;;;;;;;
75114007;PARIS-MONTSOURIS-DOUBLE;48.821667;2.337833;75;20251015;;;11.1;1;119;9;15.8;1;1037;9;13.6;1;13.5;1;4.7;1;;;;;0;9;;;;;;;;;;;;;;;;;;;;;;;;;;;;;;;;
75114007;PARIS-MONTSOURIS-DOUBLE;48.821667;2.337833;75;20251016;;;10.5;1;406;9;15.1;1;1058;9;12.9;1;12.8;1;4.6;1;;;;;0;9;;;;;;;;;;;;;;;;;;;;;;;;;;;;;;;;
75114007;PARIS-MONTSOURIS-DOUBLE;48.821667;2.337833;75;20251017;;;9.5;1;616;9;17.6;1;1118;9;13.0;1;13.6;1;8.1;1;;;;;0;9;;;;;;;;;;;;;;;;;;;;;;;;;;;;;;;;
75114007;PARIS-MONTSOURIS-DOUBLE;48.821667;2.337833;75;20251018;;;8.5;1;602;9;17.2;1;1243;9;12.3;1;12.9;1;8.7;1;;;;;0;9;;;;;;;;;;;;;;;;;;;;;;;;;;;;;;;;
75114007;PARIS-MONTSOURIS-DOUBLE;48.821667;2.337833;75;20251019;;;8.8;1;457;9;15.8;1;1324;9;12.5;1;12.3;1;7.0;1;;;;;0;9;;;;;;;;;;;;;;;;;;;;;;;;;;;;;;;;
75114007;PARIS-MONTSOURIS-DOUBLE;48.821667;2.337833;75;20251020;;;13.0;1;546;9;18.3;1;1213;9;15.0;1;15.7;1;5.3;1;;;;;0;9;;;;;;;;;;;;;;;;;;;;;;;;;;;;;;;;
75114007;PARIS-MONTSOURIS-DOUBLE;48.821667;2.337833;75;20251021;;;11.2;1;643;9;17.3;1;1309;9;14.0;1;14.3;1;6.1;1;;;;;0;9;;;;;;;;;;;;;;;;;;;;;;;;;;;;;;;;
75114007;PARIS-MONTSOURIS-DOUBLE;48.821667;2.337833;75;20251022;;;12.5;1;607;9;17.3;1;1307;9;14.8;1;14.9;1;4.8;1;;;;;0;9;;;;;;;;;;;;;;;;;;;;;;;;;;;;;;;;
75114007;PARIS-MONTSOURIS-DOUBLE;48.821667;2.337833;75;20251023;;;10.6;1;1007;9;14.2;1;1436;9;11.9;1;12.4;1;3.6;1;;;;;0;9;;;;;;;;;;;;;;;;;;;;;;;;;;;;;;;;
75114007;PARIS-MONTSOURIS-DOUBLE;48.821667;2.337833;75;20251024;;;6.2;1;652;9;13.6;1;1205;9;9.9;1;9.9;1;7.4;1;;;;;0;9;;;;;;;;;;;;;;;;;;;;;;;;;;;;;;;;
75114007;PARIS-MONTSOURIS-DOUBLE;48.821667;2.337833;75;20251025;;;9.2;1;42;9;14.4;1;1417;9;11.1;1;11.8;1;5.2;1;;;;;0;9;;;;;;;;;;;;;;;;;;;;;;;;;;;;;;;;
75114007;PARIS-MONTSOURIS-DOUBLE;48.821667;2.337833;75;20251026;;;7.1;1;705;9;12.6;1;1252;9;9.5;1;9.9;1;5.5;1;;;;;0;9;;;;;;;;;;;;;;;;;;;;;;;;;;;;;;;;
75114007;PARIS-MONTSOURIS-DOUBLE;48.821667;2.337833;75;20251027;;;8.9;1;2309;9;15.3;1;1351;9;12.3;1;12.1;1;6.4;1;;;;;0;9;;;;;;;;;;;;;;;;;;;;;;;;;;;;;;;;
75114007;PARIS-MONTSOURIS-DOUBLE;48.821667;2.337833;75;20251028;;;10.4;1;2240;9;15.0;1;1438;9;13.2;1;12.7;1;4.6;1;;;;;0;9;;;;;;;;;;;;;;;;;;;;;;;;;;;;;;;;
75114007;PARIS-MONTSOURIS-DOUBLE;48.821667;2.337833;75;20251029;;;10.2;1;629;9;15.0;1;1458;9;12.4;1;12.6;1;4.8;1;;;;;0;9;;;;;;;;;;;;;;;;;;;;;;;;;;;;;;;;
75114007;PARIS-MONTSOURIS-DOUBLE;48.821667;2.337833;75;20251030;;;7.2;1;718;9;14.5;1;1141;9;10.4;1;10.9;1;7.3;1;;;;;0;9;;;;;;;;;;;;;;;;;;;;;;;;;;;;;;;;
75114007;PARIS-MONTSOURIS-DOUBLE;48.821667;2.337833;75;20251031;;;8.0;1;39;9;16.8;1;1430;9;12.2;1;12.4;1;8.8;1;;;;;0;9;;;;;;;;;;;;;;;;;;;;;;;;;;;;;;;;
75114007;PARIS-MONTSOURIS-DOUBLE;48.821667;2.337833;75;20251101;;;12.5;1;1755;9;15.4;1;818;9;13.4;1;14.0;1;2.9;1;;;;;0;9;;;;;;;;;;;;;;;;;;;;;;;;;;;;;;;;
75114007;PARIS-MONTSOURIS-DOUBLE;48.821667;2.337833;75;20251102;;;10.1;1;636;9;14.2;1;1149;9;11.1;1;12.2;1;4.1;1;;;;;0;9;;;;;;;;;;;;;;;;;;;;;;;;;;;;;;;;
75114007;PARIS-MONTSOURIS-DOUBLE;48.821667;2.337833;75;20251103;;;7.1;1;422;9;15.2;1;1452;9;11.5;1;11.2;1;8.1;1;;;;;0;9;;;;;;;;;;;;;;;;;;;;;;;;;;;;;;;;
75114007;PARIS-MONTSOURIS-DOUBLE;48.821667;2.337833;75;20251104;;;8.5;1;556;9;17.3;1;1429;9;12.6;1;12.9;1;8.8;1;;;;;0;9;;;;;;;;;;;;;;;;;;;;;;;;;;;;;;;;
75114007;PARIS-MONTSOURIS-DOUBLE;48.821667;2.337833;75;20251105;;;10.8;1;659;9;17.7;1;1349;9;14.1;1;14.3;1;6.9;1;;;;;0;9;;;;;;;;;;;;;;;;;;;;;;;;;;;;;;;;
75114007;PARIS-MONTSOURIS-DOUBLE;48.821667;2.337833;75;20251106;;;12.3;1;419;9;14.7;1;939;9;13.5;1;13.5;1;2.4;1;;;;;0;9;;;;;;;;;;;;;;;;;;;;;;;;;;;;;;;;
75114007;PARIS-MONTSOURIS-DOUBLE;48.821667;2.337833;75;20251107;;;9.1;1;414;9;14.1;1;1236;9;11.7;1;11.6;1;5.0;1;;;;;0;9;;;;;;;;;;;;;;;;;;;;;;;;;;;;;;;;
75114007;PARIS-MONTSOURIS-DOUBLE;48.821667;2.337833;75;20251108;;;10.0;1;352;9;14.2;1;1356;9;11.6;1;12.1;1;4.2;1;;;;;0;9;;;;;;;;;;;;;;;;;;;;;;;;;;;;;;;;
75114007;PARIS-MONTSOURIS-DOUBLE;48.821667;2.337833;75;20251109;;;8.4;1;625;9;11.3;1;1305;9;9.6;1;9.9;1;2.9;1;;;;;0;9;;;;;;;;;;;;;;;;;;;;;;;;;;;;;;;;
75114007;PARIS-MONTSOURIS-DOUBLE;48.821667;2.337833;75;20251110;;;7.0;1;653;9;12.3;1;1357;9;9.8;1;9.7;1;5.3;1;;;;;0;9;;;;;;;;;;;;;;;;;;;;;;;;;;;;;;;;
75114007;PARIS-MONTSOURIS-DOUBLE;48.821667;2.337833;75;20251111;;;8.4;1;234;9;15.0;1;1348;9;11.5;1;11.7;1;6.6;1;;;;;0;9;;;;;;;;;;;;;;;;;;;;;;;;;;;;;;;;
75114007;PARIS-MONTSOURIS-DOUBLE;48.821667;2.337833;75;20251112;;;7.9;1;537;9;15.4;1;1410;9;11.7;1;11.7;1;7.5;1;;;;;0;9;;;;;;;;;;;;;;;;;;;;;;;;;;;;;;;;
75114007;PARIS-MONTSOURIS-DOUBLE;48.821667;2.337833;75;20251113;;;10.6;1;751;9;16.9;1;1457;9;14.3;1;13.8;1;6.3;1;;;;;0;9;;;;;;;;;;;;;;;;;;;;;;;;;;;;;;;;
75114007;PARIS-MONTSOURIS-DOUBLE;48.821667;2.337833;75;20251114;;;14.2;1;635;9;19.5;1;1331;9;16.2;1;16.9;1;5.3;1;;;;;0;9;;;;;;;;;;;;;;;;;;;;;;;;;;;;;;;;
75114007;PARIS-MONTSOURIS-DOUBLE;48.821667;2.337833;75;20251115;;;11.7;1;645;9;14.5;1;1028;9;12.6;1;13.1;1;2.8;1;;;;;0;9;;;;;;;;;;;;;;;;;;;;;;;;;;;;;;;;
75114007;PARIS-MONTSOURIS-DOUBLE;48.821667;2.337833;75;20251116;;;9.7;1;828;9;12.2;1;1428;9;10.5;1;11.0;1;2.5;1;;;;;0;9;;;;;;;;;;;;;;;;;;;;;;;;;;;;;;;;
75114007;PARIS-MONTSOURIS-DOUBLE;48.821667;2.337833;75;20251117;;;5.8;1;408;9;10.5;1;1323;9;7.0;1;8.2;1;4.7;1;;;;;0;9;;;;;;;;;;;;;;;;;;;;;;;;;;;;;;;;
75114007;PARIS-MONTSOURIS-DOUBLE;48.821667;2.337833;75;20251118;;;1.1;1;720;9;8.9;1;1203;9;5.4;1;5.0;1;7.8;1;;;;;0;9;;;;;;;;;;;;;;;;;;;;;;;;;;;;;;;;
75114007;PARIS-MONTSOURIS-DOUBLE;48.821667;2.337833;75;20251119;;;4.4;1;1748;9;8.4;1;1114;9;5.6;1;6.4;1;4.0;1;;;;;0;9;;;;;;;;;;;;;;;;;;;;;;;;;;;;;;;;
75114007;PARIS-MONTSOURIS-DOUBLE;48.821667;2.337833;75;20251120;;;2.4;1;702;9;5.9;1;1417;9;3.4;1;4.2;1;3.5;1;;;;;0;9;;;;;;;;;;;;;;;;;;;;;;;;;;;;;;;;
75114007;PARIS-MONTSOURIS-DOUBLE;48.821667;2.337833;75;20251121;;;0.3;1;19;9;3.7;1;1428;9;2.3;1;2.0;1;3.4;1;;;;;0;9;;;;;;;;;;;;;;;;;;;;;;;;;;;;;;;;
75114007;PARIS-MONTSOURIS-DOUBLE;48.821667;2.337833;75;20251122;;;-1.8;1;639;9;0.8;1;450;9;-0.3;1;-0.5;1;2.6;1;;;;;1074;9;;;;;;;;;;;;;;;;;;;;;;;;;;;;;;;;
75114007;PARIS-MONTSOURIS-DOUBLE;48.821667;2.337833;75;20251123;;;-0.3;1;1845;9;7.1;1;57;9;4.0;1;3.4;1;7.4;1;;;;;76;9;;;;;;;;;;;;;;;;;;;;;;;;;;;;;;;;
75114007;PARIS-MONTSOURIS-DOUBLE;48.821667;2.337833;75;20251124;;;6.4;1;2126;9;10.7;1;1244;9;7.8;1;8.6;1;4.3;1;;;;;0;9;;;;;;;;;;;;;;;;;;;;;;;;;;;;;;;;
75114007;PARIS-MONTSOURIS-DOUBLE;48.821667;2.337833;75;20251125;;;6.2;1;143;9;8.2;1;1432;9;6.8;1;7.2;1;2.0;1;;;;;0;9;;;;;;;;;;;;;;;;;;;;;;;;;;;;;;;;
75114007;PARIS-MONTSOURIS-DOUBLE;48.821667;2.337833;75;20251126;;;4.9;1;649;9;8.3;1;1228;9;5.9;1;6.6;1;3.4;1;;;;;0;9;;;;;;;;;;;;;;;;;;;;;;;;;;;;;;;;
75114007;PARIS-MONTSOURIS-DOUBLE;48.821667;2.337833;75;20251127;;;2.3;1;230;9;7.9;1;54;9;5.7;1;5.1;1;5.6;1;;;;;0;9;;;;;;;;;;;;;;;;;;;;;;;;;;;;;;;;
75114007;PARIS-MONTSOURIS-DOUBLE;48.821667;2.337833;75;20251128;;;7.1;1;1801;9;10.5;1;1752;9;8.8;1;8.8;1;3.4;1;;;;;0;9;;;;;;;;;;;;;;;;;;;;;;;;;;;;;;;;
75114007;PARIS-MONTSOURIS-DOUBLE;48.821667;2.337833;75;20251129;;;8.1;1;141;9;11.8;1;1321;9;9.7;1;10.0;1;3.7;1;;;;;0;9;;;;;;;;;;;;;;;;;;;;;;;;;;;;;;;;
75114007;PARIS-MONTSOURIS-DOUBLE;48.821667;2.337833;75;20251130;;;5.7;1;1747;9;9.1;1;1152;9;6.5;1;7.4;1;3.4;1;;;;;0;9;;;;;;;;;;;;;;;;;;;;;;;;;;;;;;;;
75114007;PARIS-MONTSOURIS-DOUBLE;48.821667;2.337833;75;20251201;;;1.4;1;317;9;7.9;1;1337;9;5.4;1;4.7;1;6.5;1;;;;;0;9;;;;;;;;;;;;;;;;;;;;;;;;;;;;;;;;
75114007;PARIS-MONTSOURIS-DOUBLE;48.821667;2.337833;75;20251202;;;6.9;1;1813;9;9.9;1;1141;9;8.4;1;8.4;1;3.0;1;;;;;0;9;;;;;;;;;;;;;;;;;;;;;;;;;;;;;;;;
75114007;PARIS-MONTSOURIS-DOUBLE;48.821667;2.337833;75;20251203;;;6.2;1;747;9;10.5;1;1158;9;8.1;1;8.4;1;4.3;1;;;;;0;9;;;;;;;;;;;;;;;;;;;;;;;;;;;;;;;;
75114007;PARIS-MONTSOURIS-DOUBLE;48.821667;2.337833;75;20251204;;;5.3;1;104;9;9.8;1;1405;9;6.6;1;7.6;1;4.5;1;;;;;0;9;;;;;;;;;;;;;;;;;;;;;;;;;;;;;;;;
75114007;PARIS-MONTSOURIS-DOUBLE;48.821667;2.337833;75;20251205;;;1.4;1;651;9;9.3;1;514;9;4.1;1;5.4;1;7.9;1;;;;;0;9;;;;;;;;;;;;;;;;;;;;;;;;;;;;;;;;
75114007;PARIS-MONTSOURIS-DOUBLE;48.821667;2.337833;75;20251206;;;6.0;1;1801;9;13.5;1;1212;9;10.5;1;9.8;1;7.5;1;;;;;0;9;;;;;;;;;;;;;;;;;;;;;;;;;;;;;;;;
75114007;PARIS-MONTSOURIS-DOUBLE;48.821667;2.337833;75;20251207;;;10.4;1;1808;9;14.6;1;1906;9;12.9;1;12.5;1;4.2;1;;;;;0;9;;;;;;;;;;;;;;;;;;;;;;;;;;;;;;;;
75114007;PARIS-MONTSOURIS-DOUBLE;48.821667;2.337833;75;20251208;;;13.2;1;1758;9;15.9;1;1241;9;13.9;1;14.6;1;2.7;1;;;;;0;9;;;;;;;;;;;;;;;;;;;;;;;;;;;;;;;;
75114007;PARIS-MONTSOURIS-DOUBLE;48.821667;2.337833;75;20251209;;;9.1;1;652;9;15.4;1;1319;9;12.4;1;12.3;1;6.3;1;;;;;0;9;;;;;;;;;;;;;;;;;;;;;;;;;;;;;;;;
75114007;PARIS-MONTSOURIS-DOUBLE;48.821667;2.337833;75;20251210;;;11.5;1;1757;9;14.5;1;1206;9;12.0;1;13.0;1;3.0;1;;;;;0;9;;;;;;;;;;;;;;;;;;;;;;;;;;;;;;;;
75114007;PARIS-MONTSOURIS-DOUBLE;48.821667;2.337833;75;20251211;;;5.2;1;518;9;10.4;1;59;9;8.3;1;7.8;1;5.2;1;;;;;0;9;;;;;;;;;;;;;;;;;;;;;;;;;;;;;;;;
75114007;PARIS-MONTSOURIS-DOUBLE;48.821667;2.337833;75;20251212;;;9.6;1;2044;9;11.8;1;1310;9;10.4;1;10.7;1;2.2;1;;;;;0;9;;;;;;;;;;;;;;;;;;;;;;;;;;;;;;;;
75114007;PARIS-MONTSOURIS-DOUBLE;48.821667;2.337833;75;20251213;;;8.4;1;833;9;10.5;1;1403;9;8.9;1;9.5;1;2.1;1;;;;;0;9;;;;;;;;;;;;;;;;;;;;;;;;;;;;;;;;
75114007;PARIS-MONTSOURIS-DOUBLE;48.821667;2.337833;75;20251214;;;6.3;1;1738;9;7.6;1;1149;9;6.5;1;7.0;1;1.3;1;;;;;0;9;;;;;;;;;;;;;;;;;;;;;;;;;;;;;;;;
75114007;PARIS-MONTSOURIS-DOUBLE;48.821667;2.337833;75;20251215;;;4.6;1;2312;9;11.4;1;11;9;8.2;1;8.0;1;6.8;1;;;;;0;9;;;;;;;;;;;;;;;;;;;;;;;;;;;;;;;;
75114007;PARIS-MONTSOURIS-DOUBLE;48.821667;2.337833;75;20251216;;;9.6;1;2207;9;14.5;1;1232;9;11.4;1;12.1;1;4.9;1;;;;;0;9;;;;;;;;;;;;;;;;;;;;;;;;;;;;;;;;
75114007;PARIS-MONTSOURIS-DOUBLE;48.821667;2.337833;75;20251217;;;8.9;1;1800;9;10.7;1;1142;9;9.5;1;9.8;1;1.8;1;;;;;0;9;;;;;;;;;;;;;;;;;;;;;;;;;;;;;;;;
75114007;PARIS-MONTSOURIS-DOUBLE;48.821667;2.337833;75;20251218;;;6.9;1;23;9;15.1;1;1407;9;11.7;1;11.0;1;8.2;1;;;;;0;9;;;;;;;;;;;;;;;;;;;;;;;;;;;;;;;;
75114007;PARIS-MONTSOURIS-DOUBLE;48.821667;2.337833;75;20251219;;;9.9;1;1627;9;11.7;1;1344;9;10.7;1;10.8;1;1.8;1;;;;;0;9;;;;;;;;;;;;;;;;;;;;;;;;;;;;;;;;
75114007;PARIS-MONTSOURIS-DOUBLE;48.821667;2.337833;75;20251220;;;8.3;1;4;9;10.2;1;1821;9;9.3;1;9.3;1;1.9;1;;;;;0;9;;;;;;;;;;;;;;;;;;;;;;;;;;;;;;;;
75114007;PARIS-MONTSOURIS-DOUBLE;48.821667;2.337833;75;20251221;;;8.6;1;331;9;11.1;1;1321;9;9.9;1;9.9;1;2.5;1;;;;;0;9;;;;;;;;;;;;;;;;;;;;;;;;;;;;;;;;
75114007;PARIS-MONTSOURIS-DOUBLE;48.821667;2.337833;75;20251222;;;7.7;1;620;9;9.9;1;1236;9;9.1;1;8.8;1;2.2;1;;;;;0;9;;;;;;;;;;;;;;;;;;;;;;;;;;;;;;;;
75114007;PARIS-MONTSOURIS-DOUBLE;48.821667;2.337833;75;20251223;;;3.6;1;1025;9;5.7;1;601;9;5.2;1;4.7;1;2.1;1;;;;;0;9;;;;;;;;;;;;;;;;;;;;;;;;;;;;;;;;
75114007;PARIS-MONTSOURIS-DOUBLE;48.821667;2.337833;75;20251224;;;1.8;1;1749;9;5.8;1;616;9;3.4;1;3.8;1;4.0;1;;;;;0;9;;;;;;;;;;;;;;;;;;;;;;;;;;;;;;;;
75114007;PARIS-MONTSOURIS-DOUBLE;48.821667;2.337833;75;20251225;;;-0.7;1;801;9;2.9;1;1234;9;0.4;1;1.1;1;3.6;1;;;;;488;9;;;;;;;;;;;;;;;;;;;;;;;;;;;;;;;;
75114007;PARIS-MONTSOURIS-DOUBLE;48.821667;2.337833;75;20251226;;;-1.5;1;152;9;3.7;1;1235;9;0.6;1;1.1;1;5.2;1;;;;;566;9;;;;;;;;;;;;;;;;;;;;;;;;;;;;;;;;
75114007;PARIS-MONTSOURIS-DOUBLE;48.821667;2.337833;75;20251227;;;-0.3;1;741;9;2.9;1;1034;9;0.8;1;1.3;1;3.2;1;;;;;403;9;;;;;;;;;;;;;;;;;;;;;;;;;;;;;;;;
75114007;PARIS-MONTSOURIS-DOUBLE;48.821667;2.337833;75;20251228;;;-0.4;1;409;9;3.1;1;1042;9;1.2;1;1.4;1;3.5;1;;;;;202;9;;;;;;;;;;;;;;;;;;;;;;;;;;;;;;;;
75114007;PARIS-MONTSOURIS-DOUBLE;48.821667;2.337833;75;20251229;;;-1.4;1;535;9;3.4;1;46;9;0.9;1;1.0;1;4.8;1;;;;;565;9;;;;;;;;;;;;;;;;;;;;;;;;;;;;;;;;
75114007;PARIS-MONTSOURIS-DOUBLE;48.821667;2.337833;75;20251230;;;1.0;1;1801;9;5.9;1;1241;9;3.2;1;3.5;1;4.9;1;;;;;0;9;;;;;;;;;;;;;;;;;;;;;;;;;;;;;;;;
75114007;PARIS-MONTSOURIS-DOUBLE;48.821667;2.337833;75;20251231;;;-1.0;1;655;9;4.9;1;1235;9;1.7;1;2.0;1;5.9;1;;;;;445;9;;;;;;;;;;;;;;;;;;;;;;;;;;;;;;;;
75114007;PARIS-MONTSOURIS-DOUBLE;48.821667;2.337833;75;20260101;;;-1.5;1;222;9;4.6;1;1246;9;2.1;1;1.6;1;6.1;1;;;;;371;9;;;;;;;;;;;;;;;;;;;;;;;;;;;;;;;;
75114007;PARIS-MONTSOURIS-DOUBLE;48.821667;2.337833;75;20260102;;;2.0;1;1251;9;5.1;1;1133;9;2.5;1;3.6;1;3.1;1;;;;;0;9;;;;;;;;;;;;;;;;;;;;;;;;;;;;;;;;
75114007;PARIS-MONTSOURIS-DOUBLE;48.821667;2.337833;75;20260103;;;-1.9;1;511;9;4.1;1;1245;9;1.3;1;1.1;1;6.0;1;;;;;343;9;;;;;;;;;;;;;;;;;;;;;;;;;;;;;;;;
75114007;PARIS-MONTSOURIS-DOUBLE;48.821667;2.337833;75;20260104;;;-2.9;1;649;9;3.2;1;1227;9;0.1;1;0.2;1;6.1;1;;;;;837;9;;;;;;;;;;;;;;;;;;;;;;;;;;;;;;;;
75114007;PARIS-MONTSOURIS-DOUBLE;48.821667;2.337833;75;20260105;;;-4.6;1;423;9;0.1;1;2000;9;-1.9;1;-2.3;1;4.7;1;;;;;1410;9;;;;;;;;;;;;;;;;;;;;;;;;;;;;;;;;
75114007;PARIS-MONTSOURIS-DOUBLE;48.821667;2.337833;75;20260106;;;-2.5;1;416;9;3.9;1;1228;9;-0.6;1;0.7;1;6.4;1;;;;;1035;9;;;;;;;;;;;;;;;;;;;;;;;;;;;;;;;;
75114007;PARIS-MONTSOURIS-DOUBLE;48.821667;2.337833;75;20260107;;;-2.3;1;2016;9;3.4;1;525;9;0.2;1;0.6;1;5.7;1;;;;;734;9;;;;;;;;;;;;;;;;;;;;;;;;;;;;;;;;
75114007;PARIS-MONTSOURIS-DOUBLE;48.821667;2.337833;75;20260108;;;1.5;1;1801;9;10.3;1;2142;9;6.4;1;5.9;1;8.8;1;;;;;0;9;;;;;;;;;;;;;;;;;;;;;;;;;;;;;;;;
75114007;PARIS-MONTSOURIS-DOUBLE;48.821667;2.337833;75;20260109;;;5.2;1;1727;9;7.4;1;612;9;6.5;1;6.3;1;2.2;1;;;;;0;9;;;;;;;;;;;;;;;;;;;;;;;;;;;;;;;;
75114007;PARIS-MONTSOURIS-DOUBLE;48.821667;2.337833;75;20260110;;;3.9;1;803;9;4.7;1;1252;9;4.1;1;4.3;1;0.8;1;;;;;0;9;;;;;;;;;;;;;;;;;;;;;;;;;;;;;;;;
75114007;PARIS-MONTSOURIS-DOUBLE;48.821667;2.337833;75;20260111;;;-0.2;1;503;9;8.0;1;558;9;2.7;1;3.9;1;8.2;1;;;;;207;9;;;;;;;;;;;;;;;;;;;;;;;;;;;;;;;;
75114007;PARIS-MONTSOURIS-DOUBLE;48.821667;2.337833;75;20260112;;;3.7;1;2208;9;11.6;1;1834;9;9.4;1;7.7;1;7.9;1;;;;;0;9;;;;;;;;;;;;;;;;;;;;;;;;;;;;;;;;
75114007;PARIS-MONTSOURIS-DOUBLE;48.821667;2.337833;75;20260113;;;8.3;1;636;9;13.1;1;1248;9;10.3;1;10.7;1;4.8;1;;;;;0;9;;;;;;;;;;;;;;;;;;;;;;;;;;;;;;;;
75114007;PARIS-MONTSOURIS-DOUBLE;48.821667;2.337833;75;20260114;;;8.7;1;154;9;12.8;1;1302;9;10.5;1;10.8;1;4.1;1;;;;;0;9;;;;;;;;;;;;;;;;;;;;;;;;;;;;;;;;
75114007;PARIS-MONTSOURIS-DOUBLE;48.821667;2.337833;75;20260115;;;7.9;1;709;9;13.4;1;1357;9;10.8;1;10.7;1;5.5;1;;;;;0;9;;;;;;;;;;;;;;;;;;;;;;;;;;;;;;;;
75114007;PARIS-MONTSOURIS-DOUBLE;48.821667;2.337833;75;20260116;;;7.7;1;644;9;11.1;1;1259;9;9.4;1;9.4;1;3.4;1;;;;;0;9;;;;;;;;;;;;;;;;;;;;;;;;;;;;;;;;
75114007;PARIS-MONTSOURIS-DOUBLE;48.821667;2.337833;75;20260117;;;7.4;1;249;9;11.7;1;1241;9;9.2;1;9.6;1;4.3;1;;;;;0;9;;;;;;;;;;;;;;;;;;;;;;;;;;;;;;;;
75114007;PARIS-MONTSOURIS-DOUBLE;48.821667;2.337833;75;20260118;;;7.8;1;1800;9;10.0;1;1138;9;7.9;1;8.9;1;2.2;1;;;;;0;9;;;;;;;;;;;;;;;;;;;;;;;;;;;;;;;;
75114007;PARIS-MONTSOURIS-DOUBLE;48.821667;2.337833;75;20260119;;;2.9;1;342;9;10.5;1;1424;9;6.5;1;6.7;1;7.6;1;;;;;0;9;;;;;;;;;;;;;;;;;;;;;;;;;;;;;;;;
75114007;PARIS-MONTSOURIS-DOUBLE;48.821667;2.337833;75;20260120;;;5.7;1;527;9;9.5;1;2339;9;7.4;1;7.6;1;3.8;1;;;;;0;9;;;;;;;;;;;;;;;;;;;;;;;;;;;;;;;;
75114007;PARIS-MONTSOURIS-DOUBLE;48.821667;2.337833;75;20260121;;;7.0;1;1929;9;14.6;1;1308;9;10.4;1;10.8;1;7.6;1;;;;;0;9;;;;;;;;;;;;;;;;;;;;;;;;;;;;;;;;
75114007;PARIS-MONTSOURIS-DOUBLE;48.821667;2.337833;75;20260122;;;7.9;1;421;9;10.9;1;1357;9;8.7;1;9.4;1;3.0;1;;;;;0;9;;;;;;;;;;;;;;;;;;;;;;;;;;;;;;;;
75114007;PARIS-MONTSOURIS-DOUBLE;48.821667;2.337833;75;20260123;;;5.5;1;400;9;9.5;1;1326;9;6.7;1;7.5;1;4.0;1;;;;;0;9;;;;;;;;;;;;;;;;;;;;;;;;;;;;;;;;
75114007;PARIS-MONTSOURIS-DOUBLE;48.821667;2.337833;75;20260124;;;2.9;1;714;9;9.4;1;1436;9;5.7;1;6.2;1;6.5;1;;;;;0;9;;;;;;;;;;;;;;;;;;;;;;;;;;;;;;;;
75114007;PARIS-MONTSOURIS-DOUBLE;48.821667;2.337833;75;20260125;;;4.0;1;238;9;8.5;1;1220;9;6.1;1;6.3;1;4.5;1;;;;;0;9;;;;;;;;;;;;;;;;;;;;;;;;;;;;;;;;
75114007;PARIS-MONTSOURIS-DOUBLE;48.821667;2.337833;75;20260126;;;5.3;1;741;9;8.4;1;1451;9;6.3;1;6.9;1;3.1;1;;;;;0;9;;;;;;;;;;;;;;;;;;;;;;;;;;;;;;;;
75114007;PARIS-MONTSOURIS-DOUBLE;48.821667;2.337833;75;20260127;;;5.0;1;2251;9;9.2;1;1444;9;6.8;1;7.1;1;4.2;1;;;;;0;9;;;;;;;;;;;;;;;;;;;;;;;;;;;;;;;;
75114007;PARIS-MONTSOURIS-DOUBLE;48.821667;2.337833;75;20260128;;;3.7;1;755;9;8.7;1;1406;9;5.8;1;6.2;1;5.0;1;;;;;0;9;;;;;;;;;;;;;;;;;;;;;;;;;;;;;;;;
75114007;PARIS-MONTSOURIS-DOUBLE;48.821667;2.337833;75;20260129;;;-0.2;1;602;9;5.0;1;2122;9;2.8;1;2.4;1;5.2;1;;;;;174;9;;;;;;;;;;;;;;;;;;;;;;;;;;;;;;;;
75114007;PARIS-MONTSOURIS-DOUBLE;48.821667;2.337833;75;20260130;;;3.7;1;119;9;11.0;1;1407;9;7.7;1;7.4;1;7.3;1;;;;;0;9;;;;;;;;;;;;;;;;;;;;;;;;;;;;;;;;
75114007;PARIS-MONTSOURIS-DOUBLE;48.821667;2.337833;75;20260131;;;5.2;1;520;9;7.6;1;1513;9;6.6;1;6.4;1;2.4;1;;;;;0;9;;;;;;;;;;;;;;;;;;;;;;;;;;;;;;;;
75114007;PARIS-MONTSOURIS-DOUBLE;48.821667;2.337833;75;20260201;;;5.8;1;431;9;9.1;1;1449;9;7.5;1;7.5;1;3.3;1;;;;;0;9;;;;;;;;;;;;;;;;;;;;;;;;;;;;;;;;
75114007;PARIS-MONTSOURIS-DOUBLE;48.821667;2.337833;75;20260202;;;2.7;1;736;9;10.3;1;1224;9;7.2;1;6.5;1;7.6;1;;;;;0;9;;;;;;;;;;;;;;;;;;;;;;;;;;;;;;;;
75114007;PARIS-MONTSOURIS-DOUBLE;48.821667;2.337833;75;20260203;;;7.8;1;2204;9;9.9;1;1252;9;8.4;1;8.9;1;2.1;1;;;;;0;9;;;;;;;;;;;;;;;;;;;;;;;;;;;;;;;;
75114007;PARIS-MONTSOURIS-DOUBLE;48.821667;2.337833;75;20260204;;;3.6;1;745;9;12.5;1;1323;9;8.0;1;8.1;1;8.9;1;;;;;;;;;;;;;;;;;;;;;;;;;;;;;;;;;;;;;;
75114007;PARIS-MONTSOURIS-DOUBLE;48.821667;2.337833;75;20260205;;;7.7;1;516;9;12.0;1;1304;9;9.5;1;9.9;1;4.3;1;;;;;0;9;;;;;;;;;;;;;;;;;;;;;;;;;;;;;;;;
75114007;PARIS-MONTSOURIS-DOUBLE;48.821667;2.337833;75;20260206;;;9.0;1;57;9;13.9;1;1216;9;10.1;1;11.5;1;4.9;1;;;;;0;9;;;;;;;;;;;;;;;;;;;;;;;;;;;;;;;;
75114007;PARIS-MONTSOURIS-DOUBLE;48.821667;2.337833;75;20260207;;;6.2;1;507;9;12.9;1;1241;9;9.1;1;9.6;1;6.7;1;;;;;0;9;;;;;;;;;;;;;;;;;;;;;;;;;;;;;;;;
75114007;PARIS-MONTSOURIS-DOUBLE;48.821667;2.337833;75;20260208;;;4.8;1;731;9;13.9;1;1324;9;9.0;1;9.4;1;9.1;1;;;;;0;9;;;;;;;;;;;;;;;;;;;;;;;;;;;;;;;;
75114007;PARIS-MONTSOURIS-DOUBLE;48.821667;2.337833;75;20260209;;;4.3;1;318;9;10.5;1;1530;9;7.3;1;7.4;1;6.2;1;;;;;0;9;;;;;;;;;;;;;;;;;;;;;;;;;;;;;;;;
75114007;PARIS-MONTSOURIS-DOUBLE;48.821667;2.337833;75;20260210;;;8.4;1;2227;9;12.3;1;1943;9;10.7;1;10.4;1;3.9;1;;;;;0;9;;;;;;;;;;;;;;;;;;;;;;;;;;;;;;;;
75114007;PARIS-MONTSOURIS-DOUBLE;48.821667;2.337833;75;20260211;;;10.4;1;1744;9;14.4;1;1224;9;11.4;1;12.4;1;4.0;1;;;;;0;9;;;;;;;;;;;;;;;;;;;;;;;;;;;;;;;;
75114007;PARIS-MONTSOURIS-DOUBLE;48.821667;2.337833;75;20260212;;;9.4;1;459;9;12.8;1;1315;9;10.1;1;11.1;1;3.4;1;;;;;0;9;;;;;;;;;;;;;;;;;;;;;;;;;;;;;;;;
75114007;PARIS-MONTSOURIS-DOUBLE;48.821667;2.337833;75;20260213;;;7.2;1;203;9;9.3;1;1143;9;8.2;1;8.3;1;2.1;1;;;;;0;9;;;;;;;;;;;;;;;;;;;;;;;;;;;;;;;;
75114007;PARIS-MONTSOURIS-DOUBLE;48.821667;2.337833;75;20260214;;;1.4;1;841;9;3.4;1;1552;9;2.7;1;2.4;1;2.0;1;;;;;14;9;;;;;;;;;;;;;;;;;;;;;;;;;;;;;;;;
75114007;PARIS-MONTSOURIS-DOUBLE;48.821667;2.337833;75;20260215;;;-0.8;1;406;9;10.1;1;2111;9;3.4;1;4.7;1;10.9;1;;;;;404;9;;;;;;;;;;;;;;;;;;;;;;;;;;;;;;;;
75114007;PARIS-MONTSOURIS-DOUBLE;48.821667;2.337833;75;20260216;;;7.1;1;1801;9;11.3;1;1214;9;8.2;1;9.2;1;4.2;1;;;;;0;9;;;;;;;;;;;;;;;;;;;;;;;;;;;;;;;;
75114007;PARIS-MONTSOURIS-DOUBLE;48.821667;2.337833;75;20260217;;;5.6;1;1759;9;8.4;1;1253;9;6.7;1;7.0;1;2.8;1;;;;;0;9;;;;;;;;;;;;;;;;;;;;;;;;;;;;;;;;
75114007;PARIS-MONTSOURIS-DOUBLE;48.821667;2.337833;75;20260218;;;3.2;1;607;9;9.7;1;1954;9;5.9;1;6.5;1;6.5;1;;;;;0;9;;;;;;;;;;;;;;;;;;;;;;;;;;;;;;;;
75114007;PARIS-MONTSOURIS-DOUBLE;48.821667;2.337833;75;20260219;;;7.7;1;1801;9;10.1;1;1511;9;8.4;1;8.9;1;2.4;1;;;;;0;9;;;;;;;;;;;;;;;;;;;;;;;;;;;;;;;;
75114007;PARIS-MONTSOURIS-DOUBLE;48.821667;2.337833;75;20260220;;;5.9;1;637;9;11.7;1;1403;9;9.0;1;8.8;1;5.8;1;;;;;0;9;;;;;;;;;;;;;;;;;;;;;;;;;;;;;;;;
75114007;PARIS-MONTSOURIS-DOUBLE;48.821667;2.337833;75;20260221;;;9.9;1;28;9;16.0;1;1423;9;12.7;1;13.0;1;6.1;1;;;;;0;9;;;;;;;;;;;;;;;;;;;;;;;;;;;;;;;;
75114007;PARIS-MONTSOURIS-DOUBLE;48.821667;2.337833;75;20260222;;;11.3;1;1751;9;14.1;1;1401;9;12.3;1;12.7;1;2.8;1;;;;;0;9;;;;;;;;;;;;;;;;;;;;;;;;;;;;;;;;
75114007;PARIS-MONTSOURIS-DOUBLE;48.821667;2.337833;75;20260223;;;9.6;1;645;9;15.7;1;1318;9;12.8;1;12.7;1;6.1;1;;;;;0;9;;;;;;;;;;;;;;;;;;;;;;;;;;;;;;;;
75114007;PARIS-MONTSOURIS-DOUBLE;48.821667;2.337833;75;20260224;;;12.1;1;757;9;15.4;1;1448;9;12.7;1;13.8;1;3.3;1;;;;;0;9;;;;;;;;;;;;;;;;;;;;;;;;;;;;;;;;
75114007;PARIS-MONTSOURIS-DOUBLE;48.821667;2.337833;75;20260225;;;7.6;1;702;9;20.3;1;1457;9;13.5;1;14.0;1;12.7;1;;;;;0;9;;;;;;;;;;;;;;;;;;;;;;;;;;;;;;;;
75114007;PARIS-MONTSOURIS-DOUBLE;48.821667;2.337833;75;20260226;;;8.9;1;534;9;18.6;1;1325;9;13.3;1;13.8;1;9.7;1;;;;;0;9;;;;;;;;;;;;;;;;;;;;;;;;;;;;;;;;
75114007;PARIS-MONTSOURIS-DOUBLE;48.821667;2.337833;75;20260227;;;8.8;1;220;9;15.3;1;1302;9;11.7;1;12.1;1;6.5;1;;;;;0;9;;;;;;;;;;;;;;;;;;;;;;;;;;;;;;;;
75114007;PARIS-MONTSOURIS-DOUBLE;48.821667;2.337833;75;20260228;;;9.3;1;750;9;13.5;1;1501;9;10.3;1;11.4;1;4.2;1;;;;;0;9;;;;;;;;;;;;;;;;;;;;;;;;;;;;;;;;
75114007;PARIS-MONTSOURIS-DOUBLE;48.821667;2.337833;75;20260301;;;4.5;1;621;9;13.4;1;1422;9;8.7;1;9.0;1;8.9;1;;;;;0;9;;;;;;;;;;;;;;;;;;;;;;;;;;;;;;;;
75114007;PARIS-MONTSOURIS-DOUBLE;48.821667;2.337833;75;20260302;;;6.4;1;640;9;18.0;1;1352;9;11.7;1;12.2;1;11.6;1;;;;;0;9;;;;;;;;;;;;;;;;;;;;;;;;;;;;;;;;
75114007;PARIS-MONTSOURIS-DOUBLE;48.821667;2.337833;75;20260303;;;7.0;1;636;9;18.8;1;1340;9;12.8;1;12.9;1;11.8;1;;;;;;;;;;;;;;;;;;;;;;;;;;;;;;;;;;;;;;
75114007;PARIS-MONTSOURIS-DOUBLE;48.821667;2.337833;75;20260304;;;8.3;1;608;9;19.0;1;1332;9;13.2;1;13.7;1;10.7;1;;;;;0;9;;;;;;;;;;;;;;;;;;;;;;;;;;;;;;;;
75114007;PARIS-MONTSOURIS-DOUBLE;48.821667;2.337833;75;20260305;;;7.0;1;635;9;18.5;1;1454;9;12.9;1;12.8;1;11.5;1;;;;;0;9;;;;;;;;;;;;;;;;;;;;;;;;;;;;;;;;
75114007;PARIS-MONTSOURIS-DOUBLE;48.821667;2.337833;75;20260306;;;10.2;1;334;9;18.2;1;1442;9;13.9;1;14.2;1;8.0;1;;;;;0;9;;;;;;;;;;;;;;;;;;;;;;;;;;;;;;;;
75114007;PARIS-MONTSOURIS-DOUBLE;48.821667;2.337833;75;20260307;;;10.7;1;638;9;18.2;1;1411;9;13.2;1;14.5;1;7.5;1;;;;;0;9;;;;;;;;;;;;;;;;;;;;;;;;;;;;;;;;
75114007;PARIS-MONTSOURIS-DOUBLE;48.821667;2.337833;75;20260308;;;8.0;1;646;9;17.7;1;1449;9;12.1;1;12.9;1;9.7;1;;;;;0;9;;;;;;;;;;;;;;;;;;;;;;;;;;;;;;;;
75114007;PARIS-MONTSOURIS-DOUBLE;48.821667;2.337833;75;20260309;;;7.5;1;636;9;18.5;1;1325;9;13.2;1;13.0;1;11.0;1;;;;;0;9;;;;;;;;;;;;;;;;;;;;;;;;;;;;;;;;
75114007;PARIS-MONTSOURIS-DOUBLE;48.821667;2.337833;75;20260310;;;10.2;1;605;9;17.1;1;1203;9;12.9;1;13.7;1;6.9;1;;;;;0;9;;;;;;;;;;;;;;;;;;;;;;;;;;;;;;;;
75114007;PARIS-MONTSOURIS-DOUBLE;48.821667;2.337833;75;20260311;;;9.5;1;720;9;14.1;1;1456;9;10.6;1;11.8;1;4.6;1;;;;;0;9;;;;;;;;;;;;;;;;;;;;;;;;;;;;;;;;
75114007;PARIS-MONTSOURIS-DOUBLE;48.821667;2.337833;75;20260312;;;4.3;1;616;9;13.3;1;1103;9;9.3;1;8.8;1;9.0;1;;;;;0;9;;;;;;;;;;;;;;;;;;;;;;;;;;;;;;;;
75114007;PARIS-MONTSOURIS-DOUBLE;48.821667;2.337833;75;20260313;;;6.4;1;1753;9;11.8;1;943;9;8.5;1;9.1;1;5.4;1;;;;;0;9;;;;;;;;;;;;;;;;;;;;;;;;;;;;;;;;
75114007;PARIS-MONTSOURIS-DOUBLE;48.821667;2.337833;75;20260314;;;2.5;1;36;9;10.2;1;1544;9;6.2;1;6.4;1;7.7;1;;;;;0;9;;;;;;;;;;;;;;;;;;;;;;;;;;;;;;;;
75114007;PARIS-MONTSOURIS-DOUBLE;48.821667;2.337833;75;20260315;;;2.7;1;459;9;13.0;1;1402;9;8.2;1;7.9;1;10.3;1;;;;;0;9;;;;;;;;;;;;;;;;;;;;;;;;;;;;;;;;
75114007;PARIS-MONTSOURIS-DOUBLE;48.821667;2.337833;75;20260316;;;7.9;1;348;9;13.0;1;1228;9;10.2;1;10.5;1;5.1;1;;;;;0;9;;;;;;;;;;;;;;;;;;;;;;;;;;;;;;;;
75114007;PARIS-MONTSOURIS-DOUBLE;48.821667;2.337833;75;20260317;;;5.1;1;557;9;17.4;1;1356;9;11.5;1;11.3;1;12.3;1;;;;;0;9;;;;;;;;;;;;;;;;;;;;;;;;;;;;;;;;
75114007;PARIS-MONTSOURIS-DOUBLE;48.821667;2.337833;75;20260318;;;8.4;1;501;9;16.5;1;1348;9;12.1;1;12.5;1;8.1;1;;;;;0;9;;;;;;;;;;;;;;;;;;;;;;;;;;;;;;;;
75114007;PARIS-MONTSOURIS-DOUBLE;48.821667;2.337833;75;20260319;;;7.2;1;607;9;17.4;1;1356;9;12.0;1;12.3;1;10.2;1;;;;;0;9;;;;;;;;;;;;;;;;;;;;;;;;;;;;;;;;
75114007;PARIS-MONTSOURIS-DOUBLE;48.821667;2.337833;75;20260320;;;6.5;1;539;9;17.9;1;1319;9;12.1;1;12.2;1;11.4;1;;;;;0;9;;;;;;;;;;;;;;;;;;;;;;;;;;;;;;;;
75114007;PARIS-MONTSOURIS-DOUBLE;48.821667;2.337833;75;20260321;;;7.1;1;558;9;17.4;1;1305;9;11.8;1;12.3;1;10.3;1;;;;;0;9;;;;;;;;;;;;;;;;;;;;;;;;;;;;;;;;
75114007;PARIS-MONTSOURIS-DOUBLE;48.821667;2.337833;75;20260322;;;6.1;1;557;9;15.9;1;1357;9;10.9;1;11.0;1;9.8;1;;;;;0;9;;;;;;;;;;;;;;;;;;;;;;;;;;;;;;;;
75114007;PARIS-MONTSOURIS-DOUBLE;48.821667;2.337833;75;20260323;;;6.7;1;448;9;16.7;1;1308;9;11.5;1;11.7;1;10.0;1;;;;;0;9;;;;;;;;;;;;;;;;;;;;;;;;;;;;;;;;
75114007;PARIS-MONTSOURIS-DOUBLE;48.821667;2.337833;75;20260324;;;7.2;1;601;9;18.3;1;1309;9;13.1;1;12.8;1;11.1;1;;;;;0;9;;;;;;;;;;;;;;;;;;;;;;;;;;;;;;;;
75114007;PARIS-MONTSOURIS-DOUBLE;48.821667;2.337833;75;20260325;;;6.2;1;1307;9;9.9;1;1152;9;7.7;1;8.1;1;3.7;1;;;;;0;9;;;;;;;;;;;;;;;;;;;;;;;;;;;;;;;;
75114007;PARIS-MONTSOURIS-DOUBLE;48.821667;2.337833;75;20260326;;;4.1;1;1852;9;10.7;1;1519;9;6.6;1;7.4;1;6.6;1;;;;;0;9;;;;;;;;;;;;;;;;;;;;;;;;;;;;;;;;
75114007;PARIS-MONTSOURIS-DOUBLE;48.821667;2.337833;75;20260327;;;1.9;1;244;9;11.3;1;1256;9;7.6;1;6.6;1;9.4;1;;;;;0;9;;;;;;;;;;;;;;;;;;;;;;;;;;;;;;;;
75114007;PARIS-MONTSOURIS-DOUBLE;48.821667;2.337833;75;20260328;;;7.1;1;629;9;11.6;1;1356;9;8.5;1;9.4;1;4.5;1;;;;;0;9;;;;;;;;;;;;;;;;;;;;;;;;;;;;;;;;
75114007;PARIS-MONTSOURIS-DOUBLE;48.821667;2.337833;75;20260329;;;4.3;1;536;9;12.0;1;1301;9;8.5;1;8.2;1;7.7;1;;;;;0;9;;;;;;;;;;;;;;;;;;;;;;;;;;;;;;;;
75114007;PARIS-MONTSOURIS-DOUBLE;48.821667;2.337833;75;20260330;;;8.4;1;352;9;13.9;1;1342;9;10.5;1;11.2;1;5.5;1;;;;;0;9;;;;;;;;;;;;;;;;;;;;;;;;;;;;;;;;
75114007;PARIS-MONTSOURIS-DOUBLE;48.821667;2.337833;75;20260331;;;7.5;1;344;9;11.1;1;1305;9;9.4;1;9.3;1;3.6;1;;;;;0;9;;;;;;;;;;;;;;;;;;;;;;;;;;;;;;;;
75114007;PARIS-MONTSOURIS-DOUBLE;48.821667;2.337833;75;20260401;;;9.4;1;2035;9;10.7;1;753;9;10.0;1;10.1;1;1.3;1;;;;;0;9;;;;;;;;;;;;;;;;;;;;;;;;;;;;;;;;
75114007;PARIS-MONTSOURIS-DOUBLE;48.821667;2.337833;75;20260402;;;7.7;1;219;9;14.0;1;1522;9;10.2;1;10.9;1;6.3;1;;;;;0;9;;;;;;;;;;;;;;;;;;;;;;;;;;;;;;;;
75114007;PARIS-MONTSOURIS-DOUBLE;48.821667;2.337833;75;20260403;;;4.0;1;424;9;13.1;1;1224;9;9.6;1;8.6;1;9.1;1;;;;;0;9;;;;;;;;;;;;;;;;;;;;;;;;;;;;;;;;
75114007;PARIS-MONTSOURIS-DOUBLE;48.821667;2.337833;75;20260404;;;11.3;1;1801;9;18.6;1;1547;9;14.3;1;15.0;1;7.3;1;;;;;0;9;;;;;;;;;;;;;;;;;;;;;;;;;;;;;;;;
75114007;PARIS-MONTSOURIS-DOUBLE;48.821667;2.337833;75;20260405;;;10.7;1;923;9;16.7;1;1353;9;12.6;1;13.7;1;6.0;1;;;;;0;9;;;;;;;;;;;;;;;;;;;;;;;;;;;;;;;;
75114007;PARIS-MONTSOURIS-DOUBLE;48.821667;2.337833;75;20260406;;;5.9;1;504;9;19.1;1;1508;9;12.6;1;12.5;1;13.2;1;;;;;0;9;;;;;;;;;;;;;;;;;;;;;;;;;;;;;;;;
75114007;PARIS-MONTSOURIS-DOUBLE;48.821667;2.337833;75;20260407;;;7.9;1;508;9;24.8;1;1436;9;16.5;1;16.4;1;16.9;1;;;;;0;9;;;;;;;;;;;;;;;;;;;;;;;;;;;;;;;;
75114007;PARIS-MONTSOURIS-DOUBLE;48.821667;2.337833;75;20260408;;;10.6;1;552;9;26.3;1;1425;9;18.4;1;18.5;1;15.7;1;;;;;0;9;;;;;;;;;;;;;;;;;;;;;;;;;;;;;;;;
75114007;PARIS-MONTSOURIS-DOUBLE;48.821667;2.337833;75;20260409;;;11.3;1;529;9;26.7;1;1302;9;18.6;1;19.0;1;15.4;1;;;;;0;9;;;;;;;;;;;;;;;;;;;;;;;;;;;;;;;;
75114007;PARIS-MONTSOURIS-DOUBLE;48.821667;2.337833;75;20260410;;;8.8;1;454;9;17.0;1;1347;9;12.6;1;12.9;1;8.2;1;;;;;0;9;;;;;;;;;;;;;;;;;;;;;;;;;;;;;;;;
75114007;PARIS-MONTSOURIS-DOUBLE;48.821667;2.337833;75;20260411;;;8.4;1;1645;9;15.8;1;1000;9;10.9;1;12.1;1;7.4;1;;;;;0;9;;;;;;;;;;;;;;;;;;;;;;;;;;;;;;;;
75114007;PARIS-MONTSOURIS-DOUBLE;48.821667;2.337833;75;20260412;;;4.8;1;540;9;14.3;1;1542;9;9.9;1;9.6;1;9.5;1;;;;;0;9;;;;;;;;;;;;;;;;;;;;;;;;;;;;;;;;
75114007;PARIS-MONTSOURIS-DOUBLE;48.821667;2.337833;75;20260413;;;7.8;1;201;9;15.2;1;1049;9;10.3;1;11.5;1;7.4;1;;;;;0;9;;;;;;;;;;;;;;;;;;;;;;;;;;;;;;;;
75114007;PARIS-MONTSOURIS-DOUBLE;48.821667;2.337833;75;20260414;;;5.1;1;459;9;18.1;1;1431;9;12.0;1;11.6;1;13.0;1;;;;;0;9;;;;;;;;;;;;;;;;;;;;;;;;;;;;;;;;
75114007;PARIS-MONTSOURIS-DOUBLE;48.821667;2.337833;75;20260415;;;7.6;1;500;9;19.1;1;1230;9;14.3;1;13.4;1;11.5;1;;;;;0;9;;;;;;;;;;;;;;;;;;;;;;;;;;;;;;;;
75114007;PARIS-MONTSOURIS-DOUBLE;48.821667;2.337833;75;20260416;;;9.5;1;517;9;19.9;1;1554;9;14.2;1;14.7;1;10.4;1;;;;;0;9;;;;;;;;;;;;;;;;;;;;;;;;;;;;;;;;
75114007;PARIS-MONTSOURIS-DOUBLE;48.821667;2.337833;75;20260417;;;8.5;1;452;9;21.4;1;1242;9;15.7;1;15.0;1;12.9;1;;;;;0;9;;;;;;;;;;;;;;;;;;;;;;;;;;;;;;;;
75114007;PARIS-MONTSOURIS-DOUBLE;48.821667;2.337833;75;20260418;;;11.7;1;546;9;21.8;1;1252;9;15.6;1;16.8;1;10.1;1;;;;;0;9;;;;;;;;;;;;;;;;;;;;;;;;;;;;;;;;
75114007;PARIS-MONTSOURIS-DOUBLE;48.821667;2.337833;75;20260419;;;7.8;1;501;9;18.5;1;1307;9;12.8;1;13.2;1;10.7;1;;;;;;;;;;;;;;;;;;;;;;;;;;;;;;;;;;;;;;
75114007;PARIS-MONTSOURIS-DOUBLE;48.821667;2.337833;75;20260420;;;7.3;1;525;9;16.6;1;1312;9;11.9;1;12.0;1;9.3;1;;;;;0;9;;;;;;;;;;;;;;;;;;;;;;;;;;;;;;;;
75114007;PARIS-MONTSOURIS-DOUBLE;48.821667;2.337833;75;20260421;;;6.1;1;502;9;16.9;1;1228;9;11.8;1;11.5;1;10.8;1;;;;;0;9;;;;;;;;;;;;;;;;;;;;;;;;;;;;;;;;
75114007;PARIS-MONTSOURIS-DOUBLE;48.821667;2.337833;75;20260422;;;7.9;1;509;9;19.6;1;1502;9;13.9;1;13.8;1;11.7;1;;;;;0;9;;;;;;;;;;;;;;;;;;;;;;;;;;;;;;;;
75114007;PARIS-MONTSOURIS-DOUBLE;48.821667;2.337833;75;20260423;;;8.3;1;453;9;23.6;1;1334;9;16.3;1;16.0;1;15.3;1;;;;;0;9;;;;;;;;;;;;;;;;;;;;;;;;;;;;;;;;
75114007;PARIS-MONTSOURIS-DOUBLE;48.821667;2.337833;75;20260424;;;9.2;1;456;9;23.9;1;1440;9;16.6;1;16.6;1;14.7;1;;;;;0;9;;;;;;;;;;;;;;;;;;;;;;;;;;;;;;;;
75114007;PARIS-MONTSOURIS-DOUBLE;48.821667;2.337833;75;20260425;;;8.5;1;452;9;24.4;1;1527;9;16.4;1;16.5;1;15.9;1;;;;;0;9;;;;;;;;;;;;;;;;;;;;;;;;;;;;;;;;
75114007;PARIS-MONTSOURIS-DOUBLE;48.821667;2.337833;75;20260426;;;9.0;1;507;9;23.5;1;1455;9;16.7;1;16.3;1;14.5;1;;;;;0;9;;;;;;;;;;;;;;;;;;;;;;;;;;;;;;;;
75114007;PARIS-MONTSOURIS-DOUBLE;48.821667;2.337833;75;20260427;;;10.1;1;447;9;22.1;1;1535;9;16.3;1;16.1;1;12.0;1;;;;;0;9;;;;;;;;;;;;;;;;;;;;;;;;;;;;;;;;
75114007;PARIS-MONTSOURIS-DOUBLE;48.821667;2.337833;75;20260428;;;11.2;1;318;9;22.0;1;1504;9;16.4;1;16.6;1;10.8;1;;;;;0;9;;;;;;;;;;;;;;;;;;;;;;;;;;;;;;;;
75114007;PARIS-MONTSOURIS-DOUBLE;48.821667;2.337833;75;20260429;;;13.3;1;515;9;24.7;1;1413;9;18.2;1;19.0;1;11.4;1;;;;;0;9;;;;;;;;;;;;;;;;;;;;;;;;;;;;;;;;
75114007;PARIS-MONTSOURIS-DOUBLE;48.821667;2.337833;75;20260430;;;11.7;1;324;9;24.3;1;1434;9;17.9;1;18.0;1;12.6;1;;;;;;;;;;;;;;;;;;;;;;;;;;;;;;;;;;;;;;
75114007;PARIS-MONTSOURIS-DOUBLE;48.821667;2.337833;75;20260501;;;11.6;1;434;9;25.5;1;1537;9;17.8;1;18.6;1;13.9;1;;;;;0;9;;;;;;;;;;;;;;;;;;;;;;;;;;;;;;;;
75114007;PARIS-MONTSOURIS-DOUBLE;48.821667;2.337833;75;20260502;;;13.8;1;452;9;25.8;1;1358;9;19.4;1;19.8;1;12.0;1;;;;;0;9;;;;;;;;;;;;;;;;;;;;;;;;;;;;;;;;
75114007;PARIS-MONTSOURIS-DOUBLE;48.821667;2.337833;75;20260503;;;13.9;1;448;9;20.9;1;1503;9;16.6;1;17.4;1;7.0;1;;;;;0;9;;;;;;;;;;;;;;;;;;;;;;;;;;;;;;;;
75114007;PARIS-MONTSOURIS-DOUBLE;48.821667;2.337833;75;20260504;;;13.7;1;28;9;17.0;1;1245;9;15.1;1;15.4;1;3.3;1;;;;;0;9;;;;;;;;;;;;;;;;;;;;;;;;;;;;;;;;
75114007;PARIS-MONTSOURIS-DOUBLE;48.821667;2.337833;75;20260505;;;12.4;1;1758;9;14.9;1;1208;9;13.1;1;13.7;1;2.5;1;;;;;0;9;;;;;;;;;;;;;;;;;;;;;;;;;;;;;;;;
75114007;PARIS-MONTSOURIS-DOUBLE;48.821667;2.337833;75;20260506;;;9.2;1;622;9;15.0;1;1217;9;11.8;1;12.1;1;5.8;1;;;;;0;9;;;;;;;;;;;;;;;;;;;;;;;;;;;;;;;;
75114007;PARIS-MONTSOURIS-DOUBLE;48.821667;2.337833;75;20260507;;;10.3;1;345;9;18.0;1;1231;9;13.3;1;14.2;1;7.7;1;;;;;0;9;;;;;;;;;;;;;;;;;;;;;;;;;;;;;;;;
75114007;PARIS-MONTSOURIS-DOUBLE;48.821667;2.337833;75;20260508;;;8.5;1;442;9;21.1;1;1420;9;15.4;1;14.8;1;12.6;1;;;;;0;9;;;;;;;;;;;;;;;;;;;;;;;;;;;;;;;;
75114007;PARIS-MONTSOURIS-DOUBLE;48.821667;2.337833;75;20260509;;;11.1;1;420;9;24.9;1;1222;9;18.4;1;18.0;1;13.8;1;;;;;0;9;;;;;;;;;;;;;;;;;;;;;;;;;;;;;;;;
75114007;PARIS-MONTSOURIS-DOUBLE;48.821667;2.337833;75;20260510;;;12.7;1;646;9;18.2;1;1030;9;14.4;1;15.5;1;5.5;1;;;;;0;9;;;;;;;;;;;;;;;;;;;;;;;;;;;;;;;;
75114007;PARIS-MONTSOURIS-DOUBLE;48.821667;2.337833;75;20260511;;;9.1;1;742;9;14.5;1;1402;9;10.8;1;11.8;1;5.4;1;;;;;0;9;;;;;;;;;;;;;;;;;;;;;;;;;;;;;;;;
75114007;PARIS-MONTSOURIS-DOUBLE;48.821667;2.337833;75;20260512;;;5.4;1;413;9;16.1;1;1633;9;11.7;1;10.8;1;10.7;1;;;;;0;9;;;;;;;;;;;;;;;;;;;;;;;;;;;;;;;;
75114007;PARIS-MONTSOURIS-DOUBLE;48.821667;2.337833;75;20260513;;;9.6;1;1648;9;14.3;1;902;9;11.0;1;12.0;1;4.7;1;;;;;0;9;;;;;;;;;;;;;;;;;;;;;;;;;;;;;;;;
75114007;PARIS-MONTSOURIS-DOUBLE;48.821667;2.337833;75;20260514;;;7.5;1;355;9;12.9;1;1156;9;9.2;1;10.2;1;5.4;1;;;;;0;9;;;;;;;;;;;;;;;;;;;;;;;;;;;;;;;;
75114007;PARIS-MONTSOURIS-DOUBLE;48.821667;2.337833;75;20260515;;;5.6;1;429;9;14.0;1;1035;9;9.5;1;9.8;1;8.4;1;;;;;0;9;;;;;;;;;;;;;;;;;;;;;;;;;;;;;;;;
75114007;PARIS-MONTSOURIS-DOUBLE;48.821667;2.337833;75;20260516;;;6.2;1;430;9;15.8;1;1538;9;11.6;1;11.0;1;9.6;1;;;;;0;9;;;;;;;;;;;;;;;;;;;;;;;;;;;;;;;;
75114007;PARIS-MONTSOURIS-DOUBLE;48.821667;2.337833;75;20260517;;;10.2;1;338;9;16.1;1;1207;9;12.0;1;13.2;1;5.9;1;;;;;0;9;;;;;;;;;;;;;;;;;;;;;;;;;;;;;;;;
75114007;PARIS-MONTSOURIS-DOUBLE;48.821667;2.337833;75;20260518;;;8.1;1;430;9;15.6;1;1341;9;11.9;1;11.9;1;7.5;1;;;;;0;9;;;;;;;;;;;;;;;;;;;;;;;;;;;;;;;;
75114007;PARIS-MONTSOURIS-DOUBLE;48.821667;2.337833;75;20260519;;;10.2;1;2154;9;17.3;1;1658;9;13.9;1;13.8;1;7.1;1;;;;;0;9;;;;;;;;;;;;;;;;;;;;;;;;;;;;;;;;
75114007;PARIS-MONTSOURIS-DOUBLE;48.821667;2.337833;75;20260520;;;13.0;1;411;9;20.6;1;1609;9;16.3;1;16.8;1;7.6;1;;;;;0;9;;;;;;;;;;;;;;;;;;;;;;;;;;;;;;;;
75114007;PARIS-MONTSOURIS-DOUBLE;48.821667;2.337833;75;20260521;;;10.9;1;357;9;25.4;1;1613;9;18.7;1;18.2;1;14.5;1;;;;;0;9;;;;;;;;;;;;;;;;;;;;;;;;;;;;;;;;
75114007;PARIS-MONTSOURIS-DOUBLE;48.821667;2.337833;75;20260522;;;14.3;1;410;9;29.4;1;1551;9;22.5;1;21.9;1;15.1;1;;;;;0;9;;;;;;;;;;;;;;;;;;;;;;;;;;;;;;;;
75114007;PARIS-MONTSOURIS-DOUBLE;48.821667;2.337833;75;20260523;;;16.1;1;403;9;32.1;1;1610;9;24.5;1;24.1;1;16.0;1;;;;;0;9;;;;;;;;;;;;;;;;;;;;;;;;;;;;;;;;
75114007;PARIS-MONTSOURIS-DOUBLE;48.821667;2.337833;75;20260524;;;19.1;1;428;9;32.5;1;1331;9;26.2;1;25.8;1;13.4;1;;;;;0;9;;;;;;;;;;;;;;;;;;;;;;;;;;;;;;;;
75114007;PARIS-MONTSOURIS-DOUBLE;48.821667;2.337833;75;20260525;;;20.0;1;411;9;33.1;1;1531;9;27.0;1;26.6;1;13.1;1;;;;;0;9;;;;;;;;;;;;;;;;;;;;;;;;;;;;;;;;
75114007;PARIS-MONTSOURIS-DOUBLE;48.821667;2.337833;75;20260526;;;18.8;1;452;9;33.5;1;1456;9;26.7;1;26.2;1;14.7;1;;;;;0;9;;;;;;;;;;;;;;;;;;;;;;;;;;;;;;;;
75114007;PARIS-MONTSOURIS-DOUBLE;48.821667;2.337833;75;20260527;;;19.6;1;357;9;32.9;1;1544;9;27.0;1;26.3;1;13.3;1;;;;;0;9;;;;;;;;;;;;;;;;;;;;;;;;;;;;;;;;
75114007;PARIS-MONTSOURIS-DOUBLE;48.821667;2.337833;75;20260528;;;20.3;1;352;9;33.3;1;1541;9;27.1;1;26.8;1;13.0;1;;;;;0;9;;;;;;;;;;;;;;;;;;;;;;;;;;;;;;;;
75114007;PARIS-MONTSOURIS-DOUBLE;48.821667;2.337833;75;20260529;;;20.2;1;422;9;33.3;1;1503;9;27.3;1;26.8;1;13.1;1;;;;;0;9;;;;;;;;;;;;;;;;;;;;;;;;;;;;;;;;
75114007;PARIS-MONTSOURIS-DOUBLE;48.821667;2.337833;75;20260530;;;21.8;1;500;9;34.2;1;1341;9;27.9;1;28.0;1;12.4;1;;;;;0;9;;;;;;;;;;;;;;;;;;;;;;;;;;;;;;;;
75114007;PARIS-MONTSOURIS-DOUBLE;48.821667;2.337833;75;20260531;;;17.9;1;613;9;22.4;1;1059;9;20.0;1;20.2;1;4.5;1;;;;;0;9;;;;;;;;;;;;;;;;;;;;;;;;;;;;;;;;
75114007;PARIS-MONTSOURIS-DOUBLE;48.821667;2.337833;75;20260601;;;14.9;1;322;9;25.9;1;1540;9;20.9;1;20.4;1;11.0;1;;;;;0;9;;;;;;;;;;;;;;;;;;;;;;;;;;;;;;;;
75114007;PARIS-MONTSOURIS-DOUBLE;48.821667;2.337833;75;20260602;;;16.1;1;833;9;21.2;1;1306;9;18.0;1;18.7;1;5.1;1;;;;;0;9;;;;;;;;;;;;;;;;;;;;;;;;;;;;;;;;
75114007;PARIS-MONTSOURIS-DOUBLE;48.821667;2.337833;75;20260603;;;13.5;1;240;9;20.3;1;1448;9;16.9;1;16.9;1;6.8;1;;;;;0;9;;;;;;;;;;;;;;;;;;;;;;;;;;;;;;;;
75114007;PARIS-MONTSOURIS-DOUBLE;48.821667;2.337833;75;20260604;;;14.7;1;628;9;22.4;1;1403;9;16.6;1;18.6;1;7.7;1;;;;;0;9;;;;;;;;;;;;;;;;;;;;;;;;;;;;;;;;
75114007;PARIS-MONTSOURIS-DOUBLE;48.821667;2.337833;75;20260605;;;11.6;1;300;9;19.5;1;1528;9;15.1;1;15.6;1;7.9;1;;;;;0;9;;;;;;;;;;;;;;;;;;;;;;;;;;;;;;;;
75114007;PARIS-MONTSOURIS-DOUBLE;48.821667;2.337833;75;20260606;;;13.1;1;2239;9;21.4;1;1531;9;16.6;1;17.3;1;8.3;1;;;;;0;9;;;;;;;;;;;;;;;;;;;;;;;;;;;;;;;;
75114007;PARIS-MONTSOURIS-DOUBLE;48.821667;2.337833;75;20260607;;;10.4;1;422;9;23.1;1;1635;9;17.4;1;16.8;1;12.7;1;;;;;0;9;;;;;;;;;;;;;;;;;;;;;;;;;;;;;;;;
75114007;PARIS-MONTSOURIS-DOUBLE;48.821667;2.337833;75;20260608;;;14.3;1;1651;9;22.2;1;1343;9;17.0;1;18.3;1;7.9;1;;;;;0;9;;;;;;;;;;;;;;;;;;;;;;;;;;;;;;;;
75114007;PARIS-MONTSOURIS-DOUBLE;48.821667;2.337833;75;20260609;;;10.6;1;426;9;20.0;1;1519;9;14.9;1;15.3;1;9.4;1;;;;;0;9;;;;;;;;;;;;;;;;;;;;;;;;;;;;;;;;
75114007;PARIS-MONTSOURIS-DOUBLE;48.821667;2.337833;75;20260610;;;12.5;1;557;9;17.9;1;1126;9;14.4;1;15.2;1;5.4;1;;;;;0;9;;;;;;;;;;;;;;;;;;;;;;;;;;;;;;;;
75114007;PARIS-MONTSOURIS-DOUBLE;48.821667;2.337833;75;20260611;;;10.3;1;409;9;18.8;1;1145;9;15.6;1;14.6;1;8.5;1;;;;;0;9;;;;;;;;;;;;;;;;;;;;;;;;;;;;;;;;
75114007;PARIS-MONTSOURIS-DOUBLE;48.821667;2.337833;75;20260612;;;16.6;1;415;9;26.1;1;1641;9;20.7;1;21.4;1;9.5;1;;;;;0;9;;;;;;;;;;;;;;;;;;;;;;;;;;;;;;;;
75114007;PARIS-MONTSOURIS-DOUBLE;48.821667;2.337833;75;20260613;;;16.3;1;409;9;27.7;1;1459;9;21.7;1;22.0;1;11.4;1;;;;;0;9;;;;;;;;;;;;;;;;;;;;;;;;;;;;;;;;
75114007;PARIS-MONTSOURIS-DOUBLE;48.821667;2.337833;75;20260614;;;14.5;1;458;9;26.3;1;1650;9;20.0;1;20.4;1;11.8;1;;;;;0;9;;;;;;;;;;;;;;;;;;;;;;;;;;;;;;;;
75114007;PARIS-MONTSOURIS-DOUBLE;48.821667;2.337833;75;20260615;;;14.2;1;345;9;28.4;1;1539;9;21.7;1;21.3;1;14.2;1;;;;;0;9;;;;;;;;;;;;;;;;;;;;;;;;;;;;;;;;
75114007;PARIS-MONTSOURIS-DOUBLE;48.821667;2.337833;75;20260616;;;20.5;1;313;9;28.4;1;1543;9;23.7;1;24.5;1;7.9;1;;;;;0;9;;;;;;;;;;;;;;;;;;;;;;;;;;;;;;;;
75114007;PARIS-MONTSOURIS-DOUBLE;48.821667;2.337833;75;20260617;;;17.3;1;352;9;32.5;1;1657;9;25.5;1;24.9;1;15.2;1;;;;;0;9;;;;;;;;;;;;;;;;;;;;;;;;;;;;;;;;
75114007;PARIS-MONTSOURIS-DOUBLE;48.821667;2.337833;75;20260618;;;18.6;1;436;9;36.8;1;1445;9;26.5;1;27.7;1;18.2;1;;;;;0;9;;;;;;;;;;;;;;;;;;;;;;;;;;;;;;;;
75114007;PARIS-MONTSOURIS-DOUBLE;48.821667;2.337833;75;20260619;;;20.6;1;238;9;36.6;1;1553;9;28.1;1;28.6;1;16.0;1;;;;;0;9;;;;;;;;;;;;;;;;;;;;;;;;;;;;;;;;
75114007;PARIS-MONTSOURIS-DOUBLE;48.821667;2.337833;75;20260620;;;20.5;1;444;9;35.9;1;1558;9;28.3;1;28.2;1;15.4;1;;;;;0;9;;;;;;;;;;;;;;;;;;;;;;;;;;;;;;;;
75114007;PARIS-MONTSOURIS-DOUBLE;48.821667;2.337833;75;20260621;;;21.4;1;425;9;36.9;1;1737;9;29.5;1;29.2;1;15.5;1;;;;;0;9;;;;;;;;;;;;;;;;;;;;;;;;;;;;;;;;
75114007;PARIS-MONTSOURIS-DOUBLE;48.821667;2.337833;75;20260622;;;24.2;1;356;9;38.3;1;1429;9;31.6;1;31.3;1;14.1;1;;;;;0;9;;;;;;;;;;;;;;;;;;;;;;;;;;;;;;;;
75114007;PARIS-MONTSOURIS-DOUBLE;48.821667;2.337833;75;20260623;;;24.2;1;440;9;37.2;1;1530;9;30.8;1;30.7;1;13.0;1;;;;;0;9;;;;;;;;;;;;;;;;;;;;;;;;;;;;;;;;
75114007;PARIS-MONTSOURIS-DOUBLE;48.821667;2.337833;75;20260624;;;25.4;1;355;9;40.5;1;1556;9;33.4;1;33.0;1;15.1;1;;;;;0;9;;;;;;;;;;;;;;;;;;;;;;;;;;;;;;;;
75114007;PARIS-MONTSOURIS-DOUBLE;48.821667;2.337833;75;20260625;;;26.4;1;437;9;40.0;1;1515;9;33.8;1;33.2;1;13.6;1;;;;;0;9;;;;;;;;;;;;;;;;;;;;;;;;;;;;;;;;
75114007;PARIS-MONTSOURIS-DOUBLE;48.821667;2.337833;75;20260626;;;26.3;1;549;9;37.5;1;1534;9;30.8;1;31.9;1;11.2;1;;;;;0;9;;;;;;;;;;;;;;;;;;;;;;;;;;;;;;;;
75114007;PARIS-MONTSOURIS-DOUBLE;48.821667;2.337833;75;20260627;;;22.5;1;416;9;36.5;1;1610;9;28.7;1;29.5;1;14.0;1;;;;;0;9;;;;;;;;;;;;;;;;;;;;;;;;;;;;;;;;
75114007;PARIS-MONTSOURIS-DOUBLE;48.821667;2.337833;75;20260628;;;21.6;1;324;9;30.4;1;1627;9;25.2;1;26.0;1;8.8;1;;;;;0;9;;;;;;;;;;;;;;;;;;;;;;;;;;;;;;;;
75114007;PARIS-MONTSOURIS-DOUBLE;48.821667;2.337833;75;20260629;;;17.2;1;447;9;28.2;1;1439;9;22.2;1;22.7;1;11.0;1;;;;;0;9;;;;;;;;;;;;;;;;;;;;;;;;;;;;;;;;
75114007;PARIS-MONTSOURIS-DOUBLE;48.821667;2.337833;75;20260630;;;17.0;1;416;9;29.1;1;1354;9;22.3;1;23.1;1;12.1;1;;;;;0;9;;;;;;;;;;;;;;;;;;;;;;;;;;;;;;;;
75114007;PARIS-MONTSOURIS-DOUBLE;48.821667;2.337833;75;20260701;;;16.8;1;522;9;24.6;1;1520;9;20.6;1;20.7;1;7.8;1;;;;;0;9;;;;;;;;;;;;;;;;;;;;;;;;;;;;;;;;
75114007;PARIS-MONTSOURIS-DOUBLE;48.821667;2.337833;75;20260702;;;15.6;1;509;9;25.7;1;1547;9;20.5;1;20.7;1;10.1;1;;;;;0;9;;;;;;;;;;;;;;;;;;;;;;;;;;;;;;;;
75114007;PARIS-MONTSOURIS-DOUBLE;48.821667;2.337833;75;20260703;;;16.3;1;409;9;28.4;1;1645;9;22.6;1;22.4;1;12.1;1;;;;;;;;;;;;;;;;;;;;;;;;;;;;;;;;;;;;;;
75114007;PARIS-MONTSOURIS-DOUBLE;48.821667;2.337833;75;20260704;;;15.3;1;411;9;30.4;1;1540;9;23.3;1;22.9;1;15.1;1;;;;;0;9;;;;;;;;;;;;;;;;;;;;;;;;;;;;;;;;
75114007;PARIS-MONTSOURIS-DOUBLE;48.821667;2.337833;75;20260705;;;17.4;1;357;9;29.1;1;1518;9;23.3;1;23.3;1;11.7;1;;;;;0;9;;;;;;;;;;;;;;;;;;;;;;;;;;;;;;;;
75114007;PARIS-MONTSOURIS-DOUBLE;48.821667;2.337833;75;20260706;;;18.5;1;456;9;34.1;1;1649;9;26.4;1;26.3;1;15.6;1;;;;;0;9;;;;;;;;;;;;;;;;;;;;;;;;;;;;;;;;
75114007;PARIS-MONTSOURIS-DOUBLE;48.821667;2.337833;75;20260707;;;20.7;1;430;9;33.6;1;1402;9;27.7;1;27.2;1;12.9;1;;;;;0;9;;;;;;;;;;;;;;;;;;;;;;;;;;;;;;;;
75114007;PARIS-MONTSOURIS-DOUBLE;48.821667;2.337833;75;20260708;;;20.0;1;447;9;34.1;1;1549;9;27.8;1;27.1;1;14.1;1;;;;;0;9;;;;;;;;;;;;;;;;;;;;;;;;;;;;;;;;
75114007;PARIS-MONTSOURIS-DOUBLE;48.821667;2.337833;75;20260709;;;22.4;1;404;9;34.1;1;1500;9;28.2;1;28.3;1;11.7;1;;;;;0;9;;;;;;;;;;;;;;;;;;;;;;;;;;;;;;;;
75114007;PARIS-MONTSOURIS-DOUBLE;48.821667;2.337833;75;20260710;;;21.8;1;359;9;35.9;1;1427;9;28.9;1;28.9;1;14.1;1;;;;;0;9;;;;;;;;;;;;;;;;;;;;;;;;;;;;;;;;
75114007;PARIS-MONTSOURIS-DOUBLE;48.821667;2.337833;75;20260711;;;22.3;1;453;9;36.5;1;1519;9;29.7;1;29.4;1;14.2;1;;;;;0;9;;;;;;;;;;;;;;;;;;;;;;;;;;;;;;;;
75114007;PARIS-MONTSOURIS-DOUBLE;48.821667;2.337833;75;20260712;;;22.0;1;417;9;36.3;1;1506;9;29.6;1;29.2;1;14.3;1;;;;;0;9;;;;;;;;;;;;;;;;;;;;;;;;;;;;;;;;
75114007;PARIS-MONTSOURIS-DOUBLE;48.821667;2.337833;75;20260713;;;22.5;1;609;9;35.6;1;1509;9;28.3;1;29.1;1;13.1;1;;;;;0;9;;;;;;;;;;;;;;;;;;;;;;;;;;;;;;;;
75114007;PARIS-MONTSOURIS-DOUBLE;48.821667;2.337833;75;20260714;;;20.8;1;454;9;34.9;1;1518;9;27.7;1;27.9;1;14.1;1;;;;;0;9;;;;;;;;;;;;;;;;;;;;;;;;;;;;;;;;
75114007;PARIS-MONTSOURIS-DOUBLE;48.821667;2.337833;75;20260715;;;23.6;1;550;9;32.5;1;1534;9;27.7;1;28.1;1;8.9;1;;;;;0;9;;;;;;;;;;;;;;;;;;;;;;;;;;;;;;;;
75114007;PARIS-MONTSOURIS-DOUBLE;48.821667;2.337833;75;20260716;;;21.2;1;451;9;33.7;1;1332;9;27.0;1;27.5;1;12.5;1;;;;;0;9;;;;;;;;;;;;;;;;;;;;;;;;;;;;;;;;
75114007;PARIS-MONTSOURIS-DOUBLE;48.821667;2.337833;75;20260717;;;19.7;1;19;9;28.4;1;1320;9;23.3;1;24.1;1;8.7;1;;;;;0;9;;;;;;;;;;;;;;;;;;;;;;;;;;;;;;;;
75114007;PARIS-MONTSOURIS-DOUBLE;48.821667;2.337833;75;20260718;;;18.7;1;345;9;29.6;1;1436;9;23.6;1;24.2;1;10.9;1;;;;;0;9;;;;;;;;;;;;;;;;;;;;;;;;;;;;;;;;
75114007;PARIS-MONTSOURIS-DOUBLE;48.821667;2.337833;75;20260719;;;15.2;1;345;9;24.9;1;1435;9;19.7;1;20.1;1;9.7;1;;;;;0;9;;;;;;;;;;;;;;;;;;;;;;;;;;;;;;;;
75114007;PARIS-MONTSOURIS-DOUBLE;48.821667;2.337833;75;20260720;;;13.5;1;457;9;24.6;1;1623;9;19.3;1;19.1;1;11.1;1;;;;;0;9;;;;;;;;;;;;;;;;;;;;;;;;;;;;;;;;
75114007;PARIS-MONTSOURIS-DOUBLE;48.821667;2.337833;75;20260721;;;14.3;1;434;9;26.1;1;1613;9;20.6;1;20.2;1;11.8;1;;;;;0;9;;;;;;;;;;;;;;;;;;;;;;;;;;;;;;;;
75114007;PARIS-MONTSOURIS-DOUBLE;48.821667;2.337833;75;20260722;;;15.3;1;433;9;26.6;1;1539;9;20.7;1;21.0;1;11.3;1;;;;;0;9;;;;;;;;;;;;;;;;;;;;;;;;;;;;;;;;
75114007;PARIS-MONTSOURIS-DOUBLE;48.821667;2.337833;75;20260723;;;15.9;1;357;9;25.5;1;1648;9;20.5;1;20.7;1;9.6;1;;;;;0;9;;;;;;;;;;;;;;;;;;;;;;;;;;;;;;;;
75114007;PARIS-MONTSOURIS-DOUBLE;48.821667;2.337833;75;20260724;;;16.3;1;422;9;28.9;1;1500;9;22.9;1;22.6;1;12.6;1;;;;;0;9;;;;;;;;;;;;;;;;;;;;;;;;;;;;;;;;
75114007;PARIS-MONTSOURIS-DOUBLE;48.821667;2.337833;75;20260725;;;17.7;1;441;9;29.5;1;1511;9;23.6;1;23.6;1;11.8;1;;;;;0;9;;;;;;;;;;;;;;;;;;;;;;;;;;;;;;;;
75114007;PARIS-MONTSOURIS-DOUBLE;48.821667;2.337833;75;20260726;;;16.7;1;426;9;26.3;1;1643;9;20.7;1;21.5;1;9.6;1;;;;;0;9;;;;;;;;;;;;;;;;;;;;;;;;;;;;;;;;
75116008;LONGCHAMP;48.854833;2.233667;27;20250101;14.0;1;4.5;1;1801;9;9.1;1;2348;9;6.9;1;6.8;1;4.6;1;4.3;9;;;0;9;5.5;1;;;8.3;1;210;9;2026;9;17.0;1;240;9;2053;9;;;;;;;14.8;1;240;1;2036;9;;;0;1
75116008;LONGCHAMP;48.854833;2.233667;27;20250102;5.2;1;2.7;1;840;9;5.0;1;1446;9;4.3;1;3.9;1;2.3;1;2.5;9;;;0;9;2.0;1;;;6.9;1;210;1;49;9;13.7;1;210;1;42;9;;;;;;;12.6;1;210;1;42;9;;;0;1
75116008;LONGCHAMP;48.854833;2.233667;27;20250103;0.2;1;-4.6;1;756;9;5.7;1;1241;9;-1.0;1;0.6;1;10.3;1;-7.8;9;;;983;9;0.8;1;;;4.2;1;320;1;1318;9;7.1;1;330;1;1304;9;;;;;;;6.7;1;330;1;1304;9;;;0;1
75116008;LONGCHAMP;48.854833;2.233667;27;20250104;10.8;1;-5.6;1;628;9;11.5;1;540;9;-0.3;1;3.0;1;17.1;1;-8.7;9;;;605;9;2.1;1;;;4.5;1;130;1;1444;9;8.6;1;130;1;1217;9;;;;;;;7.9;1;130;1;1217;9;;;0;1
75116008;LONGCHAMP;48.854833;2.233667;27;20250105;1.4;1;1.1;1;1856;9;13.2;1;1216;9;11.6;1;7.2;1;12.1;1;0.1;9;;;0;9;5.5;1;;;7.4;1;210;1;805;9;15.4;1;190;9;2216;9;;;;;;;13.9;1;190;1;2216;9;;;0;1
75116008;LONGCHAMP;48.854833;2.233667;27;20250106;3.0;1;6.8;1;1542;9;12.7;1;807;9;9.6;1;9.8;1;5.9;1;3.8;9;;;0;9;5.5;1;;;8.8;1;220;1;1001;9;19.8;1;220;1;959;9;;;;;;;16.8;1;220;1;959;9;;;0;1
75116008;LONGCHAMP;48.854833;2.233667;27;20250107;0.0;1;4.2;1;657;9;8.2;1;1344;9;6.0;1;6.2;1;4.0;1;2.0;9;;;0;9;3.8;1;;;6.4;1;220;1;1313;9;13.7;1;210;1;339;9;;;;;;;12.1;1;220;1;1156;9;;;0;1
75116008;LONGCHAMP;48.854833;2.233667;27;20250108;15.0;1;4.0;1;542;9;12.7;1;1823;9;7.3;1;8.4;1;8.7;1;3.1;9;;;0;9;2.6;1;;;7.2;1;210;1;1655;9;14.2;1;200;1;1647;9;;;;;;;12.4;1;200;1;1647;9;;;0;1
75116008;LONGCHAMP;48.854833;2.233667;27;20250109;1.6;1;2.5;1;930;9;11.0;1;625;9;5.9;1;6.8;1;8.5;1;-0.7;9;;;0;9;3.1;1;;;8.1;1;330;1;739;9;15.3;1;280;1;724;9;;;;;;;13.8;1;280;1;724;9;;;0;1
75116008;LONGCHAMP;48.854833;2.233667;27;20250110;0.2;1;0.4;1;1800;9;6.4;1;1318;9;2.5;1;3.4;1;6.0;1;-3.5;9;;;323;9;1.0;1;;;3.0;1;160;1;1153;9;5.0;1;200;1;1157;9;;;;;;;4.7;1;200;1;1157;9;;;0;1
75116008;LONGCHAMP;48.854833;2.233667;27;20250111;0.0;1;-3.0;1;2338;9;2.2;1;1253;9;1.0;1;-0.4;1;5.2;1;-6.7;9;;;232;9;2.1;1;;;3.5;1;320;1;1412;9;5.9;1;350;1;1634;9;;;;;;;5.5;1;350;1;1634;9;;;0;1
75116008;LONGCHAMP;48.854833;2.233667;27;20250112;0.0;1;1.0;1;1752;9;4.8;1;1352;9;2.0;1;2.9;1;3.8;1;-2.1;9;;;170;9;1.5;1;;;3.4;1;340;1;1122;9;5.4;1;60;1;1424;9;;;;;;;4.6;1;350;1;512;9;;;0;1
75116008;LONGCHAMP;48.854833;2.233667;27;20250113;0.0;1;-2.5;1;2026;9;5.0;1;1420;9;1.0;1;1.3;1;7.5;1;-6.1;9;;;372;9;2.0;1;;;3.9;1;30;1;1151;9;7.4;1;80;1;302;9;;;;;;;6.7;1;80;1;302;9;;;0;1
75116008;LONGCHAMP;48.854833;2.233667;27;20250114;0.0;1;-7.1;1;546;9;4.7;1;1453;9;-2.1;1;-1.2;1;11.8;1;-11.0;9;;;1026;9;0.6;1;;;2.7;1;340;1;1309;9;4.4;1;340;1;1522;9;;;;;;;4.2;1;340;1;1522;9;;;0;1
75116008;LONGCHAMP;48.854833;2.233667;27;20250115;0.4;1;-4.1;1;22;9;6.9;1;1523;9;3.8;1;1.4;1;11.0;1;-6.7;9;;;116;9;0.7;1;;;2.3;1;30;1;1806;9;4.2;1;360;1;1800;9;;;;;;;4.0;1;360;1;1800;9;;;0;1
75116008;LONGCHAMP;48.854833;2.233667;27;20250116;0.0;1;0.0;1;603;9;5.4;1;1219;9;3.8;1;2.7;1;5.4;1;-3.4;9;;;2;9;1.6;1;;;3.8;1;70;1;1010;9;7.7;1;40;1;1002;9;;;;;;;6.9;1;40;1;1002;9;;;0;1
75116008;LONGCHAMP;48.854833;2.233667;27;20250117;0.0;1;-2.3;1;410;9;1.7;1;1253;9;0.6;1;-0.3;1;4.0;1;-6.1;9;;;275;9;1.4;1;;;3.1;1;20;1;1016;9;5.0;1;10;1;1051;9;;;;;;;4.6;1;10;1;1051;9;;;0;1
75116008;LONGCHAMP;48.854833;2.233667;27;20250118;0.0;1;-0.1;1;2323;9;2.3;1;1454;9;1.0;1;1.1;1;2.4;1;-0.2;9;;;228;9;2.2;1;;;4.5;1;150;1;1820;9;8.3;1;110;1;1556;9;;;;;;;6.9;1;150;1;1622;9;;;0;1
75116008;LONGCHAMP;48.854833;2.233667;27;20250119;0.0;1;-3.0;1;2339;9;2.0;1;1233;9;0.8;1;-0.5;1;5.0;1;-6.0;9;;;215;9;1.2;1;;;2.9;1;150;1;1457;9;4.4;1;210;1;1540;9;;;;;;;4.1;1;210;1;1540;9;;;0;1
75116008;LONGCHAMP;48.854833;2.233667;27;20250120;0.0;1;-0.5;1;1703;9;2.5;1;1222;9;0.2;1;1.0;1;3.0;1;-2.2;9;;;479;9;1.4;1;;;3.1;1;170;1;1306;9;4.8;1;170;1;1305;9;;;;;;;4.7;1;170;1;1305;9;;;0;1
75116008;LONGCHAMP;48.854833;2.233667;27;20250121;0.2;1;-1.8;1;255;9;6.2;1;1345;9;0.9;1;2.2;1;8.0;1;-4.2;9;;;847;9;0.9;1;;;3.0;1;150;1;1506;9;4.4;1;150;1;1459;9;;;;;;;4.2;1;150;1;1459;9;;;0;1
75116008;LONGCHAMP;48.854833;2.233667;27;20250122;19.4;1;-1.3;1;1941;9;9.7;1;1317;9;6.6;1;4.2;1;11.0;1;-4.1;9;;;16;9;2.1;1;;;6.0;1;350;9;2043;9;10.4;1;340;9;2004;9;;;;;;;9.2;1;340;1;2039;9;;;0;1
75116008;LONGCHAMP;48.854833;2.233667;27;20250123;0.6;1;4.1;1;750;9;9.0;1;2134;9;6.9;1;6.6;1;4.9;1;1.2;9;;;0;9;3.7;1;;;7.2;1;210;1;1944;9;14.3;1;200;1;1930;9;;;;;;;12.5;1;200;1;1936;9;;;0;1
75116008;LONGCHAMP;48.854833;2.233667;27;20250124;2.6;1;7.7;1;1801;9;13.2;1;1951;9;10.3;1;10.5;1;5.5;1;6.2;9;;;0;9;6.0;1;;;8.1;1;200;1;556;9;16.1;1;210;1;504;9;;;;;;;14.7;1;210;1;504;9;;;0;1
75116008;LONGCHAMP;48.854833;2.233667;27;20250125;10.8;1;8.5;1;1728;9;12.6;1;606;9;9.4;1;10.6;1;4.1;1;7.7;9;;;0;9;2.8;1;;;6.3;1;340;9;2224;9;12.5;1;200;1;533;9;;;;;;;11.7;1;200;1;533;9;;;0;1
75116008;LONGCHAMP;48.854833;2.233667;27;20250126;3.2;1;2.1;1;632;9;12.5;1;222;9;6.0;1;7.3;1;10.4;1;-0.6;9;;;0;9;5.0;1;;;7.7;1;200;9;1951;9;15.4;1;210;9;2002;9;;;;;;;13.9;1;210;1;2003;9;;;0;1
75116008;LONGCHAMP;48.854833;2.233667;27;20250127;0.0;1;8.8;1;1741;9;12.2;1;1258;9;10.2;1;10.5;1;3.4;1;6.5;9;;;0;9;5.8;1;;;9.6;1;160;1;11;9;21.5;1;200;1;100;9;;;;;;;18.8;1;200;1;100;9;;;0;1
75116008;LONGCHAMP;48.854833;2.233667;27;20250128;1.2;1;7.3;1;812;9;12.5;1;1459;9;9.3;1;9.9;1;5.2;1;5.7;9;;;0;9;5.6;1;;;8.4;1;190;1;714;9;17.2;1;190;1;522;9;;;;;;;15.1;1;190;1;522;9;;;0;1
75116008;LONGCHAMP;48.854833;2.233667;27;20250129;12.2;1;6.2;1;742;9;8.4;1;1118;9;8.0;1;7.3;1;2.2;1;4.4;9;;;0;9;3.5;1;;;6.0;1;250;1;219;9;13.2;1;260;1;216;9;;;;;;;11.8;1;260;1;216;9;;;0;1
75116008;LONGCHAMP;48.854833;2.233667;27;20250130;0.2;1;5.2;1;350;9;8.5;1;1015;9;5.9;1;6.9;1;3.3;1;2.1;9;;;76;9;2.4;1;;;7.4;1;350;1;1306;9;12.3;1;10;1;1305;9;;;;;;;11.7;1;10;1;1305;9;;;0;1
75116008;LONGCHAMP;48.854833;2.233667;27;20250131;3.2;1;-2.9;1;251;9;6.4;1;1105;9;2.5;1;1.8;1;9.3;1;-5.9;9;;;421;9;2.2;1;;;5.5;1;170;1;1526;9;8.8;1;170;1;1520;9;;;;;;;8.4;1;170;1;1521;9;;;0;1
75116008;LONGCHAMP;48.854833;2.233667;27;20250201;0.0;1;-2.9;1;703;9;7.9;1;1401;9;1.9;1;2.5;1;10.8;1;-5.5;9;;;448;9;1.2;1;;;3.5;1;10;1;1517;9;5.7;1;10;1;1517;9;;;;;;;5.2;1;10;1;1517;9;;;0;1
75116008;LONGCHAMP;48.854833;2.233667;27;20250202;0.2;1;-4.6;1;659;9;8.8;1;1415;9;0.8;1;2.1;1;13.4;1;-8.1;9;;;816;9;0.8;1;;;3.2;1;150;1;821;9;4.7;1;140;1;818;9;;;;;;;4.5;1;140;1;818;9;;;0;1
75116008;LONGCHAMP;48.854833;2.233667;27;20250203;0.2;1;-4.1;1;742;9;9.5;1;1454;9;1.9;1;2.7;1;13.6;1;-7.9;9;;;536;9;1.2;1;;;3.4;1;140;1;1810;9;5.9;1;170;1;1854;9;;;;;;;5.6;1;170;1;1854;9;;;0;1
75116008;LONGCHAMP;48.854833;2.233667;27;20250204;0.0;1;-0.8;1;444;9;4.0;1;455;9;1.3;1;1.6;1;4.8;1;-0.7;9;;;449;9;2.5;1;;;4.0;1;170;1;1857;9;5.9;1;140;1;1023;9;;;;;;;5.6;1;170;1;1849;9;;;0;1
75116008;LONGCHAMP;48.854833;2.233667;27;20250205;0.0;1;2.5;1;2043;9;7.0;1;1446;9;4.5;1;4.8;1;4.5;1;0.5;9;;;0;9;1.2;1;;;2.9;1;350;1;847;9;4.8;1;350;1;845;9;;;;;;;4.5;1;350;1;845;9;;;0;1
75116008;LONGCHAMP;48.854833;2.233667;27;20250206;0.0;1;1.0;1;1940;9;5.5;1;1743;9;4.4;1;3.3;1;4.5;1;-2.6;9;;;0;9;3.5;1;;;5.4;1;50;9;2117;9;12.4;1;50;9;2149;9;;;;;;;11.7;1;50;1;2149;9;;;0;1
75116008;LONGCHAMP;48.854833;2.233667;27;20250207;1.4;1;2.8;1;827;9;7.4;1;2245;9;4.8;1;5.1;1;4.6;1;2.5;9;;;0;9;2.8;1;;;5.9;1;80;1;709;9;10.5;1;80;1;708;9;;;;;;;9.6;1;80;1;708;9;;;0;1
75116008;LONGCHAMP;48.854833;2.233667;27;20250208;3.2;1;3.8;1;911;9;7.4;1;1433;9;6.1;1;5.6;1;3.6;1;3.3;9;;;0;9;3.1;1;;;6.1;1;180;1;750;9;10.5;1;170;1;739;9;;;;;;;9.7;1;170;1;739;9;;;0;1
75116008;LONGCHAMP;48.854833;2.233667;27;20250209;0.4;1;4.0;1;41;9;7.9;1;1523;9;5.7;1;6.0;1;3.9;1;2.6;9;;;0;9;1.7;1;;;4.9;1;190;1;6;9;9.1;1;190;1;4;9;;;;;;;8.1;1;190;1;29;9;;;0;1
75116008;LONGCHAMP;48.854833;2.233667;27;20250210;5.8;1;3.2;1;143;9;6.3;1;1523;9;4.6;1;4.8;1;3.1;1;0.0;9;;;0;9;1.9;1;;;4.9;1;310;1;1735;9;8.0;1;260;9;2345;9;;;;;;;7.3;1;260;1;2342;9;;;0;1
75116008;LONGCHAMP;48.854833;2.233667;27;20250211;0.0;1;2.6;1;1739;9;6.3;1;1506;9;3.6;1;4.5;1;3.7;1;-0.8;9;;;161;9;1.0;1;;;3.5;1;290;1;1;9;5.5;1;260;1;2;9;;;;;;;5.1;1;260;1;2;9;;;0;1
75116008;LONGCHAMP;48.854833;2.233667;27;20250212;0.8;1;-2.2;1;237;9;6.2;1;1414;9;4.0;1;2.0;1;8.4;1;-5.3;9;;;248;9;1.2;1;;;3.2;1;30;1;1134;9;5.1;1;30;1;1135;9;;;;;;;4.8;1;80;1;954;9;;;0;1
75116008;LONGCHAMP;48.854833;2.233667;27;20250213;0.0;1;0.4;1;726;9;6.3;1;1305;9;4.2;1;3.4;1;5.9;1;-2.4;9;;;0;9;1.8;1;;;4.3;1;20;9;2047;9;7.6;1;40;9;2133;9;;;;;;;6.8;1;40;1;2133;9;;;0;1
75116008;LONGCHAMP;48.854833;2.233667;27;20250214;0.0;1;-1.4;1;558;9;6.3;1;1357;9;2.5;1;2.5;1;7.7;1;-5.1;9;;;171;9;2.5;1;;;4.5;1;130;9;2257;9;10.3;1;120;9;2248;9;;;;;;;8.8;1;120;1;2248;9;;;0;1
75116008;LONGCHAMP;48.854833;2.233667;27;20250215;0.0;1;-2.3;1;341;9;5.2;1;1421;9;1.9;1;1.5;1;7.5;1;-6.7;9;;;384;9;2.1;1;;;3.9;1;150;1;920;9;7.8;1;160;1;912;9;;;;;;;6.4;1;160;1;912;9;;;0;1
75116008;LONGCHAMP;48.854833;2.233667;27;20250216;0.0;1;-3.9;1;611;9;6.6;1;1357;9;1.6;1;1.4;1;10.5;1;-7.8;9;;;494;9;2.0;1;;;5.1;1;20;1;1239;9;8.4;1;20;1;1235;9;;;;;;;7.7;1;20;1;1230;9;;;0;1
75116008;LONGCHAMP;48.854833;2.233667;27;20250217;0.0;1;-3.4;1;611;9;7.8;1;1349;9;1.7;1;2.2;1;11.2;1;-7.2;9;;;551;9;1.5;1;;;4.0;1;10;1;1530;9;6.1;1;360;1;1435;9;;;;;;;5.8;1;20;1;1540;9;;;0;1
75116008;LONGCHAMP;48.854833;2.233667;27;20250218;0.0;1;-2.9;1;332;9;8.6;1;1414;9;3.4;1;2.9;1;11.5;1;-6.2;9;;;456;9;2.0;1;;;4.0;1;90;1;1355;9;8.0;1;70;1;1806;9;;;;;;;7.5;1;80;1;1751;9;;;0;1
75116008;LONGCHAMP;48.854833;2.233667;27;20250219;0.2;1;1.3;1;703;9;10.5;1;1454;9;5.6;1;5.9;1;9.2;1;-1.4;9;;;0;9;1.6;1;;;3.6;1;150;1;825;9;6.4;1;140;1;120;9;;;;;;;5.7;1;140;1;120;9;;;0;1
75116008;LONGCHAMP;48.854833;2.233667;27;20250220;1.0;1;2.1;1;35;9;14.8;1;1351;9;10.1;1;8.5;1;12.7;1;-1.9;9;;;0;9;2.0;1;;;5.4;1;190;1;902;9;9.3;1;190;1;902;9;;;;;;;8.5;1;190;1;902;9;;;0;1
75116008;LONGCHAMP;48.854833;2.233667;27;20250221;0.8;1;7.3;1;2131;9;16.1;1;1513;9;12.8;1;11.7;1;8.8;1;3.0;9;;;0;9;2.2;1;;;3.9;1;150;1;1223;9;7.1;1;170;1;1605;9;;;;;;;6.8;1;170;1;1615;9;;;0;1
75116008;LONGCHAMP;48.854833;2.233667;27;20250222;2.0;1;9.1;1;1800;9;14.1;1;1509;9;9.9;1;11.6;1;5.0;1;3.4;9;;;0;9;2.1;1;;;5.4;1;280;1;1305;9;10.7;1;320;1;1304;9;;;;;;;10.0;1;320;1;1304;9;;;0;1
75116008;LONGCHAMP;48.854833;2.233667;27;20250223;0.2;1;1.0;1;519;9;14.7;1;1307;9;9.2;1;7.9;1;13.7;1;-3.0;9;;;0;9;2.5;1;;;6.0;1;190;1;1513;9;10.6;1;200;1;1536;9;;;;;;;9.6;1;200;1;1536;9;;;0;1
75116008;LONGCHAMP;48.854833;2.233667;27;20250224;1.2;1;10.8;1;246;9;13.6;1;1121;9;11.4;1;12.2;1;2.8;1;6.6;9;;;0;9;3.5;1;;;5.8;1;200;1;936;9;12.8;1;200;1;944;9;;;;;;;10.8;1;200;1;944;9;;;0;1
75116008;LONGCHAMP;48.854833;2.233667;27;20250225;20.2;1;6.9;1;611;9;10.3;1;842;9;8.8;1;8.6;1;3.4;1;3.8;9;;;0;9;3.9;1;;;8.5;1;320;1;1559;9;18.4;1;300;1;1620;9;;;;;;;16.8;1;300;1;1620;9;;;0;1
75116008;LONGCHAMP;48.854833;2.233667;27;20250226;3.6;1;3.7;1;523;9;10.7;1;1340;9;7.5;1;7.2;1;7.0;1;0.1;9;;;0;9;2.9;1;;;6.0;1;190;1;1438;9;11.4;1;270;1;1800;9;;;;;;;10.0;1;220;1;1259;9;;;0;1
75116008;LONGCHAMP;48.854833;2.233667;27;20250227;0.2;1;3.3;1;653;9;9.6;1;1444;9;6.7;1;6.5;1;6.3;1;0.0;9;;;0;9;2.5;1;;;5.9;1;360;1;1621;9;12.4;1;350;1;1612;9;;;;;;;11.0;1;350;1;1612;9;;;0;1
75116008;LONGCHAMP;48.854833;2.233667;27;20250228;0.0;1;3.1;1;2358;9;9.9;1;1130;9;6.3;1;6.5;1;6.8;1;-1.1;9;;;0;9;2.3;1;;;4.8;1;40;1;1525;9;8.2;1;40;1;1524;9;;;;;;;7.7;1;40;1;1524;9;;;0;1
75116008;LONGCHAMP;48.854833;2.233667;27;20250301;0.0;1;1.9;1;700;9;7.9;1;1136;9;4.4;1;4.9;1;6.0;1;-2.1;9;;;0;9;3.5;1;;;6.5;1;20;1;1439;9;11.5;1;10;1;1610;9;;;;;;;10.6;1;10;1;1610;9;;;0;1
75116008;LONGCHAMP;48.854833;2.233667;27;20250302;0.2;1;-0.7;1;331;9;11.4;1;1500;9;4.9;1;5.4;1;12.1;1;-5.2;9;;;99;9;2.2;1;;;4.7;1;70;1;906;9;9.4;1;40;1;905;9;;;;;;;8.1;1;70;1;857;9;;;0;1
75116008;LONGCHAMP;48.854833;2.233667;27;20250303;0.0;1;-3.6;1;549;9;12.6;1;1434;9;4.0;1;4.5;1;16.2;1;-8.0;9;;;505;9;1.0;1;;;3.7;1;360;1;1132;9;6.1;1;360;1;1418;9;;;;;;;5.8;1;360;1;1418;9;;;0;1
75116008;LONGCHAMP;48.854833;2.233667;27;20250304;0.2;1;-2.0;1;347;9;14.3;1;1531;9;4.4;1;6.2;1;16.3;1;-5.9;9;;;489;9;0.6;1;;;2.1;1;360;1;1524;9;4.4;1;350;1;1520;9;;;;;;;4.2;1;350;1;1520;9;;;0;1
75116008;LONGCHAMP;48.854833;2.233667;27;20250305;0.0;1;-2.4;1;518;9;18.8;1;1544;9;7.1;1;8.2;1;21.2;1;-6.0;9;;;425;9;0.9;1;;;3.5;1;130;1;1251;9;5.8;1;160;1;1241;9;;;;;;;5.4;1;160;1;1241;9;;;0;1
75116008;LONGCHAMP;48.854833;2.233667;27;20250306;0.2;1;-1.4;1;613;9;18.1;1;1516;9;8.1;1;8.4;1;19.5;1;-5.8;9;;;171;9;1.4;1;;;5.1;1;200;1;1306;9;9.2;1;180;1;1223;9;;;;;;;8.5;1;180;1;1257;9;;;0;1
75116008;LONGCHAMP;48.854833;2.233667;27;20250307;0.0;1;2.1;1;152;9;18.2;1;1448;9;10.7;1;10.2;1;16.1;1;-1.8;9;;;0;9;2.0;1;;;4.3;1;150;1;1216;9;7.8;1;110;1;1320;9;;;;;;;7.4;1;110;1;1320;9;;;0;1
75116008;LONGCHAMP;48.854833;2.233667;27;20250308;0.0;1;2.6;1;625;9;18.5;1;1504;9;12.5;1;10.6;1;15.9;1;-2.0;9;;;0;9;2.1;1;;;4.7;1;130;1;1452;9;9.1;1;110;1;1436;9;;;;;;;8.1;1;110;1;1436;9;;;0;1
75116008;LONGCHAMP;48.854833;2.233667;27;20250309;0.0;1;7.9;1;618;9;18.4;1;1419;9;13.2;1;13.2;1;10.5;1;1.0;9;;;0;9;1.7;1;;;4.0;1;150;1;1631;9;9.4;1;150;1;1626;9;;;;;;;9.0;1;150;1;1626;9;;;0;1
75116008;LONGCHAMP;48.854833;2.233667;27;20250310;1.4;1;8.5;1;52;9;13.1;1;1529;9;9.5;1;10.8;1;4.6;1;5.4;9;;;0;9;1.2;1;;;4.8;1;190;1;1229;9;9.5;1;190;1;1222;9;;;;;;;8.7;1;190;1;1222;9;;;0;1
75116008;LONGCHAMP;48.854833;2.233667;27;20250311;0.8;1;1.2;1;439;9;10.3;1;1358;9;6.4;1;5.8;1;9.1;1;-1.7;9;;;0;9;2.4;1;;;5.9;1;20;9;2102;9;9.7;1;40;9;2108;9;;;;;;;9.3;1;20;1;2045;9;;;0;1
75116008;LONGCHAMP;48.854833;2.233667;27;20250312;0.8;1;2.7;1;640;9;8.0;1;1331;9;5.7;1;5.4;1;5.3;1;0.1;9;;;0;9;3.0;1;;;5.1;1;30;9;2100;9;8.6;1;20;9;2057;9;;;;;;;8.2;1;20;1;2057;9;;;0;1
75116008;LONGCHAMP;48.854833;2.233667;27;20250313;0.0;1;2.4;1;638;9;9.4;1;1505;9;4.9;1;5.9;1;7.0;1;-1.6;9;;;0;9;2.4;1;;;5.9;1;340;1;1516;9;9.5;1;350;1;1648;9;;;;;;;8.5;1;340;1;1511;9;;;0;1
75116008;LONGCHAMP;48.854833;2.233667;27;20250314;0.2;1;-2.5;1;420;9;8.0;1;1143;9;3.8;1;2.8;1;10.5;1;-6.4;9;;;191;9;2.6;1;;;4.9;1;10;1;1552;9;8.0;1;350;1;1445;9;;;;;;;7.4;1;20;1;1544;9;;;0;1
75116008;LONGCHAMP;48.854833;2.233667;27;20250315;0.0;1;1.7;1;504;9;9.5;1;1338;9;5.3;1;5.6;1;7.8;1;-2.2;9;;;0;9;5.0;1;;;7.8;1;20;1;1728;9;13.9;1;40;1;1744;9;;;;;;;12.2;1;20;1;1543;9;;;0;1
75116008;LONGCHAMP;48.854833;2.233667;27;20250316;0.0;1;3.4;1;549;9;11.5;1;1550;9;6.8;1;7.5;1;8.1;1;2.7;9;;;0;9;3.8;1;;;5.7;1;20;1;923;9;10.1;1;20;1;33;9;;;;;;;8.8;1;20;1;33;9;;;0;1
75116008;LONGCHAMP;48.854833;2.233667;27;20250317;0.0;1;-2.4;1;541;9;12.3;1;1459;9;6.8;1;5.0;1;14.7;1;-6.3;9;;;157;9;2.8;1;;;5.4;1;40;1;1433;9;9.8;1;70;1;1802;9;;;;;;;9.3;1;70;1;1802;9;;;0;1
75116008;LONGCHAMP;48.854833;2.233667;27;20250318;0.0;1;3.0;1;624;9;13.5;1;1540;9;7.1;1;8.3;1;10.5;1;-1.9;9;;;0;9;2.5;1;;;5.0;1;110;1;923;9;10.2;1;80;1;914;9;;;;;;;9.3;1;80;1;914;9;;;0;1
75116008;LONGCHAMP;48.854833;2.233667;27;20250319;0.0;1;1.1;1;627;9;18.1;1;1459;9;10.1;1;9.6;1;17.0;1;-3.3;9;;;0;9;1.5;1;;;4.2;1;180;1;1350;9;7.8;1;200;1;1357;9;;;;;;;7.0;1;200;1;1359;9;;;0;1
75116008;LONGCHAMP;48.854833;2.233667;27;20250320;0.0;1;1.8;1;537;9;19.6;1;1351;9;10.9;1;10.7;1;17.8;1;-2.5;9;;;0;9;1.3;1;;;3.6;1;140;1;1616;9;6.7;1;170;1;1354;9;;;;;;;5.9;1;170;1;1354;9;;;0;1
75116008;LONGCHAMP;48.854833;2.233667;27;20250321;5.0;1;6.8;1;2333;9;19.3;1;1501;9;14.3;1;13.1;1;12.5;1;2.3;9;;;0;9;2.6;1;;;6.1;1;160;1;1534;9;11.3;1;150;1;1547;9;;;;;;;10.0;1;150;1;1547;9;;;0;1
75116008;LONGCHAMP;48.854833;2.233667;27;20250322;4.8;1;11.6;1;443;9;18.5;1;1440;9;13.1;1;15.1;1;6.9;1;10.0;9;;;0;9;2.6;1;;;7.9;1;150;1;1658;9;15.0;1;140;1;1653;9;;;;;;;14.2;1;140;1;1653;9;;;0;1
75116008;LONGCHAMP;48.854833;2.233667;27;20250323;0.8;1;7.7;1;238;9;15.1;1;1515;9;10.5;1;11.4;1;7.4;1;5.3;9;;;0;9;2.2;1;;;3.9;1;200;1;1209;9;7.4;1;220;1;1421;9;;;;;;;6.7;1;220;1;1421;9;;;0;1
75116008;LONGCHAMP;48.854833;2.233667;27;20250324;0.0;1;3.7;1;522;9;16.0;1;1157;9;11.5;1;9.9;1;12.3;1;0.2;9;;;0;9;1.5;1;;;3.7;1;320;1;1707;9;6.1;1;290;1;1701;9;;;;;;;5.5;1;310;1;1629;9;;;0;1
75116008;LONGCHAMP;48.854833;2.233667;27;20250325;0.0;1;8.5;1;805;9;15.5;1;1411;9;10.9;1;12.0;1;7.0;1;8.7;9;;;0;9;3.0;1;;;4.7;1;360;1;543;9;7.6;1;300;1;1307;9;;;;;;;7.3;1;300;1;1307;9;;;0;1
75116008;LONGCHAMP;48.854833;2.233667;27;20250326;0.0;1;8.7;1;2250;9;15.5;1;1525;9;10.5;1;12.1;1;6.8;1;5.0;9;;;0;9;2.6;1;;;4.9;1;20;1;1855;9;7.7;1;30;1;1853;9;;;;;;;7.4;1;30;1;1457;9;;;0;1
75116008;LONGCHAMP;48.854833;2.233667;27;20250327;0.4;1;0.2;1;558;9;16.6;1;1502;9;8.4;1;8.4;1;16.4;1;-3.4;9;;;0;9;1.4;1;;;3.9;1;360;1;1022;9;7.5;1;20;1;1121;9;;;;;;;6.9;1;20;1;1121;9;;;0;1
75116008;LONGCHAMP;48.854833;2.233667;27;20250328;5.0;1;3.1;1;2315;9;13.8;1;1332;9;8.6;1;8.5;1;10.7;1;-1.6;9;;;0;9;2.4;1;;;5.3;1;310;1;1748;9;11.0;1;330;1;1745;9;;;;;;;10.1;1;330;1;1745;9;;;0;1
75116008;LONGCHAMP;48.854833;2.233667;27;20250329;0.0;1;6.4;1;555;9;14.5;1;1402;9;9.2;1;10.5;1;8.1;1;3.4;9;;;0;9;3.2;1;;;6.1;1;350;1;1222;9;10.3;1;10;1;1314;9;;;;;;;9.5;1;10;1;1315;9;;;0;1
75116008;LONGCHAMP;48.854833;2.233667;27;20250330;0.0;1;1.9;1;2234;9;17.3;1;1508;9;10.8;1;9.6;1;15.4;1;-1.9;9;;;0;9;2.4;1;;;5.6;1;330;1;1553;9;10.4;1;330;1;1412;9;;;;;;;9.6;1;330;1;1412;9;;;0;1
75116008;LONGCHAMP;48.854833;2.233667;27;20250331;0.0;1;2.6;1;421;9;15.7;1;1515;9;9.9;1;9.2;1;13.1;1;-1.4;9;;;0;9;2.4;1;;;4.9;1;10;1;945;9;8.6;1;20;1;1538;9;;;;;;;8.0;1;20;1;1538;9;;;0;1
75116008;LONGCHAMP;48.854833;2.233667;27;20250401;0.0;1;3.0;1;423;9;15.5;1;1228;9;10.3;1;9.3;1;12.5;1;-2.2;9;;;0;9;3.9;1;;;7.7;1;60;1;1556;9;16.6;1;80;1;1611;9;;;;;;;13.8;1;90;1;1713;9;;;0;1
75116008;LONGCHAMP;48.854833;2.233667;27;20250402;0.0;1;6.7;1;419;9;17.9;1;1524;9;12.5;1;12.3;1;11.2;1;2.1;9;;;0;9;3.0;1;;;5.0;1;80;1;827;9;9.7;1;50;1;103;9;;;;;;;8.8;1;50;1;210;9;;;0;1
75116008;LONGCHAMP;48.854833;2.233667;27;20250403;0.0;1;4.7;1;504;9;21.8;1;1518;9;13.6;1;13.3;1;17.1;1;0.8;9;;;0;9;1.9;1;;;5.4;1;150;1;950;9;11.0;1;140;1;1056;9;;;;;;;10.2;1;160;1;1200;9;;;0;1
75116008;LONGCHAMP;48.854833;2.233667;27;20250404;0.0;1;7.2;1;241;9;24.0;1;1401;9;15.2;1;15.6;1;16.8;1;3.6;9;;;0;9;1.4;1;;;4.5;1;70;1;1351;9;9.6;1;60;1;1429;9;;;;;;;9.2;1;60;1;1238;9;;;0;1
75116008;LONGCHAMP;48.854833;2.233667;27;20250405;0.0;1;4.2;1;514;9;24.8;1;1416;9;15.9;1;14.5;1;20.6;1;0.0;9;;;0;9;2.2;1;;;4.7;1;30;1;1121;9;8.9;1;20;1;1437;9;;;;;;;8.1;1;20;1;1330;9;;;0;1
75116008;LONGCHAMP;48.854833;2.233667;27;20250406;0.0;1;5.2;1;451;9;18.5;1;1438;9;12.8;1;11.9;1;13.3;1;0.0;9;;;0;9;2.7;1;;;5.9;1;30;1;1148;9;10.4;1;10;1;1011;9;;;;;;;9.5;1;10;1;1011;9;;;0;1
75116008;LONGCHAMP;48.854833;2.233667;27;20250407;0.0;1;0.2;1;509;9;17.6;1;1526;9;9.6;1;8.9;1;17.4;1;-4.1;9;;;0;9;1.8;1;;;4.9;1;20;1;1105;9;9.0;1;10;1;1103;9;;;;;;;7.8;1;10;1;1103;9;;;0;1
75116008;LONGCHAMP;48.854833;2.233667;27;20250408;0.0;1;0.2;1;438;9;19.1;1;1424;9;9.8;1;9.7;1;18.9;1;-3.7;9;;;0;9;1.1;1;;;3.9;1;10;1;1242;9;7.5;1;360;1;1235;9;;;;;;;7.3;1;360;1;1235;9;;;0;1
75116008;LONGCHAMP;48.854833;2.233667;27;20250409;0.2;1;1.2;1;440;9;18.6;1;1425;9;11.3;1;9.9;1;17.4;1;-2.7;9;;;0;9;2.8;1;;;5.9;1;20;1;1704;9;10.6;1;10;1;1655;9;;;;;;;10.1;1;10;1;1655;9;;;0;1
75116008;LONGCHAMP;48.854833;2.233667;27;20250410;0.0;1;4.3;1;355;9;16.7;1;1507;9;9.9;1;10.5;1;12.4;1;-0.4;9;;;0;9;2.5;1;;;5.5;1;10;1;830;9;8.8;1;360;1;823;9;;;;;;;8.0;1;360;1;823;9;;;0;1
75116008;LONGCHAMP;48.854833;2.233667;27;20250411;0.2;1;1.2;1;523;9;21.5;1;1525;9;12.2;1;11.4;1;20.3;1;-2.5;9;;;0;9;1.5;1;;;3.5;1;100;1;1609;9;6.7;1;110;1;1038;9;;;;;;;6.2;1;110;1;1038;9;;;0;1
75116008;LONGCHAMP;48.854833;2.233667;27;20250412;4.4;1;2.9;1;501;9;22.1;1;1248;9;13.1;1;12.5;1;19.2;1;-1.2;9;;;0;9;2.5;1;;;6.7;1;190;1;1318;9;11.3;1;180;1;1354;9;;;;;;;10.1;1;180;1;1354;9;;;0;1
75116008;LONGCHAMP;48.854833;2.233667;27;20250413;0.0;1;12.8;1;618;9;17.9;1;1504;9;13.9;1;15.4;1;5.1;1;11.3;9;;;0;9;2.8;1;;;5.1;1;210;1;133;9;9.9;1;210;1;37;9;;;;;;;9.5;1;210;1;37;9;;;0;1
75116008;LONGCHAMP;48.854833;2.233667;27;20250414;1.0;1;3.7;1;517;9;19.7;1;1501;9;12.4;1;11.7;1;16.0;1;0.0;9;;;0;9;1.4;1;;;5.1;1;160;1;1347;9;8.3;1;150;1;1343;9;;;;;;;7.9;1;150;1;1329;9;;;0;1
75116008;LONGCHAMP;48.854833;2.233667;27;20250415;0.0;1;10.0;1;2028;9;18.5;1;1039;9;14.2;1;14.3;1;8.5;1;6.4;9;;;0;9;3.5;1;;;8.0;1;190;1;1424;9;15.0;1;210;1;1446;9;;;;;;;12.9;1;190;1;1611;9;;;0;1
75116008;LONGCHAMP;48.854833;2.233667;27;20250416;0.0;1;7.9;1;518;9;15.1;1;1433;9;10.7;1;11.5;1;7.2;1;6.5;9;;;0;9;2.1;1;;;4.2;1;150;1;1436;9;7.5;1;250;1;610;9;;;;;;;6.8;1;250;1;610;9;;;0;1
75116008;LONGCHAMP;48.854833;2.233667;27;20250417;0.0;1;1.8;1;514;9;17.5;1;1149;9;10.9;1;9.7;1;15.7;1;-1.1;9;;;0;9;1.5;1;;;3.9;1;90;1;1345;9;9.1;1;330;1;1018;9;;;;;;;7.7;1;330;1;1018;9;;;0;1
75116008;LONGCHAMP;48.854833;2.233667;27;20250418;0.0;1;6.6;1;514;9;18.9;1;1355;9;13.4;1;12.8;1;12.3;1;2.8;9;;;0;9;3.8;1;;;5.9;1;130;1;1120;9;10.5;1;120;9;2121;9;;;;;;;9.6;1;150;1;2249;9;;;0;1
75116008;LONGCHAMP;48.854833;2.233667;27;20250419;4.6;1;9.5;1;507;9;20.3;1;1614;9;13.6;1;14.9;1;10.8;1;6.8;9;;;0;9;1.9;1;;;5.0;1;130;1;15;9;11.7;1;140;1;34;9;;;;;;;9.9;1;140;1;34;9;;;0;1
75116008;LONGCHAMP;48.854833;2.233667;27;20250420;3.4;1;10.6;1;2210;9;16.9;1;1344;9;12.7;1;13.8;1;6.3;1;8.1;9;;;0;9;2.7;1;;;6.0;1;170;1;1432;9;12.9;1;180;1;1428;9;;;;;;;12.5;1;180;1;1428;9;;;0;1
75116008;LONGCHAMP;48.854833;2.233667;27;20250421;1.4;1;9.7;1;2;9;15.6;1;1433;9;11.5;1;12.7;1;5.9;1;6.3;9;;;0;9;1.3;1;;;4.6;1;330;1;1453;9;9.1;1;330;1;1445;9;;;;;;;8.7;1;330;1;1445;9;;;0;1
75116008;LONGCHAMP;48.854833;2.233667;27;20250422;1.8;1;5.0;1;101;9;17.3;1;1238;9;11.9;1;11.2;1;12.3;1;3.2;9;;;0;9;0.9;1;;;3.9;1;360;1;1143;9;6.5;1;340;1;1143;9;;;;;;;6.1;1;340;1;1143;9;;;0;1
75116008;LONGCHAMP;48.854833;2.233667;27;20250423;15.5;1;9.0;1;632;9;16.8;1;1209;9;11.1;1;12.9;1;7.8;1;6.2;9;;;0;9;2.3;1;;;6.1;1;300;1;1255;9;11.1;1;280;1;1247;9;;;;;;;10.2;1;280;1;1247;9;;;0;1
75116008;LONGCHAMP;48.854833;2.233667;27;20250424;0.0;1;6.8;1;2218;9;16.5;1;1352;9;12.3;1;11.7;1;9.7;1;3.9;9;;;0;9;2.5;1;;;5.3;1;360;1;1503;9;8.9;1;330;1;1535;9;;;;;;;8.3;1;330;1;1535;9;;;0;1
75116008;LONGCHAMP;48.854833;2.233667;27;20250425;0.2;1;4.1;1;140;9;16.0;1;1518;9;11.0;1;10.1;1;11.9;1;1.6;9;;;0;9;1.5;1;;;3.3;1;20;1;210;9;5.7;1;10;1;1351;9;;;;;;;5.0;1;20;1;239;9;;;0;1
75116008;LONGCHAMP;48.854833;2.233667;27;20250426;0.0;1;4.0;1;413;9;19.9;1;1449;9;13.0;1;12.0;1;15.9;1;1.5;9;;;0;9;2.3;1;;;5.2;1;20;1;1438;9;9.8;1;20;1;1144;9;;;;;;;8.8;1;20;1;1144;9;;;0;1
75116008;LONGCHAMP;48.854833;2.233667;27;20250427;0.0;1;8.9;1;426;9;22.4;1;1313;9;15.4;1;15.7;1;13.5;1;5.9;9;;;0;9;2.4;1;;;4.9;1;360;1;1339;9;9.0;1;350;1;1311;9;;;;;;;8.2;1;350;1;1336;9;;;0;1
75116008;LONGCHAMP;48.854833;2.233667;27;20250428;0.0;1;6.1;1;408;9;24.2;1;1351;9;16.1;1;15.2;1;18.1;1;3.7;9;;;0;9;1.5;1;;;4.4;1;30;1;1504;9;13.7;1;340;1;1459;9;;;;;;;12.3;1;340;1;1459;9;;;0;1
75116008;LONGCHAMP;48.854833;2.233667;27;20250429;0.0;1;6.5;1;504;9;25.7;1;1517;9;16.7;1;16.1;1;19.2;1;3.1;9;;;0;9;1.4;1;;;4.5;1;30;1;1345;9;8.3;1;20;1;1343;9;;;;;;;7.9;1;20;1;1343;9;;;0;1
75116008;LONGCHAMP;48.854833;2.233667;27;20250430;0.2;1;7.4;1;411;9;28.0;1;1359;9;18.3;1;17.7;1;20.6;1;4.1;9;;;0;9;1.0;1;;;3.1;1;360;1;1458;9;6.2;1;40;1;1207;9;;;;;;;5.9;1;40;1;1207;9;;;0;1
75116008;LONGCHAMP;48.854833;2.233667;27;20250501;0.0;1;9.2;1;341;9;29.3;1;1441;9;19.4;1;19.3;1;20.1;1;5.5;9;;;0;9;1.7;1;;;4.9;1;180;1;1500;9;9.9;1;150;1;1251;9;;;;;;;9.1;1;150;1;1251;9;;;0;1
75116008;LONGCHAMP;48.854833;2.233667;27;20250502;0.0;1;10.3;1;426;9;28.1;1;1236;9;20.3;1;19.2;1;17.8;1;6.6;9;;;0;9;1.1;1;;;4.1;1;20;1;1533;9;6.3;1;360;1;1333;9;;;;;;;5.9;1;360;1;1333;9;;;0;1
75116008;LONGCHAMP;48.854833;2.233667;27;20250503;19.2;1;13.0;1;1426;9;27.0;1;1212;9;18.4;1;20.0;1;14.0;1;7.1;9;;;0;9;2.2;1;;;7.3;1;320;1;1409;9;18.4;1;310;1;1406;9;;;;;;;15.7;1;310;1;1406;9;;;0;1
75116008;LONGCHAMP;48.854833;2.233667;27;20250504;0.0;1;9.3;1;516;9;17.0;1;1407;9;12.2;1;13.2;1;7.7;1;8.2;9;;;0;9;5.0;1;;;7.2;1;10;1;1819;9;13.7;1;50;9;2143;9;;;;;;;12.1;1;350;1;1812;9;;;0;1
75116008;LONGCHAMP;48.854833;2.233667;27;20250505;0.0;1;6.6;1;251;9;15.3;1;1321;9;10.7;1;11.0;1;8.7;1;5.0;9;;;0;9;4.2;1;;;6.8;1;20;1;725;9;11.5;1;20;1;719;9;;;;;;;11.0;1;20;1;719;9;;;0;1
75116008;LONGCHAMP;48.854833;2.233667;27;20250506;0.0;1;6.0;1;2307;9;17.0;1;1340;9;12.3;1;11.5;1;11.0;1;3.5;9;;;0;9;4.6;1;;;6.8;1;10;1;1002;9;12.1;1;20;1;1238;9;;;;;;;11.2;1;20;1;1238;9;;;0;1
75116008;LONGCHAMP;48.854833;2.233667;27;20250507;0.0;1;9.2;1;149;9;17.2;1;1521;9;12.1;1;13.2;1;8.0;1;7.7;9;;;0;9;3.9;1;;;5.5;1;20;1;411;9;9.8;1;20;1;648;9;;;;;;;9.5;1;20;1;648;9;;;0;1
75116008;LONGCHAMP;48.854833;2.233667;27;20250508;0.0;1;5.6;1;242;9;18.7;1;1230;9;13.2;1;12.2;1;13.1;1;4.2;9;;;0;9;2.7;1;;;6.0;1;20;1;1611;9;9.8;1;10;1;1608;9;;;;;;;9.4;1;10;1;1608;9;;;0;1
75116008;LONGCHAMP;48.854833;2.233667;27;20250509;0.0;1;9.6;1;437;9;20.5;1;1333;9;14.4;1;15.1;1;10.9;1;5.5;9;;;0;9;2.3;1;;;4.5;1;80;1;1414;9;9.6;1;70;1;1534;9;;;;;;;9.2;1;70;1;1534;9;;;0;1
75116008;LONGCHAMP;48.854833;2.233667;27;20250510;0.0;1;4.6;1;427;9;23.3;1;1559;9;16.4;1;14.0;1;18.7;1;1.9;9;;;;;2.3;1;;;5.2;1;90;1;1115;9;11.4;1;70;1;1152;9;;;;;;;9.7;1;70;1;1152;9;;;0;1
75116008;LONGCHAMP;48.854833;2.233667;27;20250511;3.4;1;8.9;1;226;9;24.1;1;1347;9;17.4;1;16.5;1;15.2;1;6.1;9;;;0;9;2.4;1;;;4.6;1;160;1;1539;9;8.9;1;180;1;1118;9;;;;;;;7.7;1;140;1;1033;9;;;0;1
75116008;LONGCHAMP;48.854833;2.233667;27;20250512;0.2;1;12.2;1;412;9;21.3;1;1551;9;15.5;1;16.8;1;9.1;1;11.4;9;;;0;9;1.9;1;;;4.7;1;160;1;1155;9;7.7;1;190;1;1219;9;;;;;;;7.1;1;150;1;1152;9;;;0;1
75116008;LONGCHAMP;48.854833;2.233667;27;20250513;2.8;1;6.5;1;413;9;23.8;1;1426;9;15.0;1;15.2;1;17.3;1;4.6;9;;;0;9;0.8;1;;;5.0;1;40;1;1548;1;10.6;1;40;1;1539;9;;;;;;;9.4;1;40;1;1539;9;;;0;1
75116008;LONGCHAMP;48.854833;2.233667;27;20250514;0.0;1;7.3;1;334;9;25.9;1;1428;9;17.9;1;16.6;1;18.6;1;4.9;9;;;0;9;2.0;1;;;5.4;1;20;9;2120;9;9.2;1;360;9;2122;9;;;;;;;8.5;1;360;1;2122;9;;;0;1
75116008;LONGCHAMP;48.854833;2.233667;27;20250515;0.4;1;9.0;1;435;9;17.4;1;1316;9;13.0;1;13.2;1;8.4;1;7.8;9;;;0;9;4.6;1;;;6.6;1;350;1;1345;9;11.2;1;340;1;850;9;;;;;;;10.6;1;30;1;1357;9;;;0;1
75116008;LONGCHAMP;48.854833;2.233667;27;20250516;0.0;1;4.9;1;330;9;21.2;1;1450;9;14.3;1;13.1;1;16.3;1;2.1;9;;;0;9;3.6;1;;;6.9;1;20;9;1941;9;11.9;1;50;1;1509;9;;;;;;;10.0;1;340;1;1801;9;;;0;1
75116008;LONGCHAMP;48.854833;2.233667;27;20250517;0.0;1;9.0;1;49;9;19.8;1;1517;9;13.6;1;14.4;1;10.8;1;7.3;9;;;0;9;2.8;1;;;5.4;1;20;1;9;9;9.5;1;30;1;1304;9;;;;;;;8.5;1;350;1;405;9;;;0;1
75116008;LONGCHAMP;48.854833;2.233667;27;20250518;0.0;1;4.5;1;320;9;21.0;1;1438;9;13.2;1;12.8;1;16.5;1;1.0;9;;;0;9;1.9;1;;;3.8;1;350;1;1232;9;6.4;1;10;1;1224;9;;;;;;;6.0;1;10;1;1232;9;;;0;1
75116008;LONGCHAMP;48.854833;2.233667;27;20250519;0.0;1;3.9;1;432;9;23.7;1;1443;9;14.8;1;13.8;1;19.8;1;0.6;9;;;0;9;1.7;1;;;3.9;1;10;1;834;9;7.5;1;50;1;1010;9;;;;;;;7.1;1;20;1;938;9;;;0;1
75116008;LONGCHAMP;48.854833;2.233667;27;20250520;0.0;1;7.2;1;436;9;25.3;1;1505;9;18.1;1;16.3;1;18.1;1;4.2;9;;;0;9;2.5;1;;;5.3;1;350;1;1336;9;9.9;1;20;9;2014;9;;;;;;;8.9;1;70;1;1044;9;;;0;1
75116008;LONGCHAMP;48.854833;2.233667;27;20250521;9.6;1;8.6;1;343;9;18.9;1;910;9;13.2;1;13.8;1;10.3;1;5.7;9;;;0;9;1.0;1;;;3.2;1;330;9;2347;9;5.8;1;310;9;2041;9;;;;;;;5.5;1;310;1;2041;9;;;0;1
75116008;LONGCHAMP;48.854833;2.233667;27;20250522;0.0;1;8.6;1;330;9;21.1;1;1448;9;14.3;1;14.9;1;12.5;1;7.8;9;;;0;9;3.3;1;;;4.9;1;10;1;904;9;9.6;1;330;1;1505;9;;;;;;;8.3;1;330;1;1505;9;;;0;1
75116008;LONGCHAMP;48.854833;2.233667;27;20250523;0.0;1;4.8;1;418;9;19.4;1;1351;9;12.5;1;12.1;1;14.6;1;2.5;9;;;0;9;1.8;1;;;4.5;1;350;1;1300;9;9.2;1;340;1;1254;9;;;;;;;7.7;1;340;1;1254;9;;;0;1
75116008;LONGCHAMP;48.854833;2.233667;27;20250524;0.0;1;4.2;1;48;9;21.5;1;1320;9;15.4;1;12.9;1;17.3;1;1.4;9;;;0;9;2.4;1;;;4.9;1;250;1;1611;9;10.9;1;240;1;1334;9;;;;;;;10.0;1;240;1;1334;9;;;0;1
75116008;LONGCHAMP;48.854833;2.233667;27;20250525;1.2;1;15.1;1;533;9;22.2;1;1350;9;17.1;1;18.7;1;7.1;1;12.8;9;;;0;9;3.3;1;;;7.6;1;310;1;1441;9;14.6;1;300;1;1433;9;;;;;;;14.0;1;300;1;1433;9;;;0;1
75116008;LONGCHAMP;48.854833;2.233667;27;20250526;0.0;1;10.8;1;357;9;20.3;1;1218;9;15.7;1;15.6;1;9.5;1;8.3;9;;;0;9;2.4;1;;;4.3;1;220;1;1225;9;9.0;1;290;1;1036;9;;;;;;;8.0;1;290;1;1036;9;;;0;1
75116008;LONGCHAMP;48.854833;2.233667;27;20250527;1.0;1;12.6;1;432;9;19.6;1;1740;9;16.6;1;16.1;1;7.0;1;10.6;9;;;0;9;3.6;1;;;5.8;1;210;1;1307;9;11.6;1;260;9;2321;9;;;;;;;10.8;1;260;1;2321;9;;;0;1
75116008;LONGCHAMP;48.854833;2.233667;27;20250528;0.4;1;14.2;1;437;9;22.6;1;1535;9;17.1;1;18.4;1;8.4;1;13.4;9;;;0;9;3.5;1;;;6.1;1;300;1;1445;9;12.7;1;290;1;1235;9;;;;;;;11.6;1;290;1;1235;9;;;0;1
75116008;LONGCHAMP;48.854833;2.233667;27;20250529;0.0;1;8.9;1;225;9;25.3;1;1540;9;18.6;1;17.1;1;16.4;1;4.3;9;;;0;9;1.8;1;;;3.8;1;210;1;1214;9;8.3;1;200;1;1118;9;;;;;;;7.5;1;190;1;1211;9;;;0;1
75116008;LONGCHAMP;48.854833;2.233667;27;20250530;0.0;1;10.7;1;429;9;30.3;1;1611;9;22.0;1;20.5;1;19.6;1;6.4;9;;;0;9;1.1;1;;;4.1;1;200;1;1551;9;7.6;1;210;1;1544;9;;;;;;;7.0;1;210;1;1544;9;;;0;1
75116008;LONGCHAMP;48.854833;2.233667;27;20250531;0.0;1;13.5;1;403;9;29.9;1;1603;9;22.3;1;21.7;1;16.4;1;10.0;9;;;0;9;2.3;1;;;6.3;1;320;9;1945;9;9.9;1;310;9;1936;9;;;;;;;9.5;1;310;1;1936;9;;;0;1
75116008;LONGCHAMP;48.854833;2.233667;27;20250601;0.0;1;15.7;1;344;9;24.7;1;1556;9;19.0;1;20.2;1;9.0;1;12.7;9;;;0;9;2.3;1;;;4.8;1;320;1;1018;9;8.1;1;330;1;1015;9;;;;;;;7.4;1;330;1;1016;9;;;0;1
75116008;LONGCHAMP;48.854833;2.233667;27;20250602;0.0;1;13.6;1;50;9;22.8;1;1548;9;17.5;1;18.2;1;9.2;1;10.0;9;;;0;9;2.0;1;;;4.3;1;340;1;401;9;7.6;1;350;1;1300;9;;;;;;;7.1;1;350;1;1300;9;;;0;1
75116008;LONGCHAMP;48.854833;2.233667;27;20250603;0.0;1;6.7;1;350;9;24.1;1;1207;9;17.8;1;15.4;1;17.4;1;1.7;9;;;0;9;2.8;1;;;5.5;1;200;1;1041;9;11.3;1;180;1;1032;9;;;;;;;10.5;1;180;1;1032;9;;;0;1
75116008;LONGCHAMP;48.854833;2.233667;27;20250604;1.0;1;12.9;1;39;9;20.6;1;1525;9;16.2;1;16.8;1;7.7;1;8.1;9;;;0;9;2.4;1;;;4.1;1;210;9;2227;9;8.5;1;260;9;2329;9;;;;;;;7.9;1;200;1;2224;9;;;0;1
75116008;LONGCHAMP;48.854833;2.233667;27;20250605;14.0;1;14.2;1;136;9;19.5;1;1139;9;16.2;1;16.9;1;5.3;1;11.4;9;;;0;9;4.5;1;;;7.3;1;200;1;1226;9;13.7;1;180;1;1521;9;;;;;;;12.6;1;180;1;1521;9;;;0;1
75116008;LONGCHAMP;48.854833;2.233667;27;20250606;0.4;1;13.5;1;218;9;22.4;1;1408;9;17.1;1;18.0;1;8.9;1;12.6;9;;;0;9;2.7;1;;;5.4;1;220;1;1426;9;11.6;1;260;1;1345;9;;;;;;;9.7;1;210;1;1424;9;;;0;1
75116008;LONGCHAMP;48.854833;2.233667;27;20250607;1.2;1;13.7;1;305;9;20.4;1;1353;9;16.5;1;17.1;1;6.7;1;12.2;9;;;0;9;3.6;1;;;5.9;1;220;1;1326;9;12.3;1;230;1;1609;9;;;;;;;10.6;1;230;1;1339;9;;;0;1
75116008;LONGCHAMP;48.854833;2.233667;27;20250608;0.0;1;12.6;1;513;9;20.8;1;1429;9;15.3;1;16.7;1;8.2;1;11.9;9;;;0;9;2.8;1;;;5.1;1;320;1;902;9;10.6;1;250;1;738;9;;;;;;;9.0;1;270;1;107;9;;;0;1
75116008;LONGCHAMP;48.854833;2.233667;27;20250609;0.2;1;8.3;1;324;9;23.8;1;1624;9;16.1;1;16.1;1;15.5;1;3.3;9;;;0;9;1.0;1;;;3.4;1;290;1;1102;9;7.4;1;260;1;1251;9;;;;;;;7.1;1;260;1;1251;9;;;0;1
75116008;LONGCHAMP;48.854833;2.233667;27;20250610;0.0;1;8.2;1;316;9;25.6;1;1514;9;18.2;1;16.9;1;17.4;1;4.3;9;;;0;9;2.2;1;;;5.0;1;360;9;1908;9;8.1;1;320;1;1221;9;;;;;;;7.6;1;320;1;1221;9;;;0;1
75116008;LONGCHAMP;48.854833;2.233667;27;20250611;0.0;1;10.4;1;342;9;27.8;1;1526;9;21.2;1;19.1;1;17.4;1;6.3;9;;;0;9;2.1;1;;;4.3;1;90;1;1732;9;7.9;1;80;1;1724;9;;;;;;;7.3;1;80;1;1724;9;;;0;1
75116008;LONGCHAMP;48.854833;2.233667;27;20250612;0.0;1;14.4;1;418;9;31.8;1;1542;9;24.0;1;23.1;1;17.4;1;10.7;9;;;0;9;2.1;1;;;5.1;1;210;1;1254;9;10.6;1;220;1;1253;9;;;;;;;9.0;1;220;1;1253;9;;;0;1
75116008;LONGCHAMP;48.854833;2.233667;27;20250613;5.6;1;17.1;1;401;9;33.5;1;1440;9;25.9;1;25.3;1;16.4;1;14.4;9;;;0;9;2.1;1;;;8.6;1;300;9;2031;9;18.2;1;280;9;2031;9;;;;;;;15.5;1;280;1;2031;9;;;0;1
75116008;LONGCHAMP;48.854833;2.233667;27;20250614;0.8;1;17.9;1;319;9;28.7;1;1337;9;22.9;1;23.3;1;10.8;1;15.6;9;;;0;9;2.3;1;;;5.0;1;350;1;1858;9;8.9;1;320;1;1802;9;;;;;;;8.2;1;320;1;1802;9;;;0;1
75116008;LONGCHAMP;48.854833;2.233667;27;20250615;0.2;1;16.8;1;935;9;24.0;1;1432;9;18.7;1;20.4;1;7.2;1;16.4;9;;;0;9;2.5;1;;;5.0;1;330;1;1617;9;9.0;1;330;1;1556;9;;;;;;;8.1;1;330;1;1557;9;;;0;1
75116008;LONGCHAMP;48.854833;2.233667;27;20250616;0.0;1;8.7;1;351;9;26.9;1;1535;9;18.7;1;17.8;1;18.2;1;3.6;9;;;0;9;1.4;1;;;4.1;1;360;1;1518;9;8.2;1;40;1;1054;9;;;;;;;7.8;1;40;1;1054;9;;;0;1
75116008;LONGCHAMP;48.854833;2.233667;27;20250617;0.2;1;11.4;1;351;9;30.3;1;1527;9;22.0;1;20.9;1;18.9;1;6.9;9;;;0;9;1.7;1;;;5.5;1;360;9;2029;9;8.7;1;360;9;2020;9;;;;;;;8.0;1;360;1;2022;9;;;0;1
75116008;LONGCHAMP;48.854833;2.233667;27;20250618;0.0;1;13.3;1;257;9;29.8;1;1511;9;22.8;1;21.6;1;16.5;1;8.9;9;;;0;9;2.0;1;;;4.5;1;360;1;1542;9;7.7;1;320;1;1258;9;;;;;;;7.2;1;320;1;1258;9;;;0;1
75116008;LONGCHAMP;48.854833;2.233667;27;20250619;0.0;1;14.2;1;417;9;31.4;1;1355;9;24.7;1;22.8;1;17.2;1;10.2;9;;;0;9;2.4;1;;;4.7;1;20;1;1640;9;9.4;1;30;1;1635;9;;;;;;;8.1;1;30;1;1635;9;;;0;1
75116008;LONGCHAMP;48.854833;2.233667;27;20250620;0.0;1;14.0;1;407;9;32.4;1;1358;9;24.3;1;23.2;1;18.4;1;9.2;9;;;0;9;1.8;1;;;4.1;1;70;1;1336;9;7.2;1;20;1;959;9;;;;;;;6.6;1;20;1;959;9;;;0;1
75116008;LONGCHAMP;48.854833;2.233667;27;20250621;0.0;1;13.6;1;411;9;36.5;1;1632;9;26.0;1;25.1;1;22.9;1;8.7;9;;;0;9;0.9;1;;;3.3;1;100;1;929;9;7.3;1;110;1;954;9;;;;;;;6.2;1;110;1;954;9;;;0;1
75116008;LONGCHAMP;48.854833;2.233667;27;20250622;0.0;1;17.3;1;113;9;30.3;1;1658;9;24.1;1;23.8;1;13.0;1;12.4;9;;;0;9;1.8;1;;;4.2;1;310;1;618;9;8.5;1;280;1;1301;9;;;;;;;7.4;1;280;1;1301;9;;;0;1
75116008;LONGCHAMP;48.854833;2.233667;27;20250623;0.0;1;17.2;1;359;9;26.7;1;1340;9;20.5;1;22.0;1;9.5;1;13.3;9;;;0;9;2.8;1;;;4.9;1;300;1;1207;9;11.0;1;310;1;1635;9;;;;;;;10.3;1;310;1;1635;9;;;0;1
75116008;LONGCHAMP;48.854833;2.233667;27;20250624;0.0;1;10.0;1;305;9;31.4;1;1612;9;21.6;1;20.7;1;21.4;1;4.8;9;;;0;9;1.5;1;;;3.9;1;210;1;1134;9;8.2;1;170;1;939;9;;;;;;;7.4;1;170;1;939;9;;;0;1
75116008;LONGCHAMP;48.854833;2.233667;27;20250625;25.0;1;14.9;1;243;9;37.1;1;1441;9;25.1;1;26.0;1;22.2;1;10.6;9;;;0;9;1.5;1;;;6.7;1;300;1;1900;9;17.7;1;70;1;1858;9;;;;;;;14.1;1;70;1;1853;9;;1;0;1
75116008;LONGCHAMP;48.854833;2.233667;27;20250626;0.2;1;19.3;1;638;9;27.8;1;1328;9;22.9;1;23.6;1;8.5;1;18.4;9;;;0;9;2.6;1;;;5.2;1;230;1;1337;9;10.7;1;300;1;1221;9;;;;;;;8.9;1;280;1;942;9;;;0;1
75116008;LONGCHAMP;48.854833;2.233667;27;20250627;0.0;1;19.5;1;149;9;28.7;1;1545;9;23.4;1;24.1;1;9.2;1;16.8;9;;;0;9;1.6;1;;;3.9;1;240;1;650;9;7.7;1;230;1;629;9;;;;;;;7.0;1;230;1;629;9;;;0;1
75116008;LONGCHAMP;48.854833;2.233667;27;20250628;0.0;1;16.7;1;359;9;30.9;1;1539;9;24.4;1;23.8;1;14.2;1;12.9;9;;;0;9;1.8;1;;;3.7;1;30;1;1807;9;6.7;1;20;1;1354;9;;;;;;;6.2;1;20;1;1354;9;;;0;1
75116008;LONGCHAMP;48.854833;2.233667;27;20250629;0.8;1;16.9;1;403;9;31.0;1;1454;9;24.3;1;24.0;1;14.1;1;12.7;9;;;0;9;1.7;1;;;3.7;1;30;1;1707;9;6.9;1;70;1;1648;9;;;;;;;6.4;1;70;1;1648;9;;;0;1
75116008;LONGCHAMP;48.854833;2.233667;27;20250630;0.0;1;18.5;1;405;9;36.7;1;1708;9;27.5;1;27.6;1;18.2;1;14.0;9;;;0;9;0.9;1;;;2.7;1;110;1;1115;9;7.0;1;200;1;1145;9;;;;;;;5.9;1;200;1;1145;9;;;0;1
75116008;LONGCHAMP;48.854833;2.233667;27;20250701;0.2;1;17.9;1;351;9;38.6;1;1604;9;29.8;1;28.3;1;20.7;1;13.8;9;;;0;9;1.2;1;;;4.2;1;230;1;1231;9;10.5;1;230;1;1636;9;;;;;;;8.7;1;230;1;1636;9;;;0;1
75116008;LONGCHAMP;48.854833;2.233667;27;20250702;0.0;1;20.4;1;1654;9;32.9;1;1217;9;24.3;1;26.7;1;12.5;1;17.3;9;;;0;9;3.7;1;;;9.0;1;330;1;1356;9;16.8;1;310;1;1354;9;;;;;;;14.1;1;310;1;1340;9;;;0;1
75116008;LONGCHAMP;48.854833;2.233667;27;20250703;0.2;1;14.5;1;428;9;26.7;1;1427;9;21.1;1;20.6;1;12.2;1;10.7;9;;;0;9;3.1;1;;;5.2;1;10;1;1330;9;9.2;1;360;1;1022;9;;;;;;;8.4;1;340;1;2104;9;;;0;1
75116008;LONGCHAMP;48.854833;2.233667;27;20250704;0.0;1;10.5;1;329;9;28.3;1;1629;9;20.7;1;19.4;1;17.8;1;5.0;9;;;0;9;1.9;1;;;5.3;1;350;9;2021;9;8.4;1;350;1;1105;9;;;;;;;7.7;1;360;1;2014;9;;;0;1
75116008;LONGCHAMP;48.854833;2.233667;27;20250705;13.0;1;11.6;1;416;9;28.3;1;1337;9;20.5;1;20.0;1;16.7;1;6.9;9;;;0;9;2.0;1;;;4.2;1;300;1;1723;9;8.3;1;330;1;1330;9;;;;;;;7.7;1;330;1;1330;9;;;0;1
75116008;LONGCHAMP;48.854833;2.233667;27;20250706;9.0;1;13.6;1;527;9;21.5;1;1725;9;16.8;1;17.6;1;7.9;1;13.1;9;;;0;9;3.3;1;;;5.4;1;210;1;840;9;10.4;1;220;1;1107;9;;;;;;;9.3;1;210;1;1027;9;;;0;1
75116008;LONGCHAMP;48.854833;2.233667;27;20250707;7.0;1;14.9;1;821;9;20.4;1;1331;9;16.6;1;17.7;1;5.5;1;14.2;9;;;0;9;3.2;1;;;7.4;1;360;1;1455;9;14.3;1;360;1;1448;9;;;;;;;13.8;1;360;1;1448;9;;1;0;1
75116008;LONGCHAMP;48.854833;2.233667;27;20250708;1.0;1;13.8;1;2256;9;23.0;1;1526;9;18.0;1;18.4;1;9.2;1;9.8;9;;;0;9;2.7;1;;;6.2;1;360;1;916;9;10.7;1;350;1;908;9;;;;;;;10.2;1;350;1;908;9;;;0;1
75116008;LONGCHAMP;48.854833;2.233667;27;20250709;0.0;1;8.7;1;405;9;26.8;1;1544;9;18.6;1;17.8;1;18.1;1;4.1;9;;;0;9;1.1;1;;;3.0;1;10;1;1506;9;6.1;1;310;1;1000;9;;;;;;;5.3;1;30;1;1630;9;;;0;1
75116008;LONGCHAMP;48.854833;2.233667;27;20250710;0.0;1;11.3;1;337;9;28.4;1;1601;9;22.0;1;19.9;1;17.1;1;6.6;9;;;0;9;1.8;1;;;4.4;1;360;1;1615;9;7.5;1;40;1;1934;9;;;;;;;6.9;1;360;1;1612;9;;;0;1
75116008;LONGCHAMP;48.854833;2.233667;27;20250711;0.0;1;14.5;1;348;9;29.5;1;1344;9;23.4;1;22.0;1;15.0;1;10.3;9;;;0;9;2.1;1;;;5.2;1;20;1;1527;9;8.7;1;20;1;1535;9;;;;;;;8.3;1;20;1;1535;9;;;0;1
75116008;LONGCHAMP;48.854833;2.233667;27;20250712;0.0;1;14.7;1;410;9;29.4;1;1443;9;22.9;1;22.1;1;14.7;1;10.3;9;;;0;9;2.0;1;;;4.4;1;10;1;1759;9;7.8;1;360;1;943;9;;;;;;;7.0;1;360;1;942;9;;;0;1
75116008;LONGCHAMP;48.854833;2.233667;27;20250713;0.0;1;13.6;1;428;9;31.9;1;1533;9;24.4;1;22.8;1;18.3;1;9.0;9;;;0;9;1.5;1;;;6.7;1;300;9;2202;9;12.0;1;320;9;2200;9;;;;;;;10.4;1;310;1;2204;9;;;0;1
75116008;LONGCHAMP;48.854833;2.233667;27;20250714;0.0;1;19.9;1;436;9;28.0;1;1352;9;22.7;1;24.0;1;8.1;1;17.7;9;;;0;9;2.7;1;;;6.1;1;310;1;1836;9;11.4;1;320;1;1835;9;;;;;;;10.7;1;320;1;1835;9;;;0;1
75116008;LONGCHAMP;48.854833;2.233667;27;20250715;0.0;1;14.9;1;417;9;24.8;1;1343;9;20.7;1;19.9;1;9.9;1;10.9;9;;;0;9;2.2;1;;;5.2;1;230;1;1246;9;11.0;1;230;1;1243;9;;;;;;;9.2;1;250;1;1302;9;;;0;1
75116008;LONGCHAMP;48.854833;2.233667;27;20250716;0.6;1;18.4;1;2028;9;23.5;1;1212;9;20.3;1;21.0;1;5.1;1;14.8;9;;;0;9;3.0;1;;;5.4;1;240;1;1223;9;10.7;1;260;1;1403;9;;;;;;;9.6;1;260;1;1403;9;;;0;1
75116008;LONGCHAMP;48.854833;2.233667;27;20250717;0.4;1;14.6;1;313;9;28.1;1;1716;9;20.6;1;21.4;1;13.5;1;10.2;9;;;0;9;0.7;1;;;2.5;1;200;1;1010;9;4.6;1;150;1;1048;9;;;;;;;4.1;1;150;1;1048;9;;;0;1
75116008;LONGCHAMP;48.854833;2.233667;27;20250718;0.2;1;16.8;1;233;9;31.4;1;1529;9;25.2;1;24.1;1;14.6;1;13.6;9;;;0;9;1.3;1;;;3.6;1;70;1;1226;9;6.5;1;150;1;1655;9;;;;;;;6.3;1;160;1;1016;9;;;0;1
75116008;LONGCHAMP;48.854833;2.233667;27;20250719;9.9;1;21.4;1;1040;9;27.0;1;1717;9;23.0;1;24.2;1;5.6;1;17.6;9;;;0;9;2.6;1;;;6.3;1;220;1;1956;9;12.0;1;230;1;1952;9;;;;;;;11.0;1;230;1;1952;9;;;0;1
75116008;LONGCHAMP;48.854833;2.233667;27;20250720;7.0;1;16.8;1;922;9;24.4;1;1557;9;20.0;1;20.6;1;7.6;1;15.3;9;;;0;9;2.9;1;;;6.8;1;200;1;1623;9;14.8;1;210;1;1622;9;;;;;;;11.9;1;210;1;1622;9;;;0;1
75116008;LONGCHAMP;48.854833;2.233667;27;20250721;16.5;1;16.6;1;742;9;22.5;1;1244;9;18.8;1;19.6;1;5.9;1;15.2;9;;;0;9;3.2;1;;;5.8;1;180;1;300;1;11.9;1;200;1;1257;9;;;;;;;10.3;1;180;1;545;9;;;0;1
75116008;LONGCHAMP;48.854833;2.233667;27;20250722;0.0;1;16.9;1;557;9;22.8;1;1435;9;19.4;1;19.9;1;5.9;1;15.8;9;;;0;9;2.4;1;;;4.6;1;240;1;1322;9;10.7;1;220;1;1437;9;;;;;;;9.9;1;220;1;1437;9;;;0;1
75116008;LONGCHAMP;48.854833;2.233667;27;20250723;0.0;1;16.3;1;255;9;23.7;1;1118;9;19.1;1;20.0;1;7.4;1;14.5;9;;;0;9;1.6;1;;;4.2;1;340;1;1444;9;7.4;1;290;1;1328;9;;;;;;;7.0;1;270;1;1223;9;;;0;1
75116008;LONGCHAMP;48.854833;2.233667;27;20250724;3.4;1;16.6;1;430;9;24.3;1;1401;9;18.6;1;20.5;1;7.7;1;15.2;9;;;0;9;2.5;1;;;6.6;1;360;1;1131;9;11.8;1;30;1;1127;9;;;;;;;11.3;1;30;1;1127;9;;;0;1
75116008;LONGCHAMP;48.854833;2.233667;27;20250725;0.0;1;14.6;1;125;9;26.9;1;1530;9;21.1;1;20.8;1;12.3;1;11.7;9;;;0;9;1.8;1;;;4.7;1;340;1;1656;9;7.9;1;350;1;1650;9;;;;;;;7.3;1;350;1;1650;9;;;0;1
75116008;LONGCHAMP;48.854833;2.233667;27;20250726;3.8;1;16.3;1;418;9;27.1;1;1604;9;21.3;1;21.7;1;10.8;1;12.8;9;;;0;9;2.3;1;;;5.3;1;330;1;1741;9;10.4;1;310;1;1840;9;;;;;;;9.6;1;310;1;1840;9;;;0;1
75116008;LONGCHAMP;48.854833;2.233667;27;20250727;9.0;1;16.0;1;1725;9;23.8;1;1342;9;18.5;1;19.9;1;7.8;1;15.1;9;;;0;9;2.2;1;;;8.1;1;350;1;1441;9;13.0;1;360;1;1434;9;;;;;;;11.8;1;360;1;1434;9;;;0;1
75116008;LONGCHAMP;48.854833;2.233667;27;20250728;0.0;1;15.9;1;452;9;23.5;1;1616;9;18.5;1;19.7;1;7.6;1;14.5;9;;;0;9;2.3;1;;;4.0;1;330;1;1413;9;7.8;1;360;1;1006;9;;;;;;;7.3;1;340;1;1253;9;;;0;1
75116008;LONGCHAMP;48.854833;2.233667;27;20250729;0.4;1;10.6;1;448;9;23.2;1;1139;9;17.7;1;16.9;1;12.6;1;6.5;9;;;0;9;1.4;1;;;4.9;1;310;1;1523;9;8.5;1;320;1;1543;9;;;;;;;7.9;1;320;1;1515;9;;;0;1
75116008;LONGCHAMP;48.854833;2.233667;27;20250730;0.0;1;16.0;1;456;9;25.0;1;1617;9;20.3;1;20.5;1;9.0;1;13.6;9;;;0;9;1.9;1;;;5.7;1;330;1;1132;9;9.9;1;310;1;1126;9;;;;;;;9.3;1;310;1;1132;9;;;0;1
75116008;LONGCHAMP;48.854833;2.233667;27;20250731;3.2;1;13.4;1;307;9;25.5;1;1407;9;20.2;1;19.5;1;12.1;1;9.2;9;;;0;9;1.9;1;;;4.1;1;250;1;942;9;9.1;1;230;1;1249;9;;;;;;;8.6;1;230;1;1249;9;;;0;1
75116008;LONGCHAMP;48.854833;2.233667;27;20250801;0.4;1;15.6;1;101;9;23.8;1;1440;9;19.5;1;19.7;1;8.2;1;11.8;9;;;0;9;3.2;1;;;5.7;1;320;1;1637;9;10.7;1;300;1;1351;9;;;;;;;10.1;1;300;1;1351;9;;;0;1
75116008;LONGCHAMP;48.854833;2.233667;27;20250802;0.0;1;13.7;1;441;9;22.4;1;1236;9;17.8;1;18.1;1;8.7;1;9.1;9;;;0;9;2.5;1;;;4.8;1;360;1;57;9;9.2;1;340;1;1038;9;;;;;;;8.1;1;340;1;1038;9;;;0;1
75116008;LONGCHAMP;48.854833;2.233667;27;20250803;0.0;1;11.4;1;216;9;26.1;1;1533;9;20.1;1;18.8;1;14.7;1;7.3;9;;;0;9;1.8;1;;;4.7;1;330;1;1729;9;8.6;1;360;1;1726;9;;;;;;;8.3;1;310;1;1528;9;;;0;1
75116008;LONGCHAMP;48.854833;2.233667;27;20250804;3.0;1;18.7;1;410;9;29.5;1;1642;9;23.5;1;24.1;1;10.8;1;16.4;9;;;0;9;2.5;1;;;4.5;1;320;9;2347;9;8.3;1;270;1;1500;9;;;;;;;7.7;1;270;1;1500;9;;;0;1
75116008;LONGCHAMP;48.854833;2.233667;27;20250805;0.0;1;17.0;1;635;9;23.3;1;1444;9;19.0;1;20.2;1;6.3;1;15.5;9;;;0;9;3.1;1;;;6.4;1;340;1;1353;9;12.0;1;350;1;1345;9;;;;;;;10.6;1;350;1;1350;9;;;0;1
75116008;LONGCHAMP;48.854833;2.233667;27;20250806;0.0;1;10.1;1;244;9;25.0;1;1615;9;17.4;1;17.6;1;14.9;1;5.3;9;;;0;9;0.8;1;;;3.2;1;190;1;1319;9;6.9;1;120;1;1511;9;;;;;;;6.4;1;120;1;1511;9;;;0;1
75116008;LONGCHAMP;48.854833;2.233667;27;20250807;0.0;1;13.0;1;257;9;29.9;1;1710;9;21.2;1;21.5;1;16.9;1;8.6;9;;;0;9;1.2;1;;;4.0;1;180;1;1310;9;8.0;1;210;1;1508;9;;;;;;;7.3;1;210;1;1508;9;;;0;1
75116008;LONGCHAMP;48.854833;2.233667;27;20250808;0.0;1;12.6;1;329;9;28.6;1;1358;9;21.5;1;20.6;1;16.0;1;8.0;9;;;0;9;1.8;1;;;5.7;1;10;9;2009;9;8.1;1;10;9;2010;9;;;;;;;7.8;1;10;1;2010;9;;;0;1
75116008;LONGCHAMP;48.854833;2.233667;27;20250809;0.0;1;15.3;1;143;9;28.3;1;1513;9;21.8;1;21.8;1;13.0;1;11.9;9;;;0;9;2.7;1;;;5.7;1;330;1;1939;9;10.0;1;360;9;2015;9;;;;;;;8.7;1;350;1;1934;9;;;0;1
75116008;LONGCHAMP;48.854833;2.233667;27;20250810;0.0;1;10.2;1;436;9;28.1;1;1423;9;19.5;1;19.2;1;17.9;1;4.3;9;;;0;9;1.4;1;;;4.0;1;10;1;1507;9;7.0;1;70;1;1543;9;;;;;;;6.6;1;20;1;1619;9;;;0;1
75116008;LONGCHAMP;48.854833;2.233667;27;20250811;0.0;1;11.8;1;405;9;32.0;1;1524;9;22.5;1;21.9;1;20.2;1;5.9;9;;;0;9;1.2;1;;;4.4;1;70;1;1042;9;8.6;1;90;1;1342;9;;;;;;;7.5;1;90;1;1343;9;;;0;1
75116008;LONGCHAMP;48.854833;2.233667;27;20250812;0.0;1;14.9;1;449;9;35.6;1;1436;9;25.4;1;25.3;1;20.7;1;11.0;9;;;0;9;1.5;1;;;4.5;1;210;1;1156;9;10.4;1;220;1;1254;9;;;;;;;9.7;1;220;1;1254;9;;;0;1
75116008;LONGCHAMP;48.854833;2.233667;27;20250813;0.6;1;17.7;1;217;9;34.7;1;1300;9;25.3;1;26.2;1;17.0;1;13.5;9;;;0;9;1.1;1;;;3.1;1;130;1;1129;9;6.7;1;250;1;1815;9;;;;;;;5.9;1;250;1;1815;9;;;0;1
75116008;LONGCHAMP;48.854833;2.233667;27;20250814;0.0;1;17.8;1;430;9;31.5;1;1534;9;24.3;1;24.7;1;13.7;1;13.7;9;;;0;9;2.3;1;;;5.0;1;350;9;1958;9;8.2;1;340;9;2022;9;;;;;;;7.6;1;340;1;1953;9;;;0;1
75116008;LONGCHAMP;48.854833;2.233667;27;20250815;0.0;1;16.1;1;517;9;31.5;1;1506;9;24.0;1;23.8;1;15.4;1;13.0;9;;;0;9;2.4;1;;;4.4;1;20;1;1725;9;7.5;1;40;1;1556;9;;;;;;;7.1;1;40;1;1556;9;;;0;1
75116008;LONGCHAMP;48.854833;2.233667;27;20250816;0.0;1;16.9;1;446;9;28.2;1;1423;9;21.9;1;22.6;1;11.3;1;12.0;9;;;0;9;3.0;1;;;6.2;1;10;1;1729;9;10.8;1;30;9;1907;9;;;;;;;10.2;1;30;1;1907;9;;;0;1
75116008;LONGCHAMP;48.854833;2.233667;27;20250817;0.0;1;15.9;1;512;9;27.4;1;1530;9;21.6;1;21.7;1;11.5;1;10.1;9;;;0;9;2.9;1;;;4.8;1;50;1;1411;9;10.0;1;40;1;1404;9;;;;;;;9.4;1;40;1;1406;9;;;0;1
75116008;LONGCHAMP;48.854833;2.233667;27;20250818;0.0;1;15.4;1;444;9;29.7;1;1403;9;22.0;1;22.6;1;14.3;1;9.9;9;;;0;9;1.7;1;;;3.4;1;30;1;927;9;9.0;1;50;1;1513;9;;;;;;;8.3;1;50;1;1513;9;;;0;1
75116008;LONGCHAMP;48.854833;2.233667;27;20250819;2.0;1;14.2;1;350;9;28.7;1;1235;9;21.2;1;21.5;1;14.5;1;9.6;9;;;0;9;1.3;1;;;4.6;1;210;1;1527;9;7.9;1;190;1;1251;9;;;;;;;7.3;1;190;1;1251;9;;;0;1
75116008;LONGCHAMP;48.854833;2.233667;27;20250820;2.0;1;18.5;1;724;9;19.4;1;1454;9;18.5;1;19.0;1;0.9;1;17.3;9;;;0;9;2.3;1;;;5.3;1;20;1;1906;9;9.0;1;20;1;1921;9;;;;;;;8.3;1;10;1;1833;9;;;0;1
75116008;LONGCHAMP;48.854833;2.233667;27;20250821;0.0;1;15.3;1;228;9;25.3;1;1531;9;19.3;1;20.3;1;10.0;1;14.1;9;;;0;9;3.8;1;;;6.5;1;360;9;1941;9;11.2;1;360;1;1311;9;;;;;;;10.7;1;360;1;1936;9;;;0;1
75116008;LONGCHAMP;48.854833;2.233667;27;20250822;0.0;1;10.3;1;519;9;23.7;1;1447;9;17.4;1;17.0;1;13.4;1;5.2;9;;;0;9;2.1;1;;;4.9;1;30;1;1034;9;8.2;1;10;1;1029;9;;;;;;;7.8;1;350;1;1134;9;;;0;1
75116008;LONGCHAMP;48.854833;2.233667;27;20250823;0.0;1;8.6;1;408;9;25.7;1;1339;9;17.8;1;17.2;1;17.1;1;3.5;9;;;0;9;1.5;1;;;4.1;1;40;1;1717;9;7.1;1;40;1;1709;9;;;;;;;6.4;1;10;1;1414;9;;;0;1
75116008;LONGCHAMP;48.854833;2.233667;27;20250824;0.0;1;12.1;1;531;9;25.1;1;1520;9;18.0;1;18.6;1;13.0;1;6.8;9;;;0;9;1.7;1;;;4.3;1;10;1;1359;9;10.8;1;360;1;1019;9;;;;;;;10.0;1;360;1;1019;9;;;0;1
75116008;LONGCHAMP;48.854833;2.233667;27;20250825;0.0;1;9.0;1;524;9;28.9;1;1528;9;19.0;1;19.0;1;19.9;1;3.7;9;;;0;9;0.9;1;;;3.1;1;150;1;1354;9;7.1;1;160;1;1504;1;;;;;;;7.7;1;;;;;;;0;
75116008;LONGCHAMP;48.854833;2.233667;27;20250826;0.0;1;11.8;1;246;9;29.9;1;1347;9;22.2;1;20.9;1;18.1;1;7.0;9;;;0;9;2.0;1;;;5.0;1;220;1;1408;9;9.3;1;210;1;1555;9;;;;;;;8.8;1;210;1;1555;9;;;0;1
75116008;LONGCHAMP;48.854833;2.233667;27;20250827;0.0;1;16.3;1;442;9;26.3;1;1332;9;21.6;1;21.3;1;10.0;1;13.2;9;;;0;9;2.3;1;;;6.1;1;210;1;1145;9;11.1;1;210;1;1137;9;;;;;;;10.3;1;210;1;1137;9;;;0;1
75116008;LONGCHAMP;48.854833;2.233667;27;20250828;1.6;1;16.7;1;652;9;24.5;1;1538;9;19.6;1;20.6;1;7.8;1;15.0;9;;;0;9;2.7;1;;;5.0;1;300;1;949;9;10.5;1;230;1;1242;9;;;;;;;9.7;1;230;1;1242;9;;;0;1
75116008;LONGCHAMP;48.854833;2.233667;27;20250829;22.2;1;15.4;1;1713;9;22.1;1;1317;9;16.9;1;18.8;1;6.7;1;11.5;9;;;0;9;2.9;1;;;5.6;1;180;1;828;1;13.5;1;320;1;1659;1;;;;;;;11.0;1;;;820;1;;;0;
75116008;LONGCHAMP;48.854833;2.233667;27;20250830;0.6;1;13.2;1;317;9;22.9;1;1500;9;18.2;1;18.1;1;9.7;1;9.8;9;;;0;9;3.5;1;;;5.9;1;200;1;1708;9;11.3;1;200;1;1422;9;;;;;;;9.8;1;200;1;1106;9;;;0;1
75116008;LONGCHAMP;48.854833;2.233667;27;20250831;1.0;1;18.0;1;1757;9;22.1;1;958;9;18.7;1;20.1;1;4.1;1;16.4;9;;;0;9;2.7;1;;;4.1;1;190;1;13;9;8.0;1;200;1;17;9;;;;;;;7.3;1;200;1;9;9;;;0;1
75116008;LONGCHAMP;48.854833;2.233667;27;20250901;2.2;1;13.9;1;448;9;23.4;1;1425;9;16.9;1;18.7;1;9.5;1;12.3;9;;;0;9;2.9;1;;;6.1;1;200;1;1322;9;12.8;1;250;1;1531;9;;;;;;;11.2;1;250;1;1531;9;;;0;1
75116008;LONGCHAMP;48.854833;2.233667;27;20250902;3.4;1;12.4;1;528;9;18.8;1;1340;9;16.3;1;15.6;1;6.4;1;9.5;9;;;0;9;3.9;1;;;7.6;1;180;1;1339;9;14.5;1;170;1;1349;9;;;;;;;13.6;1;170;1;1334;9;;;0;1
75116008;LONGCHAMP;48.854833;2.233667;27;20250903;1.8;1;17.2;1;8;9;25.6;1;1434;9;20.0;1;21.4;1;8.4;1;16.3;9;;;0;9;4.8;1;;;8.2;1;190;1;1343;9;17.9;1;240;1;1559;9;;;;;;;15.6;1;240;1;1559;9;;;0;1
75116008;LONGCHAMP;48.854833;2.233667;27;20250904;1.8;1;14.3;1;408;9;23.0;1;1533;9;17.7;1;18.7;1;8.7;1;9.7;9;;;0;9;2.8;1;;;5.9;1;190;1;906;9;11.3;1;210;1;1023;9;;;;;;;10.5;1;210;1;1023;9;;;0;1
75116008;LONGCHAMP;48.854833;2.233667;27;20250905;0.2;1;13.3;1;526;9;24.0;1;1544;9;16.8;1;18.7;1;10.7;1;10.6;9;;;0;9;1.3;1;;;3.6;1;310;1;838;9;6.8;1;320;1;1241;9;;;;;;;6.2;1;320;1;1241;9;;;0;1
75116008;LONGCHAMP;48.854833;2.233667;27;20250906;0.0;1;8.9;1;449;9;25.3;1;1533;9;18.4;1;17.1;1;16.4;1;4.2;9;;;0;9;2.4;1;;;5.7;1;150;1;1321;9;10.4;1;140;1;1440;9;;;;;;;10.0;1;140;1;1440;9;;;0;1
75116008;LONGCHAMP;48.854833;2.233667;27;20250907;0.0;1;12.3;1;336;9;30.8;1;1316;9;22.1;1;21.6;1;18.5;1;7.9;9;;;0;9;2.3;1;;;5.4;1;160;1;1213;9;10.0;1;220;1;1506;9;;;;;;;8.6;1;180;1;1206;9;;;0;1
75116008;LONGCHAMP;48.854833;2.233667;27;20250908;0.0;1;17.7;1;856;9;24.2;1;1450;9;19.8;1;21.0;1;6.5;1;14.4;9;;;0;9;1.9;1;;;4.4;1;10;9;2105;9;7.6;1;10;9;2104;9;;;;;;;7.2;1;10;1;2104;9;;;0;1
75116008;LONGCHAMP;48.854833;2.233667;27;20250909;0.0;1;10.4;1;506;9;23.6;1;1547;9;16.8;1;17.0;1;13.2;1;5.3;9;;;0;9;0.9;1;;;3.1;1;350;1;1356;9;6.2;1;250;1;1403;9;;;;;;;5.9;1;250;1;1403;9;;;0;1
75116008;LONGCHAMP;48.854833;2.233667;27;20250910;3.0;1;8.9;1;335;9;21.5;1;1338;9;16.1;1;15.2;1;12.6;1;3.7;9;;;0;9;2.8;1;;;5.9;1;200;1;1300;9;12.0;1;220;1;1251;9;;;;;;;10.3;1;220;1;1251;9;;;0;1
75116008;LONGCHAMP;48.854833;2.233667;27;20250911;4.8;1;13.6;1;325;9;20.4;1;1234;9;15.5;1;17.0;1;6.8;1;11.7;9;;;0;9;3.7;1;;;6.6;1;210;1;1044;9;14.3;1;270;1;1210;9;;;;;;;12.6;1;270;1;1210;9;;;0;1
75116008;LONGCHAMP;48.854833;2.233667;27;20250912;2.4;1;11.5;1;531;9;21.1;1;1513;9;16.1;1;16.3;1;9.6;1;9.9;9;;;0;9;3.4;1;;;6.3;1;210;1;1220;9;11.7;1;210;1;1217;9;;;;;;;10.3;1;210;1;1217;9;;;0;1
75116008;LONGCHAMP;48.854833;2.233667;27;20250913;2.2;1;13.5;1;425;9;19.5;1;1240;9;15.9;1;16.5;1;6.0;1;11.7;9;;;0;9;3.2;1;;;6.5;1;210;1;1103;9;12.3;1;210;1;1232;9;;;;;;;11.1;1;210;1;1232;9;;;0;1
75116008;LONGCHAMP;48.854833;2.233667;27;20250914;0.8;1;13.5;1;501;9;21.1;1;1830;9;17.7;1;17.3;1;7.6;1;10.9;9;;;0;9;3.1;1;;;5.9;1;210;9;2108;9;11.7;1;210;9;2315;9;;;;;;;11.2;1;210;1;2315;9;;;0;1
75116008;LONGCHAMP;48.854833;2.233667;27;20250915;0.0;1;15.9;1;538;9;21.5;1;1424;9;17.9;1;18.7;1;5.6;1;12.5;9;;;0;9;4.1;1;;;7.2;1;240;1;1508;9;14.6;1;220;1;1033;9;;;;;;;13.0;1;210;1;31;9;;;0;1
75116008;LONGCHAMP;48.854833;2.233667;27;20250916;0.2;1;12.6;1;410;9;19.7;1;1328;9;15.5;1;16.2;1;7.1;1;10.5;9;;;0;9;2.8;1;;;5.9;1;230;1;936;9;11.2;1;240;1;927;9;;;;;;;10.3;1;240;1;934;9;;;0;1
75116008;LONGCHAMP;48.854833;2.233667;27;20250917;0.0;1;11.7;1;311;9;23.4;1;1450;9;16.8;1;17.6;1;11.7;1;8.2;9;;;0;9;2.2;1;;;5.0;1;210;1;1229;9;10.3;1;220;1;1312;9;;;;;;;9.8;1;220;1;1312;9;;;0;1
75116008;LONGCHAMP;48.854833;2.233667;27;20250918;0.2;1;10.0;1;323;9;25.7;1;1448;9;17.1;1;17.9;1;15.7;1;5.5;9;;;0;9;1.0;1;;;3.9;1;180;1;1137;9;7.3;1;190;1;1137;9;;;;;;;6.9;1;190;1;1137;9;;;0;1
75116008;LONGCHAMP;48.854833;2.233667;27;20250919;0.0;1;9.0;1;536;9;31.0;1;1424;9;19.5;1;20.0;1;22.0;1;4.0;9;;;0;9;1.2;1;;;4.3;1;190;1;1349;9;7.6;1;190;1;1343;9;;;;;;;7.2;1;190;1;1343;9;;;0;1
75116008;LONGCHAMP;48.854833;2.233667;27;20250920;5.2;1;15.9;1;2112;9;22.9;1;614;9;19.8;1;19.4;1;7.0;1;11.4;9;;;0;9;2.2;1;;;4.2;1;240;9;1933;9;9.7;1;280;9;2121;9;;;;;;;8.6;1;280;1;2121;9;;;0;1
75116008;LONGCHAMP;48.854833;2.233667;27;20250921;0.0;1;12.8;1;616;9;19.9;1;1347;9;15.2;1;16.4;1;7.1;1;11.3;9;;;0;9;2.2;1;;;4.6;1;20;1;1658;9;8.0;1;20;9;2017;9;;;;;;;7.5;1;20;1;2017;9;;;0;1
75116008;LONGCHAMP;48.854833;2.233667;27;20250922;0.6;1;10.5;1;515;9;17.7;1;1327;9;13.7;1;14.1;1;7.2;1;8.4;9;;;0;9;4.5;1;;;7.8;1;20;1;1035;9;13.2;1;30;1;1710;9;;;;;;;12.2;1;30;1;1710;9;;;0;1
75116008;LONGCHAMP;48.854833;2.233667;27;20250923;7.2;1;10.7;1;111;9;15.5;1;1352;9;12.3;1;13.1;1;4.8;1;8.5;9;;;0;9;3.9;1;;;6.9;1;20;1;1254;9;12.4;1;20;1;1218;9;;;;;;;11.1;1;20;1;1218;9;;;0;1
75116008;LONGCHAMP;48.854833;2.233667;27;20250924;6.6;1;10.3;1;2049;9;11.4;1;1050;9;10.9;1;10.9;1;1.1;1;9.5;9;;;0;9;3.4;1;;;5.0;1;10;1;351;9;10.0;1;10;1;603;9;;;;;;;9.4;1;10;1;603;9;;;0;1
75116008;LONGCHAMP;48.854833;2.233667;27;20250925;0.4;1;10.1;1;455;9;13.0;1;1337;9;11.5;1;11.6;1;2.9;1;8.8;9;;;0;9;2.2;1;;;3.8;1;350;1;1043;9;6.2;1;340;1;1035;9;;;;;;;5.7;1;340;1;1036;9;;;0;1
75116008;LONGCHAMP;48.854833;2.233667;27;20250926;0.0;1;9.8;1;412;9;16.7;1;1448;9;11.5;1;13.3;1;6.9;1;9.2;9;;;0;9;1.1;1;;;2.5;1;360;1;1620;9;4.2;1;270;1;1426;9;;;;;;;4.0;1;270;1;1427;9;;;0;1
75116008;LONGCHAMP;48.854833;2.233667;27;20250927;0.0;1;7.7;1;2241;9;16.9;1;1412;9;11.7;1;12.3;1;9.2;1;3.4;9;;;0;9;1.0;1;;;2.6;1;100;1;1617;9;5.6;1;100;1;1348;9;;;;;;;5.3;1;100;1;1348;9;;;0;1
75116008;LONGCHAMP;48.854833;2.233667;27;20250928;0.2;1;5.0;1;512;9;21.2;1;1413;9;12.3;1;13.1;1;16.2;1;1.1;9;;;0;9;0.5;1;;;2.1;1;80;1;1135;9;4.7;1;80;1;1129;9;;;;;;;4.5;1;80;1;1129;9;;;0;1
75116008;LONGCHAMP;48.854833;2.233667;27;20250929;0.2;1;6.5;1;556;9;21.3;1;1410;9;13.7;1;13.9;1;14.8;1;2.6;9;;;0;9;1.1;1;;;3.3;1;30;1;1430;9;5.5;1;10;1;1230;9;;;;;;;5.1;1;10;1;1230;9;;;0;1
75116008;LONGCHAMP;48.854833;2.233667;27;20250930;0.2;1;6.5;1;619;9;19.4;1;1422;9;12.2;1;13.0;1;12.9;1;1.9;9;;;0;9;1.2;1;;;4.7;1;10;1;1508;9;8.3;1;20;1;1504;9;;;;;;;8.0;1;20;1;1504;9;;;0;1
75116008;LONGCHAMP;48.854833;2.233667;27;20251001;0.0;1;5.3;1;518;9;20.5;1;1506;9;12.5;1;12.9;1;15.2;1;0.8;9;;;0;9;0.6;1;;;2.8;1;330;1;1230;9;6.6;1;20;1;1232;9;;;;;;;5.7;1;20;1;1232;9;;;0;1
75116008;LONGCHAMP;48.854833;2.233667;27;20251002;0.2;1;5.1;1;500;9;19.1;1;1253;9;13.3;1;12.1;1;14.0;1;0.5;9;;;0;9;1.4;1;;;3.5;1;160;9;2311;9;7.5;1;170;1;1053;9;;;;;;;6.2;1;170;1;1053;9;;;0;1
75116008;LONGCHAMP;48.854833;2.233667;27;20251003;4.6;1;11.5;1;247;9;19.3;1;427;9;14.9;1;15.4;1;7.8;1;9.6;9;;;0;9;2.6;1;;;6.0;1;210;9;2311;9;11.7;1;220;9;2350;9;;;;;;;10.9;1;220;1;2350;9;;;0;1
75116008;LONGCHAMP;48.854833;2.233667;27;20251004;9.4;1;10.3;1;1759;9;18.2;1;604;9;14.8;1;14.3;1;7.9;1;8.0;9;;;0;9;4.7;1;;;8.9;1;320;1;1535;9;18.4;1;310;1;1652;9;;;;;;;17.5;1;320;1;1529;9;;;0;1
75116008;LONGCHAMP;48.854833;2.233667;27;20251005;0.2;1;10.2;1;1802;9;18.0;1;1256;9;13.1;1;14.1;1;7.8;1;6.1;9;;;0;9;3.1;1;;;6.6;1;310;1;1203;9;13.5;1;290;1;1120;9;;;;;;;12.3;1;290;1;1120;9;;;0;1
75116008;LONGCHAMP;48.854833;2.233667;27;20251006;0.0;1;8.1;1;553;9;16.9;1;1416;9;13.1;1;12.5;1;8.8;1;4.4;9;;;0;9;1.3;1;;;3.0;1;270;1;10;9;7.2;1;250;1;239;9;;;;;;;6.2;1;250;1;239;9;;;0;1
75116008;LONGCHAMP;48.854833;2.233667;27;20251007;0.2;1;6.7;1;356;9;21.1;1;1540;9;12.9;1;13.9;1;14.4;1;3.7;9;;;0;9;0.5;1;;;2.6;1;140;1;1119;9;4.9;1;120;1;1333;9;;;;;;;4.4;1;120;1;1305;9;;;0;1
75116008;LONGCHAMP;48.854833;2.233667;27;20251008;0.2;1;7.5;1;433;9;17.8;1;1344;9;12.1;1;12.7;1;10.3;1;4.2;9;;;0;9;0.8;1;;;2.9;1;350;1;1426;9;5.7;1;20;1;1522;9;;;;;;;5.1;1;20;1;1522;9;;;0;1
75116008;LONGCHAMP;48.854833;2.233667;27;20251009;0.0;1;9.1;1;1946;9;19.7;1;1411;9;15.5;1;14.4;1;10.6;1;4.4;9;;;0;9;1.4;1;;;4.6;1;20;9;2232;9;7.1;1;30;9;2231;9;;;;;;;6.4;1;30;1;2230;9;;;0;1
75116008;LONGCHAMP;48.854833;2.233667;27;20251010;0.0;1;7.1;1;545;9;14.6;1;1013;9;12.2;1;10.9;1;7.5;1;3.2;9;;;0;9;1.8;1;;;3.8;1;10;1;1236;9;6.1;1;50;1;1123;9;;;;;;;5.5;1;50;1;1123;9;;;0;1
75116008;LONGCHAMP;48.854833;2.233667;27;20251011;0.2;1;10.9;1;625;9;18.6;1;1459;9;13.4;1;14.8;1;7.7;1;7.8;9;;;0;9;1.8;1;;;5.3;1;10;1;1644;9;8.2;1;20;1;1333;9;;;;;;;7.6;1;10;1;1639;9;;;0;1
75116008;LONGCHAMP;48.854833;2.233667;27;20251012;0.2;1;5.3;1;520;9;18.4;1;1331;9;12.0;1;11.9;1;13.1;1;1.1;9;;;0;9;1.8;1;;;4.9;1;30;1;1144;9;8.7;1;60;1;1143;9;;;;;;;8.0;1;60;1;1143;9;;;0;1
75116008;LONGCHAMP;48.854833;2.233667;27;20251013;0.0;1;7.0;1;337;9;16.5;1;1544;9;12.5;1;11.8;1;9.5;1;2.3;9;;;0;9;1.9;1;;;4.5;1;50;1;823;9;8.2;1;50;1;817;9;;;;;;;7.7;1;50;1;839;9;;;0;1
75116008;LONGCHAMP;48.854833;2.233667;27;20251014;0.0;1;9.4;1;2348;9;18.0;1;1357;9;14.3;1;13.7;1;8.6;1;4.5;9;;;0;9;3.0;1;;;6.0;1;10;1;1628;9;9.3;1;10;1;1756;9;;;;;;;8.8;1;10;1;1756;9;;;0;1
75116008;LONGCHAMP;48.854833;2.233667;27;20251015;0.0;1;8.2;1;132;9;15.4;1;1036;9;13.5;1;11.8;1;7.2;1;2.8;9;;;0;9;2.6;1;;;4.2;1;20;1;1231;9;8.0;1;360;1;1419;9;;;;;;;7.5;1;360;1;1419;9;;;0;1
75116008;LONGCHAMP;48.854833;2.233667;27;20251016;0.0;1;8.3;1;227;9;14.9;1;1034;9;12.7;1;11.6;1;6.6;1;2.6;9;;;0;9;1.9;1;;;3.6;1;60;1;1050;9;6.7;1;30;1;1153;9;;;;;;;6.1;1;30;1;1153;9;;;0;1
75116008;LONGCHAMP;48.854833;2.233667;27;20251017;0.2;1;5.1;1;627;9;17.8;1;1211;9;11.5;1;11.5;1;12.7;1;0.3;9;;;0;9;1.6;1;;;4.4;1;50;1;1307;9;7.7;1;60;1;1153;9;;;;;;;7.0;1;30;1;1332;9;;;0;1
75116008;LONGCHAMP;48.854833;2.233667;27;20251018;0.2;1;3.4;1;609;9;17.0;1;1247;9;11.0;1;10.2;1;13.6;1;-1.2;9;;;0;9;1.7;1;;;4.4;1;130;1;1039;9;8.2;1;110;1;1123;9;;;;;;;7.5;1;110;1;1200;9;;;0;1
75116008;LONGCHAMP;48.854833;2.233667;27;20251019;1.8;1;9.2;1;455;9;16.6;1;2157;9;13.0;1;12.9;1;7.4;1;4.3;9;;;0;9;2.5;1;;;4.5;1;150;1;1040;9;9.1;1;200;9;2156;9;;;;;;;7.8;1;200;1;2156;9;;;0;1
75116008;LONGCHAMP;48.854833;2.233667;27;20251020;2.0;1;13.1;1;503;9;18.8;1;1206;9;15.4;1;16.0;1;5.7;1;9.4;9;;;0;9;4.1;1;;;7.2;1;190;1;1218;9;13.7;1;210;1;933;9;;;;;;;11.8;1;210;1;1134;9;;;0;1
75116008;LONGCHAMP;48.854833;2.233667;27;20251021;0.0;1;11.3;1;626;9;17.9;1;1345;9;14.4;1;14.6;1;6.6;1;9.1;9;;;0;9;3.0;1;;;5.5;1;220;1;2;9;10.6;1;240;1;20;9;;;;;;;9.4;1;240;1;20;9;;;0;1
75116008;LONGCHAMP;48.854833;2.233667;27;20251022;3.2;1;12.5;1;526;9;17.5;1;1245;9;15.2;1;15.0;1;5.0;1;9.9;9;;;0;9;2.3;1;;;6.9;1;190;9;2140;9;14.6;1;200;9;2252;9;;;;;;;12.9;1;200;1;2252;9;;;0;1
75116008;LONGCHAMP;48.854833;2.233667;27;20251023;3.8;1;10.6;1;1709;9;15.0;1;1417;9;12.0;1;12.8;1;4.4;1;9.1;9;;;0;9;5.4;1;;;8.7;1;230;1;855;9;17.5;1;220;1;854;9;;;;;;;15.9;1;260;1;1132;9;;;0;1
75116008;LONGCHAMP;48.854833;2.233667;27;20251024;0.0;1;6.6;1;642;9;14.1;1;1203;9;10.3;1;10.4;1;7.5;1;3.9;9;;;0;9;3.9;1;;;6.7;1;220;1;1415;9;13.3;1;240;1;1342;9;;;;;;;11.3;1;210;1;1247;9;;;0;1
75116008;LONGCHAMP;48.854833;2.233667;27;20251025;1.8;1;9.2;1;47;9;15.7;1;1320;9;11.3;1;12.5;1;6.5;1;6.2;9;;;0;9;3.2;1;;;5.9;1;350;1;1555;9;10.9;1;190;1;841;9;;;;;;;10.1;1;190;1;846;9;;;0;1
75116008;LONGCHAMP;48.854833;2.233667;27;20251026;1.6;1;7.3;1;645;9;13.3;1;1232;9;9.8;1;10.3;1;6.0;1;4.7;9;;;0;9;3.4;1;;;5.5;1;310;1;1208;9;11.9;1;250;1;1318;9;;;;;;;10.8;1;220;1;2355;9;;;0;1
75116008;LONGCHAMP;48.854833;2.233667;27;20251027;2.4;1;9.2;1;2250;9;15.8;1;1137;9;12.5;1;12.5;1;6.6;1;5.4;9;;;0;9;3.9;1;;;8.0;1;310;1;1358;9;15.1;1;310;1;1352;9;;;;;;;13.2;1;220;1;250;9;;;0;1
75116008;LONGCHAMP;48.854833;2.233667;27;20251028;0.0;1;10.6;1;2017;9;15.2;1;1335;9;13.4;1;12.9;1;4.6;1;5.8;9;;;0;9;3.1;1;;;5.2;1;240;1;957;9;11.4;1;260;1;304;9;;;;;;;10.7;1;260;1;304;9;;;0;1
75116008;LONGCHAMP;48.854833;2.233667;27;20251029;10.0;1;10.5;1;627;9;15.2;1;1411;9;12.6;1;12.9;1;4.7;1;5.9;9;;;0;9;2.3;1;;;4.4;1;190;1;1500;9;9.2;1;190;1;1446;9;;;;;;;8.3;1;190;1;1446;9;;;0;1
75116008;LONGCHAMP;48.854833;2.233667;27;20251030;0.0;1;7.2;1;701;9;14.2;1;1113;9;10.2;1;10.7;1;7.0;1;2.3;9;;;0;9;1.8;1;;;4.5;1;190;1;1144;9;8.8;1;300;1;6;9;;;;;;;8.4;1;300;1;6;9;;;0;1
75116008;LONGCHAMP;48.854833;2.233667;27;20251031;0.0;1;6.5;1;1959;9;17.6;1;1508;9;13.2;1;12.1;1;11.1;1;1.8;9;;;0;9;2.8;1;;;4.9;1;180;1;1525;9;9.7;1;200;1;1503;9;;;;;;;9.0;1;200;1;1503;9;;;0;1
75116008;LONGCHAMP;48.854833;2.233667;27;20251101;5.2;1;12.9;1;1758;9;16.8;1;749;9;14.3;1;14.9;1;3.9;1;10.7;9;;;0;9;3.3;1;;;5.4;1;200;1;639;9;11.5;1;240;1;906;9;;;;;;;9.5;1;190;1;632;9;;;0;1
75116008;LONGCHAMP;48.854833;2.233667;27;20251102;1.0;1;10.4;1;541;9;14.1;1;1250;9;11.2;1;12.3;1;3.7;1;7.9;9;;;0;9;2.9;1;;;6.0;1;260;1;1310;9;13.5;1;250;1;1303;9;;;;;;;12.4;1;250;1;1303;9;;;0;1
75116008;LONGCHAMP;48.854833;2.233667;27;20251103;0.0;1;7.4;1;356;9;15.5;1;1333;9;12.2;1;11.5;1;8.1;1;3.9;9;;;0;9;3.1;1;;;5.3;1;200;1;1058;9;9.6;1;180;1;1052;9;;;;;;;9.1;1;180;1;1035;9;;;0;1
75116008;LONGCHAMP;48.854833;2.233667;27;20251104;0.2;1;6.5;1;625;9;17.5;1;1437;9;12.9;1;12.0;1;11.0;1;2.1;9;;;0;9;2.4;1;;;4.1;1;170;1;922;9;8.0;1;160;1;918;9;;;;;;;6.9;1;160;1;918;9;;;0;1
75116008;LONGCHAMP;48.854833;2.233667;27;20251105;0.0;1;10.2;1;229;9;18.7;1;1357;9;14.6;1;14.5;1;8.5;1;7.3;9;;;0;9;2.5;1;;;4.6;1;140;1;1551;9;9.5;1;160;1;1601;9;;;;;;;8.6;1;160;1;1601;9;;;0;1
75116008;LONGCHAMP;48.854833;2.233667;27;20251106;2.8;1;12.6;1;700;9;15.3;1;925;9;13.5;1;14.0;1;2.7;1;8.3;9;;;0;9;1.2;1;;;3.5;1;200;1;1035;9;6.4;1;190;1;1035;9;;;;;;;6.1;1;190;1;1035;9;;;0;1
75116008;LONGCHAMP;48.854833;2.233667;27;20251107;0.0;1;7.7;1;142;9;14.6;1;1239;9;11.3;1;11.2;1;6.9;1;4.1;9;;;0;9;1.7;1;;;4.4;1;200;1;1539;9;8.3;1;210;1;1534;9;;;;;;;7.6;1;210;1;1532;9;;;0;1
75116008;LONGCHAMP;48.854833;2.233667;27;20251108;0.4;1;6.7;1;107;9;14.7;1;1330;9;9.9;1;10.7;1;8.0;1;3.0;9;;;0;9;0.6;1;;;3.2;1;310;1;1336;9;6.4;1;310;1;1336;9;;;;;;;5.7;1;310;1;1336;9;;;0;1
75116008;LONGCHAMP;48.854833;2.233667;27;20251109;0.0;1;3.7;1;152;9;13.0;1;1302;9;9.3;1;8.4;1;9.3;1;0.4;9;;;0;9;1.8;1;;;4.3;1;190;1;1628;9;7.6;1;160;9;2242;9;;;;;;;7.0;1;160;1;2242;9;;;0;1
75116008;LONGCHAMP;48.854833;2.233667;27;20251110;0.2;1;7.6;1;644;9;12.6;1;1322;9;10.4;1;10.1;1;5.0;1;6.0;9;;;0;9;3.3;1;;;5.9;1;180;1;1442;9;10.3;1;170;1;1439;9;;;;;;;9.3;1;170;1;1439;9;;;0;1
75116008;LONGCHAMP;48.854833;2.233667;27;20251111;0.0;1;9.4;1;238;9;16.0;1;1414;9;12.3;1;12.7;1;6.6;1;5.9;9;;;0;9;2.6;1;;;4.9;1;170;1;1329;9;8.3;1;180;1;1143;9;;;;;;;7.7;1;180;1;1136;9;;;0;1
75116008;LONGCHAMP;48.854833;2.233667;27;20251112;0.0;1;7.9;1;141;9;15.7;1;1448;9;11.9;1;11.8;1;7.8;1;2.7;9;;;0;9;2.3;1;;;3.9;1;150;1;1153;9;6.9;1;150;1;1152;9;;;;;;;6.7;1;150;1;1152;9;;;0;1
75116008;LONGCHAMP;48.854833;2.233667;27;20251113;0.0;1;8.2;1;739;9;17.4;1;1450;9;14.0;1;12.8;1;9.2;1;4.4;9;;;0;9;1.3;1;;;3.3;1;170;1;122;9;6.3;1;170;1;122;9;;;;;;;6.0;1;170;1;122;9;;;0;1
75116008;LONGCHAMP;48.854833;2.233667;27;20251114;0.0;1;12.3;1;2009;9;19.8;1;1341;9;16.8;1;16.1;1;7.5;1;8.6;9;;;0;9;2.2;1;;;4.1;1;160;1;1332;9;7.6;1;160;1;1320;9;;;;;;;6.9;1;160;1;1320;9;;;0;1
75116008;LONGCHAMP;48.854833;2.233667;27;20251115;5.0;1;8.2;1;726;9;14.8;1;1043;9;12.0;1;11.5;1;6.6;1;4.8;9;;;0;9;1.2;1;;;3.2;1;200;1;1448;9;5.9;1;190;1;1443;9;;;;;;;5.5;1;190;1;1443;9;;;0;1
75116008;LONGCHAMP;48.854833;2.233667;27;20251116;0.0;1;7.6;1;104;9;12.4;1;1417;9;10.3;1;10.0;1;4.8;1;4.8;9;;;0;9;2.4;1;;;5.9;1;360;9;2042;9;9.7;1;360;1;1811;9;;;;;;;8.7;1;360;1;2041;9;;;0;1
75116008;LONGCHAMP;48.854833;2.233667;27;20251117;0.8;1;4.8;1;355;9;11.1;1;1315;9;5.7;1;8.0;1;6.3;1;1.0;9;;;6;9;2.7;1;;;8.4;1;360;1;1327;9;16.1;1;360;1;1320;9;;;;;;;14.8;1;360;1;1320;9;;;0;1
75116008;LONGCHAMP;48.854833;2.233667;27;20251118;0.2;1;-3.4;1;603;9;10.1;1;1346;9;4.2;1;3.4;1;13.5;1;-6.5;9;;;507;9;2.2;1;;;5.6;1;210;9;2317;9;10.4;1;220;9;2326;9;;;;;;;9.7;1;220;1;2317;9;;;0;1
75116008;LONGCHAMP;48.854833;2.233667;27;20251119;5.4;1;4.3;1;1737;9;9.3;1;1312;9;5.9;1;6.8;1;5.0;1;3.5;9;;;0;9;4.2;1;;;8.3;1;320;1;1718;9;15.8;1;320;1;1714;9;;;;;;;14.3;1;320;1;1714;9;;;0;1
75116008;LONGCHAMP;48.854833;2.233667;27;20251120;0.0;1;-1.1;1;1800;9;6.9;1;1345;9;2.4;1;2.9;1;8.0;1;-4.6;9;;;377;9;2.1;1;;;5.0;1;340;1;1444;9;9.5;1;290;1;741;9;;;;;;;8.5;1;290;1;741;9;;;0;1
75116008;LONGCHAMP;48.854833;2.233667;27;20251121;0.2;1;-2.4;1;1844;9;3.9;1;1211;9;1.1;1;0.8;1;6.3;1;-5.7;9;;;473;9;2.1;1;;;5.7;1;20;1;1148;9;9.5;1;10;1;1231;9;;;;;;;8.8;1;20;1;1129;9;;;0;1
75116008;LONGCHAMP;48.854833;2.233667;27;20251122;1.8;1;-5.3;1;402;9;2.6;1;1135;9;-1.0;1;-1.4;1;7.9;1;-8.9;9;;;602;9;2.8;1;;;6.1;1;160;1;1823;9;10.7;1;150;1;1740;9;;;;;;;10.1;1;150;1;1740;9;;;0;1
75116008;LONGCHAMP;48.854833;2.233667;27;20251123;5.0;1;-0.1;1;2338;9;7.9;1;49;9;4.8;1;3.9;1;8.0;1;-0.9;9;;;20;9;3.5;1;;;6.9;1;200;1;1215;9;12.1;1;200;1;1350;9;;;;;;;11.1;1;200;1;1350;9;;;0;1
75116008;LONGCHAMP;48.854833;2.233667;27;20251124;3.0;1;6.7;1;2016;9;11.3;1;1225;9;8.2;1;9.0;1;4.6;1;3.5;9;;;0;9;3.3;1;;;6.2;1;220;1;1233;9;12.2;1;230;1;1344;9;;;;;;;11.2;1;230;1;1326;9;;;0;1
75116008;LONGCHAMP;48.854833;2.233667;27;20251125;0.4;1;6.0;1;111;9;8.4;1;1419;9;6.6;1;7.2;1;2.4;1;4.3;9;;;0;9;4.3;1;;;7.0;1;330;1;1036;9;12.5;1;310;1;1015;9;;;;;;;11.5;1;310;1;1031;9;;;0;1
75116008;LONGCHAMP;48.854833;2.233667;27;20251126;0.0;1;3.9;1;306;9;8.8;1;1159;9;4.6;1;6.4;1;4.9;1;-1.0;9;;;173;9;1.9;1;;;4.5;1;320;1;1217;9;8.1;1;340;1;1051;9;;;;;;;7.6;1;320;1;1215;9;;;0;1
75116008;LONGCHAMP;48.854833;2.233667;27;20251127;1.0;1;-1.1;1;2149;9;8.7;1;42;9;6.5;1;3.8;1;9.8;1;-4.2;9;;;4;9;3.0;1;;;4.9;1;200;1;1951;9;10.3;1;210;1;1042;9;;;;;;;9.3;1;210;1;1042;9;;;0;1
75116008;LONGCHAMP;48.854833;2.233667;27;20251128;3.0;1;7.7;1;1801;9;10.8;1;1700;9;9.3;1;9.3;1;3.1;1;6.5;9;;;0;9;2.6;1;;;4.8;1;190;1;1136;9;8.7;1;160;1;952;9;;;;;;;7.7;1;170;1;1017;9;;;0;1
75116008;LONGCHAMP;48.854833;2.233667;27;20251129;4.8;1;7.8;1;2109;9;12.3;1;1258;9;10.1;1;10.1;1;4.5;1;2.6;9;;;0;9;3.0;1;;;6.3;1;190;1;1352;9;11.7;1;200;1;1352;9;;;;;;;11.2;1;200;1;1352;9;;;0;1
75116008;LONGCHAMP;48.854833;2.233667;27;20251130;0.2;1;1.3;1;1754;9;9.8;1;1252;9;5.8;1;5.6;1;8.5;1;-2.9;9;;;0;9;1.9;1;;;4.9;1;350;1;1337;9;8.6;1;350;1;1329;9;;;;;;;8.3;1;350;1;1329;9;;;0;1
75116008;LONGCHAMP;48.854833;2.233667;27;20251201;0.2;1;0.1;1;320;9;8.6;1;2338;9;6.2;1;4.4;1;8.5;1;-3.3;9;;;0;9;3.8;1;;;6.3;1;190;1;1248;9;12.3;1;200;1;1244;9;;;;;;;11.2;1;200;1;1244;9;;;0;1
75116008;LONGCHAMP;48.854833;2.233667;27;20251202;0.0;1;7.2;1;1839;9;10.3;1;1055;9;8.9;1;8.8;1;3.1;1;5.5;9;;;0;9;3.6;1;;;6.9;1;200;1;113;9;12.7;1;210;1;612;9;;;;;;;11.5;1;190;1;57;9;;;0;1
75116008;LONGCHAMP;48.854833;2.233667;27;20251203;0.0;1;2.5;1;759;9;10.3;1;1029;9;7.9;1;6.4;1;7.8;1;-1.2;9;;;0;9;2.0;1;;;3.8;1;200;9;2136;9;6.7;1;180;9;2138;9;;;;;;;6.3;1;210;1;2006;9;;;0;1
75116008;LONGCHAMP;48.854833;2.233667;27;20251204;0.6;1;5.4;1;22;9;10.6;1;1351;9;6.6;1;8.0;1;5.2;1;-0.2;9;;;0;9;2.6;1;;;5.4;1;170;1;906;9;9.9;1;170;1;858;9;;;;;;;9.5;1;170;1;858;9;;;0;1
75116008;LONGCHAMP;48.854833;2.233667;27;20251205;2.0;1;-2.3;1;524;9;10.3;1;552;9;3.7;1;4.0;1;12.6;1;-5.5;9;;;406;9;2.8;1;;;7.4;1;190;9;2346;9;13.8;1;190;9;2334;9;;;;;;;12.9;1;190;1;2334;9;;;0;1
75116008;LONGCHAMP;48.854833;2.233667;27;20251206;2.2;1;6.5;1;1801;9;13.9;1;1314;9;11.1;1;10.2;1;7.4;1;5.7;9;;;0;9;4.1;1;;;6.4;1;230;1;1324;9;13.8;1;220;1;1136;9;;;;;;;12.0;1;210;1;16;9;;;0;1
75116008;LONGCHAMP;48.854833;2.233667;27;20251207;7.4;1;10.7;1;2356;9;15.4;1;2012;9;13.5;1;13.1;1;4.7;1;9.3;9;;;0;9;3.8;1;;;5.6;1;220;9;1906;9;12.3;1;190;1;1632;9;;;;;;;11.1;1;190;1;1632;9;;;0;1
75116008;LONGCHAMP;48.854833;2.233667;27;20251208;0.0;1;14.0;1;1759;9;16.7;1;1306;9;14.4;1;15.4;1;2.7;1;11.5;9;;;0;9;3.4;1;;;6.6;1;230;1;1228;9;15.4;1;220;1;1157;9;;;;;;;13.2;1;220;1;1157;9;;;0;1
75116008;LONGCHAMP;48.854833;2.233667;27;20251209;0.4;1;6.9;1;203;9;16.4;1;1343;9;12.8;1;11.7;1;9.5;1;2.5;9;;;0;9;3.1;1;;;5.5;1;180;1;1259;9;10.8;1;210;9;2016;9;;;;;;;9.8;1;180;1;1527;9;;;0;1
75116008;LONGCHAMP;48.854833;2.233667;27;20251210;0.2;1;8.3;1;1757;9;14.9;1;1158;9;11.0;1;11.6;1;6.6;1;3.2;9;;;0;9;1.4;1;;;3.4;1;200;1;914;9;7.2;1;220;1;1315;9;;;;;;;6.5;1;220;1;1315;9;;;0;1
75116008;LONGCHAMP;48.854833;2.233667;27;20251211;0.0;1;1.3;1;430;9;10.9;1;331;9;7.7;1;6.1;1;9.6;1;-1.7;9;;;0;9;1.5;1;;;4.3;1;140;1;1622;9;8.3;1;130;1;1613;9;;;;;;;7.6;1;130;1;1613;9;;;0;1
75116008;LONGCHAMP;48.854833;2.233667;27;20251212;0.0;1;10.0;1;2116;9;12.0;1;1216;9;10.8;1;11.0;1;2.0;1;6.8;9;;;0;9;2.0;1;;;3.8;1;190;1;733;9;6.7;1;180;1;731;9;;;;;;;6.5;1;180;1;802;9;;;0;1
75116008;LONGCHAMP;48.854833;2.233667;27;20251213;0.0;1;8.4;1;446;9;10.8;1;1415;9;9.4;1;9.6;1;2.4;1;6.7;9;;;0;9;1.3;1;;;3.2;1;160;1;1637;9;5.1;1;170;1;917;9;;;;;;;4.8;1;180;1;1646;9;;;0;1
75116008;LONGCHAMP;48.854833;2.233667;27;20251214;0.0;1;6.5;1;708;9;8.0;1;1206;9;6.9;1;7.3;1;1.5;1;4.8;9;;;0;9;2.8;1;;;4.8;1;160;9;2356;9;7.7;1;150;9;2349;9;;;;;;;7.0;1;150;1;2349;9;;;0;1
75116008;LONGCHAMP;48.854833;2.233667;27;20251215;0.0;1;4.6;1;2339;9;12.0;1;2319;9;8.6;1;8.3;1;7.4;1;4.7;9;;;0;9;2.9;1;;;5.3;1;160;1;707;9;9.3;1;180;1;801;9;;;;;;;8.5;1;180;1;740;9;;;0;1
75116008;LONGCHAMP;48.854833;2.233667;27;20251216;0.0;1;7.1;1;1743;9;16.1;1;1406;9;10.9;1;11.6;1;9.0;1;2.5;9;;;0;9;1.0;1;;;3.4;1;140;1;856;9;6.1;1;150;1;855;9;;;;;;;5.5;1;150;1;855;9;;;0;1
75116008;LONGCHAMP;48.854833;2.233667;27;20251217;0.0;1;7.1;1;2313;9;11.1;1;1319;9;9.4;1;9.1;1;4.0;1;2.6;9;;;;;2.2;1;;;5.7;1;200;1;2156;1;10.9;1;210;9;2151;9;;;;;;;9.9;1;210;1;2151;9;;;0;1
75116008;LONGCHAMP;48.854833;2.233667;27;20251218;3.2;1;7.2;1;3;9;15.6;1;1415;9;12.6;1;11.4;1;8.4;1;5.2;9;;;0;9;4.5;1;;;6.9;1;190;9;2001;9;14.4;1;160;1;1536;9;;;;;;;12.7;1;160;1;1514;9;;;0;1
75116008;LONGCHAMP;48.854833;2.233667;27;20251219;1.2;1;5.9;1;1757;9;11.9;1;615;9;9.5;1;8.9;1;6.0;1;2.7;9;;;0;9;1.4;1;;;5.7;1;200;1;323;9;9.8;1;200;1;233;9;;;;;;;9.4;1;200;1;233;9;;;0;1
75116008;LONGCHAMP;48.854833;2.233667;27;20251220;2.0;1;4.3;1;2136;9;10.7;1;1954;9;8.9;1;7.5;1;6.4;1;0.9;9;;;0;9;1.5;1;;;3.3;1;140;9;2037;9;5.5;1;150;9;2012;9;;;;;;;5.0;1;150;1;1952;9;;;0;1
75116008;LONGCHAMP;48.854833;2.233667;27;20251221;16.6;1;6.0;1;724;9;11.7;1;1358;9;10.0;1;8.9;1;5.7;1;3.5;9;;;0;9;1.8;1;;;3.7;1;130;1;1852;9;7.8;1;110;1;1843;9;;;;;;;7.0;1;110;1;1843;9;;;0;1
75116008;LONGCHAMP;48.854833;2.233667;27;20251222;0.0;1;5.1;1;638;9;10.5;1;1305;9;8.8;1;7.8;1;5.4;1;2.1;9;;;0;9;1.2;1;;;3.1;1;160;1;449;9;5.6;1;150;1;2;9;;;;;;;5.1;1;100;1;1221;9;;;0;1
75116008;LONGCHAMP;48.854833;2.233667;27;20251223;0.0;1;3.7;1;818;9;6.0;1;536;9;5.2;1;4.9;1;2.3;1;2.5;9;;;0;9;2.9;1;;;5.4;1;50;9;2235;9;10.7;1;10;9;2227;9;;;;;;;9.9;1;10;1;2227;9;;;0;1
75116008;LONGCHAMP;48.854833;2.233667;27;20251224;0.0;1;1.8;1;1748;9;6.1;1;643;9;3.5;1;4.0;1;4.3;1;0.0;9;;;0;9;5.4;1;;;7.7;1;30;9;2243;9;15.2;1;20;1;1811;9;;;;;;;14.2;1;20;1;1824;9;;;0;1
75116008;LONGCHAMP;48.854833;2.233667;27;20251225;0.0;1;-0.7;1;805;9;2.8;1;1253;9;0.3;1;1.1;1;3.5;1;-1.8;9;;;526;9;3.8;1;;;7.1;1;30;1;7;9;13.9;1;20;1;40;9;;;;;;;12.4;1;20;1;40;9;;;0;1
75116008;LONGCHAMP;48.854833;2.233667;27;20251226;0.0;1;-3.2;1;801;9;3.8;1;1245;9;-0.4;1;0.3;1;7.0;1;-7.4;9;;;891;9;1.6;1;;;3.4;1;90;1;1102;9;6.2;1;30;1;1427;9;;;;;;;5.6;1;60;1;955;9;;;0;1
75116008;LONGCHAMP;48.854833;2.233667;27;20251227;0.2;1;-4.8;1;259;9;3.8;1;1107;9;-1.5;1;-0.5;1;8.6;1;-8.6;9;;;999;9;1.2;1;;;3.8;1;110;1;1151;9;7.3;1;130;1;1144;9;;;;;;;6.8;1;130;1;1144;9;;;0;1
75116008;LONGCHAMP;48.854833;2.233667;27;20251228;0.0;1;-4.7;1;107;9;3.3;1;1037;9;0.0;1;-0.7;1;8.0;1;-8.3;9;;;571;9;1.9;1;;;4.4;1;20;1;1439;9;10.0;1;10;1;927;9;;;;;;;7.5;1;20;1;1430;9;;;0;1
75116008;LONGCHAMP;48.854833;2.233667;27;20251229;0.0;1;-6.5;1;731;9;3.8;1;2302;9;-0.7;1;-1.4;1;10.3;1;-10.5;9;;;615;9;2.0;1;;;5.1;1;40;9;1945;9;9.0;1;20;9;1901;9;;;;;;;8.2;1;40;1;2124;9;;;0;1
75116008;LONGCHAMP;48.854833;2.233667;27;20251230;0.0;1;1.5;1;1801;9;5.8;1;1230;9;3.1;1;3.7;1;4.3;1;-1.7;9;;;0;9;2.7;1;;;4.7;1;30;1;1306;9;8.9;1;40;1;1505;9;;;;;;;8.1;1;50;1;1402;9;;;0;1
75116008;LONGCHAMP;48.854833;2.233667;27;20251231;0.0;1;-5.7;1;729;9;7.1;1;1459;9;-1.0;1;0.7;1;12.8;1;-9.6;9;;;931;9;0.4;1;;;3.1;1;20;1;1;9;4.6;1;40;1;11;9;;;;;;;4.4;1;40;1;11;9;;;0;1
75116008;LONGCHAMP;48.854833;2.233667;27;20260101;0.2;1;-5.3;1;121;9;5.3;1;1238;9;1.5;1;0.0;1;10.6;1;-9.2;9;;;400;9;2.4;1;;;4.6;1;210;1;1030;9;10.2;1;230;1;1711;9;;;;;;;9.1;1;230;1;1711;9;;;0;1
75116008;LONGCHAMP;48.854833;2.233667;27;20260102;2.2;1;1.3;1;1749;9;5.6;1;1051;9;1.9;1;3.5;1;4.3;1;-2.0;9;;;215;9;2.1;1;;;6.1;1;350;1;1234;9;10.0;1;220;1;1148;9;;;;;;;9.6;1;220;1;1101;9;;;0;1
75116008;LONGCHAMP;48.854833;2.233667;27;20260103;0.2;1;-5.2;1;112;9;4.9;1;1234;9;-0.2;1;-0.2;1;10.1;1;-9.5;9;;;692;9;2.0;1;;;5.9;1;320;1;1319;9;10.7;1;330;1;1319;9;;;;;;;9.4;1;330;1;1319;9;;;0;1
75116008;LONGCHAMP;48.854833;2.233667;27;20260104;0.2;1;-7.1;1;740;9;4.5;1;1353;9;-2.3;1;-1.3;1;11.6;1;-11.2;9;;;1021;9;1.1;1;;;3.4;1;320;1;1226;9;5.8;1;350;1;1222;9;;;;;;;5.3;1;350;1;1222;9;;;0;1
75116008;LONGCHAMP;48.854833;2.233667;27;20260105;4.0;1;-6.1;1;2339;9;-0.3;1;1902;9;-1.6;1;-3.2;1;5.8;1;-10.2;9;;;1440;9;2.0;1;;;4.1;1;190;1;1039;9;7.9;1;230;1;1017;9;;;;;;;6.9;1;230;1;1017;9;;;0;1
75116008;LONGCHAMP;48.854833;2.233667;27;20260106;1.0;1;-9.2;1;801;9;4.1;1;1313;9;-2.0;1;-2.6;1;13.3;1;-8.6;9;;;1050;9;1.7;1;;;4.9;1;190;9;2157;9;8.4;1;190;9;2203;9;;;;;;;7.8;1;190;1;2203;9;;;0;1
75116008;LONGCHAMP;48.854833;2.233667;27;20260107;4.0;1;-1.5;1;718;9;3.8;1;304;9;1.0;1;1.2;1;5.3;1;-3.2;9;;;678;9;3.4;1;;;7.1;1;190;1;944;9;12.7;1;190;1;907;9;;;;;;;11.6;1;190;1;907;9;;;0;1
75116008;LONGCHAMP;48.854833;2.233667;27;20260108;3.2;1;2.0;1;1954;9;10.8;1;2207;9;7.2;1;6.4;1;8.8;1;0.1;9;;;0;9;3.5;1;;;8.3;1;230;9;2226;9;20.7;1;190;9;2356;9;;;;;;;18.0;1;230;1;2221;9;;;0;1
75116008;LONGCHAMP;48.854833;2.233667;27;20260109;1.0;1;5.4;1;1724;9;8.0;1;620;9;6.7;1;6.7;1;2.6;1;4.6;9;;;0;9;6.2;1;;;10.4;1;230;1;314;9;22.5;1;220;1;412;9;;;;;;;20.9;1;220;1;412;9;;;0;1
75116008;LONGCHAMP;48.854833;2.233667;27;20260110;0.0;1;3.5;1;1751;9;5.4;1;1049;9;3.9;1;4.5;1;1.9;1;1.9;9;;;14;9;4.1;1;;;8.0;1;330;1;1202;9;14.9;1;340;1;1202;9;;;;;;;13.6;1;340;1;1202;9;;;0;1
75116008;LONGCHAMP;48.854833;2.233667;27;20260111;0.4;1;-3.5;1;503;9;8.9;1;557;9;2.4;1;2.7;1;12.4;1;-7.6;9;;;468;9;3.0;1;;;6.1;1;170;1;1720;9;11.2;1;200;9;2355;9;;;;;;;10.5;1;200;1;2355;9;;;0;1
75116008;LONGCHAMP;48.854833;2.233667;27;20260112;0.2;1;4.3;1;2223;9;12.1;1;1836;9;10.0;1;8.2;1;7.8;1;2.6;9;;;0;9;4.7;1;;;6.7;1;200;1;418;9;14.0;1;220;1;859;9;;;;;;;12.6;1;210;1;600;9;;;0;1
75116008;LONGCHAMP;48.854833;2.233667;27;20260113;0.0;1;9.2;1;730;9;13.3;1;1239;9;10.9;1;11.3;1;4.1;1;6.9;9;;;0;9;2.7;1;;;5.5;1;190;1;1248;9;9.4;1;170;1;1242;9;;;;;;;8.2;1;170;1;1255;9;;;0;1
75116008;LONGCHAMP;48.854833;2.233667;27;20260114;0.2;1;9.0;1;440;9;13.7;1;1312;9;11.0;1;11.4;1;4.7;1;6.3;9;;;0;9;2.1;1;;;4.5;1;190;9;2354;9;8.8;1;200;9;0;9;;;;;;;8.0;1;200;1;0;9;;;0;1
75116008;LONGCHAMP;48.854833;2.233667;27;20260115;0.2;1;8.6;1;653;9;14.1;1;1436;9;11.1;1;11.4;1;5.5;1;5.8;9;;;0;9;4.4;1;;;7.5;1;200;9;2234;9;15.1;1;210;9;2225;9;;;;;;;14.0;1;210;1;2225;9;;;0;1
75116008;LONGCHAMP;48.854833;2.233667;27;20260116;1.0;1;7.7;1;538;9;11.4;1;1313;9;9.7;1;9.6;1;3.7;1;3.2;9;;;0;9;2.5;1;;;4.9;1;190;1;1042;9;9.9;1;190;1;1;9;;;;;;;8.9;1;190;1;1;9;;;0;1
75116008;LONGCHAMP;48.854833;2.233667;27;20260117;0.4;1;6.4;1;217;9;13.1;1;1344;9;8.8;1;9.8;1;6.7;1;1.5;9;;;0;9;0.8;1;;;2.6;1;110;1;1149;9;4.5;1;100;1;1604;9;;;;;;;4.1;1;160;1;239;9;;;0;1
75116008;LONGCHAMP;48.854833;2.233667;27;20260118;0.0;1;5.7;1;1949;9;11.0;1;1412;9;7.7;1;8.4;1;5.3;1;1.0;9;;;0;9;1.4;1;;;3.9;1;160;9;2133;9;6.3;1;160;9;2217;9;;;;;;;5.8;1;170;1;2127;9;;;0;1
75116008;LONGCHAMP;48.854833;2.233667;27;20260119;0.0;1;3.4;1;515;9;11.9;1;1448;9;7.3;1;7.7;1;8.5;1;0.8;9;;;0;9;1.9;1;;;3.3;1;160;1;854;9;5.8;1;160;9;2001;9;;;;;;;5.6;1;160;1;2001;9;;;0;1
75116008;LONGCHAMP;48.854833;2.233667;27;20260120;0.2;1;5.9;1;522;9;10.0;1;2335;9;8.2;1;8.0;1;4.1;1;0.0;9;;;0;9;2.9;1;;;4.7;1;170;9;2321;9;9.8;1;160;9;2125;9;;;;;;;8.9;1;160;1;2125;9;;;0;1
75116008;LONGCHAMP;48.854833;2.233667;27;20260121;0.6;1;8.0;1;1921;9;14.2;1;1307;9;10.7;1;11.1;1;6.2;1;6.4;9;;;0;9;3.9;1;;;7.7;1;160;1;1328;9;13.4;1;180;1;1323;9;;;;;;;12.6;1;180;1;1323;9;;;0;1
75116008;LONGCHAMP;48.854833;2.233667;27;20260122;0.4;1;8.5;1;144;9;11.6;1;1432;9;9.2;1;10.1;1;3.1;1;4.7;9;;;0;9;3.3;1;;;5.4;1;180;1;1420;9;9.9;1;170;1;1150;9;;;;;;;9.3;1;170;1;1154;9;;;0;1
75116008;LONGCHAMP;48.854833;2.233667;27;20260123;1.8;1;6.0;1;153;9;10.1;1;1419;9;7.1;1;8.1;1;4.1;1;3.0;9;;;0;9;3.4;1;;;6.1;1;180;1;1352;9;11.8;1;180;1;1422;9;;;;;;;11.3;1;180;1;1422;9;;;0;1
75116008;LONGCHAMP;48.854833;2.233667;27;20260124;0.2;1;2.9;1;313;9;10.2;1;1526;9;6.2;1;6.6;1;7.3;1;-1.4;9;;;0;9;2.3;1;;;3.9;1;150;1;1022;9;6.6;1;150;1;1153;9;;;;;;;6.3;1;150;1;1153;9;;;0;1
75116008;LONGCHAMP;48.854833;2.233667;27;20260125;1.4;1;3.3;1;2125;9;8.6;1;1201;9;6.2;1;6.0;1;5.3;1;-2.0;9;;;0;9;2.2;1;;;5.0;1;170;1;844;9;9.3;1;170;1;839;9;;;;;;;8.5;1;170;1;839;9;;;0;1
75116008;LONGCHAMP;48.854833;2.233667;27;20260126;0.8;1;5.3;1;655;9;9.0;1;1346;9;6.6;1;7.2;1;3.7;1;1.7;9;;;0;9;2.3;1;;;5.0;1;200;1;1708;9;8.5;1;200;1;1703;9;;;;;;;7.9;1;200;1;1703;9;;;0;1
75116008;LONGCHAMP;48.854833;2.233667;27;20260127;7.6;1;5.5;1;716;9;9.9;1;1542;9;7.0;1;7.7;1;4.4;1;4.3;9;;;0;9;2.9;1;;;5.3;1;190;1;1227;9;9.6;1;200;1;1309;9;;;;;;;8.6;1;200;1;1309;9;;;0;1
75116008;LONGCHAMP;48.854833;2.233667;27;20260128;0.0;1;-0.1;1;748;9;8.2;1;1411;9;3.4;1;4.1;1;8.3;1;-2.3;9;;;59;9;0.4;1;;;2.4;1;310;1;1504;9;4.3;1;310;1;1458;9;;;;;;;3.9;1;310;1;1458;9;;;0;1
75116008;LONGCHAMP;48.854833;2.233667;27;20260129;2.6;1;-3.1;1;510;9;5.5;1;2206;9;2.3;1;1.2;1;8.6;1;-6.6;9;;;458;9;1.8;1;;;4.2;1;150;1;1413;9;7.1;1;150;1;1407;9;;;;;;;6.6;1;150;1;1407;9;;;0;1
75116008;LONGCHAMP;48.854833;2.233667;27;20260130;2.4;1;2.5;1;144;9;11.6;1;1441;9;8.1;1;7.1;1;9.1;1;-1.1;9;;;0;9;2.8;1;;;5.3;1;180;1;1844;9;10.2;1;210;1;1206;9;;;;;;;9.2;1;210;1;1206;9;;;0;1
75116008;LONGCHAMP;48.854833;2.233667;27;20260131;0.0;1;0.8;1;536;9;7.9;1;1423;9;6.3;1;4.4;1;7.1;1;-2.5;9;;;0;9;1.7;1;;;3.3;1;150;1;1101;9;6.1;1;230;9;2353;9;;;;;;;5.7;1;230;1;2353;9;;;0;1
75116008;LONGCHAMP;48.854833;2.233667;27;20260201;3.6;1;6.3;1;207;9;10.1;1;1334;9;7.9;1;8.2;1;3.8;1;4.1;9;;;0;9;2.4;1;;;4.5;1;170;1;1412;9;8.6;1;180;1;1407;9;;;;;;;7.9;1;180;1;1407;9;;;0;1
75116008;LONGCHAMP;48.854833;2.233667;27;20260202;2.2;1;-1.2;1;735;9;10.1;1;1235;9;6.4;1;4.5;1;11.3;1;-5.0;9;;;154;9;1.9;1;;;4.4;1;170;1;1319;9;8.3;1;100;1;1653;9;;;;;;;7.4;1;90;1;2015;9;;;0;1
75116008;LONGCHAMP;48.854833;2.233667;27;20260203;6.6;1;7.8;1;2254;9;10.3;1;1633;9;8.7;1;9.1;1;2.5;1;6.1;9;;;0;9;2.3;1;;;4.9;1;200;1;1402;9;9.3;1;220;1;1437;9;;;;;;;8.8;1;220;1;1437;9;;;0;1
75116008;LONGCHAMP;48.854833;2.233667;27;20260204;1.0;1;-0.5;1;633;9;12.9;1;1338;9;7.4;1;6.2;1;13.4;1;-3.4;9;;;18;9;2.2;1;;;5.5;1;120;1;1354;9;10.2;1;120;1;1349;9;;;;;;;9.3;1;120;1;1349;9;;;0;1
75116008;LONGCHAMP;48.854833;2.233667;27;20260205;3.2;1;7.9;1;456;9;12.3;1;1342;9;9.8;1;10.1;1;4.4;1;6.7;9;;;0;9;2.7;1;;;4.5;1;160;1;29;9;7.9;1;150;1;28;9;;;;;;;7.5;1;150;1;28;9;;;0;1
75116008;LONGCHAMP;48.854833;2.233667;27;20260206;3.4;1;9.4;1;16;9;13.4;1;1452;9;10.1;1;11.4;1;4.0;1;6.0;9;;;0;9;2.6;1;;;5.4;1;220;1;1426;9;11.4;1;200;1;1422;9;;;;;;;9.7;1;200;1;1422;9;;;0;1
75116008;LONGCHAMP;48.854833;2.233667;27;20260207;0.0;1;6.1;1;2145;9;13.3;1;1435;9;9.3;1;9.7;1;7.2;1;0.8;9;;;0;9;2.9;1;;;6.0;1;180;1;1152;9;12.0;1;220;1;1213;9;;;;;;;10.9;1;220;1;1213;9;;;0;1
75116008;LONGCHAMP;48.854833;2.233667;27;20260208;0.0;1;3.9;1;707;9;14.5;1;1441;9;8.0;1;9.2;1;10.6;1;-0.7;9;;;0;9;1.2;1;;;2.8;1;120;1;1243;9;6.9;1;100;1;1320;9;;;;;;;6.1;1;100;1;1320;9;;;0;1
75116008;LONGCHAMP;48.854833;2.233667;27;20260209;6.0;1;2.5;1;2205;9;11.0;1;1523;9;7.7;1;6.8;1;8.5;1;-1.7;9;;;0;9;3.0;1;;;5.4;1;170;9;2112;9;10.5;1;170;9;2111;9;;;;;;;10.0;1;170;1;2111;9;;;0;1
75116008;LONGCHAMP;48.854833;2.233667;27;20260210;12.2;1;8.7;1;2209;9;12.8;1;1933;9;11.1;1;10.8;1;4.1;1;7.7;9;;;0;9;2.9;1;;;6.2;1;240;9;2026;9;12.8;1;260;9;2017;9;;;;;;;11.5;1;260;1;2017;9;;;0;1
75116008;LONGCHAMP;48.854833;2.233667;27;20260211;12.6;1;10.6;1;2327;9;14.3;1;1240;9;11.7;1;12.5;1;3.7;1;9.4;9;;;0;9;4.2;1;;;6.5;1;200;9;2142;9;14.0;1;210;9;2134;9;;;;;;;12.2;1;210;1;2134;9;;;0;1
75116008;LONGCHAMP;48.854833;2.233667;27;20260212;0.4;1;9.5;1;452;9;12.7;1;1425;9;10.3;1;11.1;1;3.2;1;8.6;9;;;0;9;4.3;1;;;8.4;1;330;1;414;9;15.1;1;240;1;1159;9;;;;;;;12.8;1;340;1;409;9;;;0;1
75116008;LONGCHAMP;48.854833;2.233667;27;20260213;11.8;1;7.4;1;153;9;9.6;1;1201;9;8.5;1;8.5;1;2.2;1;5.1;9;;;0;9;2.5;1;;;4.4;1;210;1;451;9;7.9;1;210;1;310;9;;;;;;;7.0;1;200;1;451;9;;;0;1
75116008;LONGCHAMP;48.854833;2.233667;27;20260214;0.0;1;1.2;1;1756;9;4.4;1;1530;9;2.0;1;2.8;1;3.2;1;-4.0;9;;;327;9;4.4;1;;;9.4;1;360;1;640;9;16.1;1;20;1;347;9;;;;;;;14.6;1;20;1;717;9;;;0;1
75116008;LONGCHAMP;48.854833;2.233667;27;20260215;4.0;1;-3.4;1;244;9;10.6;1;2150;9;3.8;1;3.6;1;14.0;1;-6.3;9;;;273;9;3.6;1;;;7.4;1;170;1;1259;9;13.0;1;190;1;1212;9;;;;;;;11.6;1;190;1;1257;9;;;0;1
75116008;LONGCHAMP;48.854833;2.233667;27;20260216;3.0;1;7.4;1;713;9;11.7;1;1430;9;8.5;1;9.6;1;4.3;1;5.1;9;;;0;9;3.8;1;;;7.0;1;290;1;1146;9;15.4;1;240;1;1528;9;;;;;;;13.6;1;260;1;1142;9;;;0;1
75116008;LONGCHAMP;48.854833;2.233667;27;20260217;10.2;1;2.3;1;1759;9;9.4;1;1419;9;6.4;1;5.9;1;7.1;1;-2.6;9;;;0;9;3.0;1;;;6.6;1;320;1;1105;9;13.2;1;310;1;1010;9;;;;;;;12.5;1;310;1;1010;9;;;0;1
75116008;LONGCHAMP;48.854833;2.233667;27;20260218;7.2;1;0.5;1;1912;9;10.3;1;2016;9;6.3;1;5.4;1;9.8;1;-3.3;9;;;0;9;2.7;1;;;5.0;1;160;9;1952;9;9.9;1;60;1;734;9;;;;;;;9.1;1;160;1;1950;9;;;0;1
75116008;LONGCHAMP;48.854833;2.233667;27;20260219;6.6;1;8.0;1;1856;9;10.7;1;1311;9;8.6;1;9.4;1;2.7;1;7.0;9;;;0;9;3.2;1;;;6.5;1;310;1;1710;1;12.4;1;330;1;1553;9;;;;;;;11.2;1;330;1;1600;1;;;0;0
75116008;LONGCHAMP;48.854833;2.233667;27;20260220;0.2;1;5.0;1;647;9;12.1;1;1431;9;9.2;1;8.6;1;7.1;1;1.3;9;;;0;9;2.9;1;;;4.5;1;330;1;421;9;9.8;1;210;9;2008;9;;;;;;;8.8;1;240;1;1539;9;;;0;1
75116008;LONGCHAMP;48.854833;2.233667;27;20260221;0.0;1;10.4;1;1849;9;16.6;1;1407;9;13.1;1;13.5;1;6.2;1;8.5;9;;;0;9;3.5;1;;;5.6;1;250;1;1131;9;11.4;1;240;1;951;9;;;;;;;10.3;1;260;1;1126;9;;;0;1
75116008;LONGCHAMP;48.854833;2.233667;27;20260222;1.4;1;11.5;1;1739;9;15.2;1;1230;9;12.7;1;13.4;1;3.7;1;10.6;9;;;0;9;4.0;1;;;6.2;1;230;1;1350;9;12.4;1;230;1;1346;9;;;;;;;11.3;1;230;1;1346;9;;;0;1
75116008;LONGCHAMP;48.854833;2.233667;27;20260223;0.0;1;9.8;1;650;9;16.6;1;1521;9;13.2;1;13.2;1;6.8;1;7.6;9;;;0;9;3.1;1;;;5.2;1;240;1;1128;9;11.4;1;250;1;1319;9;;;;;;;10.3;1;250;1;1320;9;;;0;1
75116008;LONGCHAMP;48.854833;2.233667;27;20260224;0.2;1;12.3;1;703;9;15.5;1;1311;9;12.6;1;13.9;1;3.2;1;7.2;9;;;0;9;2.0;1;;;3.7;1;200;1;951;9;9.3;1;250;1;1044;9;;;;;;;7.2;1;260;1;7;9;;;0;1
75116008;LONGCHAMP;48.854833;2.233667;27;20260225;0.0;1;3.6;1;429;9;20.5;1;1423;9;10.9;1;12.1;1;16.9;1;-0.4;9;;;0;9;1.1;1;;;3.6;1;150;1;1512;9;5.7;1;170;1;1521;9;;;;;;;5.4;1;170;1;1506;9;;;0;1
75116008;LONGCHAMP;48.854833;2.233667;27;20260226;0.0;1;5.0;1;441;9;18.9;1;1445;9;12.9;1;12.0;1;13.9;1;0.4;9;;;0;9;2.4;1;;;5.3;1;210;1;1358;9;9.8;1;200;1;1253;9;;;;;;;8.6;1;200;1;1221;9;;;0;1
75116008;LONGCHAMP;48.854833;2.233667;27;20260227;3.0;1;5.8;1;145;9;15.0;1;1230;9;11.8;1;10.4;1;9.2;1;1.3;9;;;0;9;3.6;1;;;5.5;1;200;1;919;9;12.1;1;220;1;1023;9;;;;;;;10.4;1;220;1;2327;9;;;0;1
75116008;LONGCHAMP;48.854833;2.233667;27;20260228;0.0;1;7.6;1;1800;9;14.5;1;1505;9;9.2;1;11.1;1;6.9;1;2.0;9;;;0;9;3.2;1;;;6.6;1;240;1;1137;9;12.9;1;230;1;1146;9;;;;;;;11.3;1;230;1;1135;9;;;0;1
75116008;LONGCHAMP;48.854833;2.233667;27;20260301;0.0;1;1.3;1;14;9;14.3;1;1425;9;8.6;1;7.8;1;13.0;1;-2.8;9;;;0;9;2.5;1;;;5.4;1;200;1;1332;9;10.3;1;200;1;1049;9;;;;;;;9.6;1;190;1;1328;9;;;0;1
75116008;LONGCHAMP;48.854833;2.233667;27;20260302;0.0;1;4.3;1;2056;9;17.7;1;1516;9;10.5;1;11.0;1;13.4;1;-0.4;9;;;0;9;1.8;1;;;4.4;1;140;1;1433;9;8.2;1;130;1;1425;9;;;;;;;7.3;1;130;1;1425;9;;;0;1
75116008;LONGCHAMP;48.854833;2.233667;27;20260303;0.2;1;2.5;1;650;9;19.0;1;1315;9;10.2;1;10.8;1;16.5;1;-1.4;9;;;0;9;0.9;1;;;3.1;1;30;1;1544;9;5.6;1;130;1;1432;9;;;;;;;5.2;1;130;1;1432;9;;;0;1
75116008;LONGCHAMP;48.854833;2.233667;27;20260304;0.0;1;2.3;1;549;9;18.8;1;1314;9;10.2;1;10.6;1;16.5;1;-1.7;9;;;0;9;1.3;1;;;5.0;1;140;1;1151;9;9.1;1;140;1;1235;9;;;;;;;8.6;1;140;1;1218;9;;;0;1
75116008;LONGCHAMP;48.854833;2.233667;27;20260305;0.0;1;1.8;1;555;9;18.8;1;1440;9;10.3;1;10.3;1;17.0;1;-2.1;9;;;0;9;1.0;1;;;3.3;1;160;1;830;9;5.6;1;140;1;837;9;;;;;;;5.0;1;140;1;858;9;;;0;1
75116008;LONGCHAMP;48.854833;2.233667;27;20260306;0.0;1;5.9;1;355;9;19.3;1;1436;9;11.8;1;12.6;1;13.4;1;2.4;9;;;0;9;0.7;1;;;3.1;1;350;1;1720;9;5.1;1;310;1;1201;9;;;;;;;4.5;1;310;1;1201;9;;;0;1
75116008;LONGCHAMP;48.854833;2.233667;27;20260307;0.2;1;5.8;1;559;9;17.9;1;1411;9;11.1;1;11.9;1;12.1;1;2.3;9;;;0;9;1.4;1;;;2.9;1;20;1;1359;9;5.3;1;40;9;1958;9;;;;;;;4.9;1;40;1;1958;9;;;0;1
75116008;LONGCHAMP;48.854833;2.233667;27;20260308;0.2;1;4.1;1;56;9;18.1;1;1459;9;10.3;1;11.1;1;14.0;1;0.0;9;;;0;9;1.0;1;;;2.8;1;350;1;1416;9;4.5;1;120;1;1506;9;;;;;;;4.2;1;120;1;1506;9;;;0;1
75116008;LONGCHAMP;48.854833;2.233667;27;20260309;3.0;1;3.0;1;531;9;18.1;1;1223;9;11.2;1;10.6;1;15.1;1;-0.5;9;;;0;9;1.2;1;;;4.4;1;200;1;1334;9;7.1;1;210;1;1330;9;;;;;;;6.6;1;210;1;1330;9;;;0;1
75116008;LONGCHAMP;48.854833;2.233667;27;20260310;1.2;1;8.9;1;610;9;17.1;1;1332;9;12.5;1;13.0;1;8.2;1;5.4;9;;;0;9;2.1;1;;;4.1;1;210;1;1106;9;8.2;1;230;1;1342;9;;;;;;;7.6;1;230;1;1342;9;;;0;1
75116008;LONGCHAMP;48.854833;2.233667;27;20260311;5.4;1;9.9;1;733;9;14.7;1;1430;9;10.7;1;12.3;1;4.8;1;8.6;9;;;0;9;3.6;1;;;6.6;1;200;1;658;9;14.8;1;200;1;620;9;;;;;;;12.9;1;200;1;620;9;;;0;1
75116008;LONGCHAMP;48.854833;2.233667;27;20260312;0.0;1;2.9;1;312;9;13.2;1;1146;9;9.4;1;8.1;1;10.3;1;-1.2;9;;;0;9;3.7;1;;;6.1;1;200;1;1205;9;12.9;1;200;1;1224;9;;;;;;;11.7;1;190;1;2302;9;;;0;1
75116008;LONGCHAMP;48.854833;2.233667;27;20260313;21.0;1;6.5;1;1743;9;12.3;1;927;9;8.7;1;9.4;1;5.8;1;5.5;9;;;0;9;4.0;1;;;8.2;1;210;1;315;9;15.9;1;200;1;834;9;;;;;;;14.5;1;190;1;533;9;;;0;1
75116008;LONGCHAMP;48.854833;2.233667;27;20260314;0.2;1;2.3;1;28;9;11.5;1;1529;9;6.2;1;6.9;1;9.2;1;1.0;9;;;0;9;2.9;1;;;5.6;1;360;9;2113;9;10.9;1;30;9;2111;9;;;;;;;10.4;1;30;1;2111;9;;;0;1
75116008;LONGCHAMP;48.854833;2.233667;27;20260315;0.0;1;-2.4;1;610;9;13.9;1;1358;9;7.4;1;5.8;1;16.3;1;-5.2;9;;;261;9;1.9;1;;;6.6;1;210;9;2147;9;13.4;1;240;9;2141;9;;;;;;;11.3;1;240;1;2141;9;;;0;1
75116008;LONGCHAMP;48.854833;2.233667;27;20260316;0.0;1;7.9;1;416;9;13.1;1;1219;9;10.2;1;10.5;1;5.2;1;5.1;9;;;0;9;2.4;1;;;5.8;1;240;1;27;9;10.9;1;250;1;2;9;;;;;;;10.2;1;250;1;2;9;;;0;1
75116008;LONGCHAMP;48.854833;2.233667;27;20260317;0.0;1;3.1;1;616;9;17.7;1;1520;9;11.6;1;10.4;1;14.6;1;-0.1;9;;;0;9;2.2;1;;;4.7;1;160;1;1217;9;8.5;1;200;1;1225;9;;;;;;;7.8;1;200;1;1225;9;;;0;1
75116008;LONGCHAMP;48.854833;2.233667;27;20260318;0.0;1;6.2;1;347;9;16.4;1;1430;9;12.0;1;11.3;1;10.2;1;1.1;9;;;0;9;3.2;1;;;6.9;1;60;1;1329;9;13.2;1;50;1;1602;9;;;;;;;11.5;1;90;1;1212;9;;;0;1
75116008;LONGCHAMP;48.854833;2.233667;27;20260319;0.0;1;4.1;1;556;9;17.6;1;1518;9;10.4;1;10.9;1;13.5;1;-1.7;9;;;0;9;2.2;1;;;5.5;1;60;1;1208;9;10.2;1;50;1;1200;9;;;;;;;9.2;1;50;1;1200;9;;;0;1
75116008;LONGCHAMP;48.854833;2.233667;27;20260320;0.0;1;0.6;1;620;9;17.4;1;1402;9;9.3;1;9.0;1;16.8;1;-3.4;9;;;0;9;1.6;1;;;4.8;1;10;1;1355;9;9.2;1;10;1;1353;9;;;;;;;8.7;1;10;1;1354;9;;;0;1
75116008;LONGCHAMP;48.854833;2.233667;27;20260321;0.2;1;1.2;1;456;9;16.9;1;1408;9;9.7;1;9.1;1;15.7;1;-2.7;9;;;;;2.0;1;;;4.7;1;10;1;1827;9;7.5;1;20;1;1819;9;;;;;;;7.1;1;20;1;1819;9;;;0;1
75116008;LONGCHAMP;48.854833;2.233667;27;20260322;0.0;1;0.4;1;601;9;16.0;1;1528;9;9.0;1;8.2;1;15.6;1;-2.5;9;;;0;9;2.2;1;;;5.4;1;20;1;1201;9;10.6;1;20;1;1214;9;;;;;;;9.9;1;20;1;1214;9;;;0;1
75116008;LONGCHAMP;48.854833;2.233667;27;20260323;0.2;1;3.9;1;415;9;17.5;1;1443;9;9.7;1;10.7;1;13.6;1;-1.2;9;;;0;9;1.6;1;;;3.7;1;320;1;1740;9;6.3;1;330;1;1749;9;;;;;;;5.7;1;330;1;1734;9;;;0;1
75116008;LONGCHAMP;48.854833;2.233667;27;20260324;0.2;1;2.8;1;541;9;18.3;1;1324;9;11.6;1;10.6;1;15.5;1;-0.8;9;;;0;9;2.8;1;;;6.1;1;220;9;2259;9;13.1;1;210;9;2356;9;;;;;;;11.5;1;210;1;2357;9;;;0;1
75116008;LONGCHAMP;48.854833;2.233667;27;20260325;2.8;1;6.4;1;1321;9;10.1;1;1546;9;7.7;1;8.3;1;3.7;1;5.7;9;;;0;9;4.8;1;;;11.2;1;340;1;1836;9;23.1;1;350;1;1827;9;;;;;;;21.2;1;350;1;1827;9;;;0;1
75116008;LONGCHAMP;48.854833;2.233667;27;20260326;1.2;1;3.8;1;1854;9;11.0;1;1509;9;6.0;1;7.4;1;7.2;1;0.6;9;;;55;9;3.6;1;;;7.2;1;340;1;1157;1;14.0;1;350;1;1153;9;;;;;;;10.8;1;10;1;1729;1;;;0;0
75116008;LONGCHAMP;48.854833;2.233667;27;20260327;8.4;1;-1.8;1;309;9;11.9;1;1240;9;6.8;1;5.1;1;13.7;1;-5.3;9;;;257;9;1.7;1;;;3.5;1;140;1;1234;9;6.3;1;230;1;1423;9;;;;;;;5.6;1;210;1;1235;9;;;0;1
75116008;LONGCHAMP;48.854833;2.233667;27;20260328;0.6;1;6.9;1;628;9;12.3;1;1421;9;8.3;1;9.6;1;5.4;1;6.3;9;;;0;9;3.9;1;;;8.3;1;340;1;1507;1;15.4;1;360;1;1506;1;;;;;;;14.4;1;360;1;1507;1;;;0;0
75116008;LONGCHAMP;48.854833;2.233667;27;20260329;0.0;1;1.6;1;2145;9;12.7;1;1252;9;8.3;1;7.2;1;11.1;1;-1.8;9;;;0;9;2.5;1;;;4.8;1;230;9;2241;9;10.1;1;250;9;2319;9;;;;;;;9.3;1;250;1;2327;9;;;0;1
75116008;LONGCHAMP;48.854833;2.233667;27;20260330;0.0;1;8.7;1;224;9;14.1;1;1146;9;10.5;1;11.4;1;5.4;1;7.0;9;;;0;9;4.4;1;;;8.0;1;330;1;1735;9;14.9;1;310;1;1036;9;;;;;;;12.9;1;320;1;1729;9;;;0;1
75116008;LONGCHAMP;48.854833;2.233667;27;20260331;0.2;1;3.6;1;247;9;11.8;1;1201;9;8.9;1;7.7;1;8.2;1;0.1;9;;;0;9;1.7;1;;;4.7;1;330;1;1344;9;7.6;1;320;1;1336;9;;;;;;;7.2;1;320;1;1336;9;;;0;1
75116008;LONGCHAMP;48.854833;2.233667;27;20260401;4.2;1;8.6;1;2229;9;10.9;1;1103;9;9.9;1;9.8;1;2.3;1;7.5;9;;;0;9;1.2;1;;;3.4;1;350;1;809;9;5.9;1;330;1;802;9;;;;;;;5.6;1;330;1;802;9;;;0;1
75116008;LONGCHAMP;48.854833;2.233667;27;20260402;0.2;1;7.4;1;343;9;15.6;1;1501;9;9.7;1;11.5;1;8.2;1;6.5;9;;;0;9;1.9;1;;;5.4;1;330;1;1735;9;10.1;1;340;1;1731;9;;;;;;;9.4;1;340;1;1731;9;;;0;1
75116008;LONGCHAMP;48.854833;2.233667;27;20260403;1.6;1;-0.6;1;352;9;13.3;1;1221;9;8.8;1;6.4;1;13.9;1;-3.4;9;;;48;9;2.6;1;;;5.8;1;200;1;1209;9;10.9;1;210;1;1451;9;;;;;;;10.2;1;210;1;1451;9;;;0;1
75116008;LONGCHAMP;48.854833;2.233667;27;20260404;0.0;1;11.7;1;1801;9;18.9;1;1515;9;14.8;1;15.3;1;7.2;1;10.9;9;;;;;3.0;1;;;5.4;1;200;1;1125;9;9.4;1;180;1;1340;9;;;;;;;8.4;1;180;1;1115;9;;;0;1
75116008;LONGCHAMP;48.854833;2.233667;27;20260405;0.2;1;11.1;1;439;9;16.7;1;1327;9;11.9;1;13.9;1;5.6;1;8.4;9;;;0;9;2.6;1;;;4.9;1;210;1;12;9;11.3;1;270;1;238;9;;;;;;;10.7;1;270;1;238;9;;;0;1
75116008;LONGCHAMP;48.854833;2.233667;27;20260406;0.2;1;0.8;1;505;9;18.9;1;1424;9;10.4;1;9.9;1;18.1;1;-2.5;9;;;;;1.2;1;;;3.2;1;90;1;1357;9;6.2;1;80;1;1224;9;;;;;;;5.8;1;80;1;1224;9;;;0;1
75116008;LONGCHAMP;48.854833;2.233667;27;20260407;0.0;1;2.5;1;513;9;24.6;1;1437;9;14.0;1;13.6;1;22.1;1;-1.1;9;;;0;9;1.4;1;;;4.5;1;150;1;1230;9;7.4;1;150;1;1229;9;;;;;;;7.2;1;150;1;1229;9;;;0;1
75116008;LONGCHAMP;48.854833;2.233667;27;20260408;0.2;1;4.4;1;512;9;25.7;1;1548;9;14.8;1;15.1;1;21.3;1;-0.3;9;;;0;9;0.9;1;;;3.8;1;350;1;1511;9;6.2;1;10;1;1510;9;;;;;;;5.4;1;10;1;1511;9;;;0;1
75116008;LONGCHAMP;48.854833;2.233667;27;20260409;0.0;1;4.9;1;535;9;26.9;1;1332;9;16.7;1;15.9;1;22.0;1;0.4;9;;;0;9;2.2;1;;;7.4;1;330;9;2147;9;13.7;1;340;9;2304;9;;;;;;;11.8;1;330;9;2129;9;;;0;1
75116008;LONGCHAMP;48.854833;2.233667;27;20260410;0.0;1;7.6;1;442;9;17.1;1;1404;9;12.5;1;12.4;1;9.5;1;4.6;9;;;0;9;2.4;1;;;5.6;1;330;1;20;9;10.4;1;340;1;127;9;;;;;;;9.0;1;340;1;127;9;;;0;1
75116008;LONGCHAMP;48.854833;2.233667;27;20260411;0.8;1;8.8;1;1622;9;15.8;1;923;9;11.1;1;12.3;1;7.0;1;6.9;9;;;0;9;2.7;1;;;7.0;1;320;1;1348;9;12.6;1;300;1;1334;9;;;;;;;11.3;1;300;1;1344;9;;;0;1
75116008;LONGCHAMP;48.854833;2.233667;27;20260412;0.0;1;4.3;1;347;9;14.4;1;1547;9;9.6;1;9.4;1;10.1;1;0.9;9;;;0;9;2.0;1;;;4.1;1;200;1;1034;9;8.1;1;220;1;1015;9;;;;;;;7.6;1;220;1;1015;9;;;0;1
75116008;LONGCHAMP;48.854833;2.233667;27;20260413;0.4;1;4.7;1;2355;9;14.6;1;1229;9;8.5;1;9.7;1;9.9;1;1.9;9;;;0;9;1.2;1;;;6.5;1;310;1;1454;9;11.5;1;310;1;1449;9;;;;;;;10.7;1;310;1;1449;9;;;0;1
75116008;LONGCHAMP;48.854833;2.233667;27;20260414;0.2;1;0.2;1;435;9;18.0;1;1415;9;9.6;1;9.1;1;17.8;1;-3.2;9;;;0;9;1.1;1;;;3.7;1;140;1;1046;9;10.1;1;140;1;1042;9;;;;;;;9.6;1;140;1;1042;9;;;0;1
75116008;LONGCHAMP;48.854833;2.233667;27;20260415;0.2;1;3.3;1;527;9;18.6;1;1308;9;13.3;1;11.0;1;15.3;1;-0.8;9;;;;;2.3;1;;;6.4;1;200;1;1248;9;10.1;1;200;1;1446;9;;;;;;;9.6;1;170;1;1248;9;;;0;1
75116008;LONGCHAMP;48.854833;2.233667;27;20260416;0.0;1;6.2;1;410;9;19.7;1;1452;9;12.9;1;13.0;1;13.5;1;1.7;9;;;0;9;1.2;1;;;3.4;1;270;1;740;9;6.7;1;290;1;732;9;;;;;;;6.1;1;290;1;740;9;;;0;1
75116008;LONGCHAMP;48.854833;2.233667;27;20260417;0.0;1;5.1;1;454;9;21.6;1;1246;9;13.9;1;13.4;1;16.5;1;0.5;9;;;0;9;0.6;1;;;2.3;1;210;1;1204;9;4.5;1;160;1;1119;9;;;;;;;4.3;1;160;1;1119;9;;;0;1
75116008;LONGCHAMP;48.854833;2.233667;27;20260418;0.2;1;7.4;1;212;9;22.7;1;1301;9;14.4;1;15.1;1;15.3;1;3.3;9;;;0;9;2.6;1;;;7.2;1;340;1;1656;9;11.5;1;360;1;1701;9;;;;;;;11.1;1;360;1;1701;9;;;0;1
75116008;LONGCHAMP;48.854833;2.233667;27;20260419;0.0;1;3.6;1;426;9;19.0;1;1536;9;12.0;1;11.3;1;15.4;1;-1.0;9;;;;;2.4;1;;;5.3;1;20;1;2029;9;9.8;1;20;1;2034;9;;;;;;;9.0;1;20;1;2034;9;;;1;1
75116008;LONGCHAMP;48.854833;2.233667;27;20260420;0.0;1;6.9;1;436;9;16.2;1;1401;9;11.2;1;11.6;1;9.3;1;4.1;9;;;0;9;3.6;1;;;5.8;1;10;1;1001;9;10.2;1;40;1;1618;9;;;;;;;9.7;1;40;1;1618;9;;;0;1
75116008;LONGCHAMP;48.854833;2.233667;27;20260421;0.0;1;2.1;1;503;9;16.2;1;1224;9;11.0;1;9.2;1;14.1;1;-2.1;9;;;0;9;3.2;1;;;6.6;1;50;1;1651;9;12.3;1;30;1;1121;9;;;;;;;11.4;1;30;1;1121;9;;;0;1
75116008;LONGCHAMP;48.854833;2.233667;27;20260422;0.0;1;7.0;1;430;9;19.3;1;1508;9;13.2;1;13.2;1;12.3;1;2.5;9;;;0;9;3.3;1;;;6.4;1;80;1;944;9;12.3;1;80;1;939;9;;;;;;;11.1;1;80;1;939;9;;;0;1
75116008;LONGCHAMP;48.854833;2.233667;27;20260423;0.0;1;2.7;1;512;9;22.5;1;1342;9;14.9;1;12.6;1;19.8;1;-2.1;9;;;0;9;2.7;1;;;5.6;1;60;1;1402;9;10.6;1;60;1;1325;9;;;;;;;10.1;1;60;1;1325;9;;;0;1
75116008;LONGCHAMP;48.854833;2.233667;27;20260424;0.0;1;2.2;1;407;9;22.9;1;1531;9;13.5;1;12.6;1;20.7;1;-2.7;9;;;0;9;1.9;1;;;5.2;1;20;1;1422;9;8.8;1;40;1;1421;9;;;;;;;8.2;1;40;1;1324;9;;;0;1
75116008;LONGCHAMP;48.854833;2.233667;27;20260425;0.0;1;2.2;1;347;9;24.4;1;1432;9;14.0;1;13.3;1;22.2;1;-2.5;9;;;0;9;1.4;1;;;5.1;1;20;1;1808;9;8.5;1;20;1;1804;9;;;;;;;7.8;1;20;1;1804;9;;;0;1
75116008;LONGCHAMP;48.854833;2.233667;27;20260426;0.0;1;2.8;1;431;9;22.8;1;1347;9;13.6;1;12.8;1;20.0;1;-2.5;9;;;0;9;1.3;1;;;4.1;1;10;1;1421;9;8.5;1;30;1;1415;9;;;;;;;6.8;1;30;1;1415;9;;;0;1
75116008;LONGCHAMP;48.854833;2.233667;27;20260427;0.0;1;4.0;1;453;9;22.6;1;1507;9;14.4;1;13.3;1;18.6;1;-0.8;9;;;0;9;1.5;1;;;5.2;1;350;1;1756;9;8.0;1;350;1;1748;9;;;;;;;7.5;1;350;1;1755;9;;;0;1
75116008;LONGCHAMP;48.854833;2.233667;27;20260428;0.0;1;7.3;1;242;9;20.8;1;1351;9;15.3;1;14.1;1;13.5;1;2.9;9;;;0;9;3.2;1;;;6.1;1;10;1;1342;9;9.9;1;30;1;1345;9;;;;;;;8.9;1;40;1;1405;9;;;0;1
75116008;LONGCHAMP;48.854833;2.233667;27;20260429;0.0;1;12.7;1;240;9;23.9;1;1352;9;18.2;1;18.3;1;11.2;1;8.0;9;;;0;9;3.7;1;;;6.1;1;90;1;1442;9;14.9;1;80;1;1345;9;;;;;;;12.9;1;80;1;1345;9;;;0;1
75116008;LONGCHAMP;48.854833;2.233667;27;20260430;0.0;1;12.4;1;506;9;23.8;1;1517;9;18.1;1;18.1;1;11.4;1;8.7;9;;;0;9;3.2;1;;;5.6;1;70;1;1147;9;11.5;1;40;1;1056;9;;;;;;;10.8;1;40;1;1056;9;;;0;1
75116008;LONGCHAMP;48.854833;2.233667;27;20260501;3.6;1;11.4;1;406;9;26.1;1;1538;9;17.7;1;18.8;1;14.7;1;5.7;9;;;0;9;1.5;1;;;4.1;1;110;1;1640;9;8.7;1;190;1;1624;9;;;;;;;8.4;1;190;1;1624;9;;;0;1
75116008;LONGCHAMP;48.854833;2.233667;27;20260502;5.2;1;10.4;1;401;9;25.5;1;1400;9;18.3;1;18.0;1;15.1;1;7.4;9;;;0;9;1.9;1;;;5.3;1;190;1;1337;9;10.0;1;230;1;1639;9;;;;;;;8.6;1;230;1;1639;9;;;0;1
75116008;LONGCHAMP;48.854833;2.233667;27;20260503;1.2;1;13.9;1;501;9;20.9;1;1619;9;16.3;1;17.4;1;7.0;1;13.0;9;;;0;9;2.3;1;;;4.8;1;200;1;1455;9;9.3;1;190;1;1451;9;;;;;;;8.2;1;190;1;1451;9;;;0;1
75116008;LONGCHAMP;48.854833;2.233667;27;20260504;13.0;1;11.5;1;216;9;17.1;1;1229;9;14.4;1;14.3;1;5.6;1;9.3;9;;;0;9;0.7;1;;;2.3;1;320;9;2254;9;5.6;1;20;1;1352;9;;;;;;;5.1;1;20;1;1352;9;;;0;1
75116008;LONGCHAMP;48.854833;2.233667;27;20260505;13.0;1;12.7;1;1530;9;14.3;1;1202;9;13.0;1;13.5;1;1.6;1;12.3;9;;;0;9;3.0;1;;;4.7;1;20;1;1121;9;7.7;1;20;1;1302;9;;;;;;;7.3;1;30;1;1221;9;;;0;1
75116008;LONGCHAMP;48.854833;2.233667;27;20260506;0.0;1;9.7;1;506;9;16.5;1;1225;9;11.9;1;13.1;1;6.8;1;9.4;9;;;0;9;3.8;1;;;5.8;1;350;1;1058;9;10.9;1;340;1;1226;9;;;;;;;9.1;1;340;1;1226;9;;;0;1
75116008;LONGCHAMP;48.854833;2.233667;27;20260507;0.2;1;9.7;1;416;9;18.3;1;1159;9;12.9;1;14.0;1;8.6;1;8.5;9;;;0;9;1.4;1;;;2.9;1;350;1;617;9;5.6;1;40;1;1211;9;;;;;;;5.4;1;40;1;1211;9;;;0;1
75116008;LONGCHAMP;48.854833;2.233667;27;20260508;0.0;1;3.8;1;426;9;21.7;1;1428;9;13.6;1;12.8;1;17.9;1;1.3;9;;;0;9;1.3;1;;;4.0;1;360;1;1434;9;7.3;1;360;1;1428;9;;;;;;;7.0;1;360;1;1428;9;;;0;1
75116008;LONGCHAMP;48.854833;2.233667;27;20260509;0.0;1;6.4;1;256;9;24.5;1;1333;9;17.4;1;15.5;1;18.1;1;3.2;9;;;0;9;1.9;1;;;4.1;1;90;1;1342;9;8.1;1;70;1;1340;9;;;;;;;7.4;1;70;1;1333;9;;;0;1
75116008;LONGCHAMP;48.854833;2.233667;27;20260510;26.0;1;12.1;1;313;9;17.9;1;1031;9;14.1;1;15.0;1;5.8;1;9.8;9;;;0;9;2.4;1;;;4.9;1;20;1;1644;9;8.7;1;20;1;1650;9;;;;;;;7.9;1;20;1;1649;9;;;0;1
75116008;LONGCHAMP;48.854833;2.233667;27;20260511;3.0;1;9.3;1;718;9;15.0;1;1405;9;11.0;1;12.2;1;5.7;1;9.4;9;;;0;9;3.5;1;;;7.0;1;20;1;1924;9;11.4;1;360;1;1916;9;;;;;;;11.0;1;360;1;1915;9;;;0;1
75116008;LONGCHAMP;48.854833;2.233667;27;20260512;0.0;1;2.0;1;418;9;17.0;1;1538;9;11.4;1;9.5;1;15.0;1;-0.3;9;;;0;9;1.6;1;;;3.8;1;260;1;1359;9;8.2;1;260;1;1350;9;;;;;;;7.9;1;260;1;1350;9;;;0;1
75116008;LONGCHAMP;48.854833;2.233667;27;20260513;4.2;1;9.5;1;1644;9;15.0;1;1253;9;11.2;1;12.3;1;5.5;1;6.9;9;;;0;9;3.4;1;;;6.6;1;310;1;1419;9;17.0;1;330;1;1626;9;;;;;;;15.3;1;330;1;1626;9;;;0;1
75116008;LONGCHAMP;48.854833;2.233667;27;20260514;4.2;1;7.7;1;340;9;13.5;1;1139;9;9.3;1;10.6;1;5.8;1;6.2;9;;;0;9;2.6;1;;;7.0;1;350;1;1152;1;11.7;1;340;1;1145;9;;;;;;;11.1;1;340;1;1145;1;;;0;0
75116008;LONGCHAMP;48.854833;2.233667;27;20260515;1.0;1;4.4;1;402;9;14.9;1;1113;9;9.5;1;9.7;1;10.5;1;3.3;9;;;;;1.9;1;;;7.9;1;330;1;1138;9;14.1;1;30;1;1514;9;;;;;;;12.8;1;30;1;1514;9;;;0;1
75116008;LONGCHAMP;48.854833;2.233667;27;20260516;2.0;1;2.6;1;425;9;16.9;1;1530;9;10.9;1;9.8;1;14.3;1;0.3;9;;;0;9;1.9;1;;;5.2;1;300;1;1205;9;11.6;1;300;1;1151;9;;;;;;;10.1;1;300;1;1151;9;;;0;1
75116008;LONGCHAMP;48.854833;2.233667;27;20260517;9.6;1;10.2;1;313;9;16.7;1;1133;9;12.2;1;13.5;1;6.5;1;9.9;9;;;0;9;1.7;1;;;;;;;;;7.2;1;210;1;1025;9;;;;;;;;;;;;;;;;
75116008;LONGCHAMP;48.854833;2.233667;27;20260518;0.6;1;6.6;1;448;9;16.2;1;1329;9;11.6;1;11.4;1;9.6;1;5.4;9;;;0;9;1.6;1;;;4.1;1;220;1;1442;9;7.7;1;190;1;1014;9;;;;;;;7.3;1;190;1;1014;9;;;0;1
75116008;LONGCHAMP;48.854833;2.233667;27;20260519;0.4;1;7.2;1;36;9;17.4;1;1610;9;14.0;1;12.3;1;10.2;1;4.9;9;;;0;9;3.5;1;;;7.0;1;200;1;1150;9;12.5;1;200;1;1100;9;;;;;;;11.4;1;200;1;1100;9;;;0;1
75116008;LONGCHAMP;48.854833;2.233667;27;20260520;0.0;1;12.7;1;406;9;21.0;1;1433;9;15.8;1;16.9;1;8.3;1;10.4;9;;;0;9;2.7;1;;;5.6;1;230;1;904;9;10.8;1;240;1;750;9;;;;;;;9.6;1;240;1;751;9;;;0;1
75116008;LONGCHAMP;48.854833;2.233667;27;20260521;0.2;1;7.2;1;402;9;25.8;1;1556;9;17.2;1;16.5;1;18.6;1;5.0;9;;;0;9;1.0;1;;;3.0;1;150;1;804;9;6.1;1;170;1;1336;9;;;;;;;5.6;1;160;1;1652;9;;;0;1
75116008;LONGCHAMP;48.854833;2.233667;27;20260522;0.0;1;9.5;1;405;9;29.5;1;1518;9;20.6;1;19.5;1;20.0;1;6.7;9;;;0;9;0.9;1;;;3.0;1;150;1;1155;9;7.1;1;140;1;1614;9;;;;;;;6.0;1;140;1;1614;9;;;0;1
75116008;LONGCHAMP;48.854833;2.233667;27;20260523;0.0;1;11.0;1;347;9;32.2;1;1454;9;22.1;1;21.6;1;21.2;1;8.3;9;;;0;9;0.5;1;;;2.6;1;170;1;1125;9;4.8;1;60;1;1621;9;;;;;;;4.5;1;60;1;1621;9;;;0;1
75116008;LONGCHAMP;48.854833;2.233667;27;20260524;0.0;1;13.2;1;238;9;31.4;1;1419;9;23.5;1;22.3;1;18.2;1;10.0;9;;;0;9;1.4;1;;;4.3;1;10;1;1230;9;8.3;1;30;1;1239;9;;;;;;;7.5;1;30;1;1239;9;;;0;1
75116008;LONGCHAMP;48.854833;2.233667;27;20260525;0.2;1;14.6;1;348;9;32.5;1;1440;9;24.3;1;23.6;1;17.9;1;11.6;9;;;0;9;1.4;1;;;4.0;1;100;1;1210;9;8.2;1;60;1;1152;9;;;;;;;7.5;1;60;1;1152;9;;;0;1
75116008;LONGCHAMP;48.854833;2.233667;27;20260526;0.0;1;12.7;1;345;9;34.1;1;1507;9;23.8;1;23.4;1;21.4;1;9.3;9;;;0;9;0.9;1;;;3.7;1;360;1;1544;9;7.1;1;10;1;1624;9;;;;;;;6.4;1;360;1;1541;9;;;0;1
75116008;LONGCHAMP;48.854833;2.233667;27;20260527;0.0;1;12.8;1;403;9;32.8;1;1341;9;24.2;1;22.8;1;20.0;1;10.4;9;;;0;9;1.4;1;;;4.2;1;360;1;1451;9;6.7;1;20;1;1240;9;;;;;;;6.3;1;20;1;1240;9;;;0;1
75116008;LONGCHAMP;48.854833;2.233667;27;20260528;0.2;1;15.6;1;414;9;34.4;1;1600;9;25.4;1;25.0;1;18.8;1;13.0;9;;;0;9;0.9;1;;;3.0;1;160;1;817;9;8.1;1;130;1;1200;9;;;;;;;7.9;1;130;1;1200;9;;;0;1
75116008;LONGCHAMP;48.854833;2.233667;27;20260529;0.0;1;15.6;1;348;9;33.3;1;1312;9;25.4;1;24.5;1;17.7;1;13.7;9;;;0;9;1.4;1;;;3.5;1;230;1;852;9;5.9;1;220;1;1413;9;;;;;;;5.6;1;170;1;908;9;;;0;1
75116008;LONGCHAMP;48.854833;2.233667;27;20260530;0.0;1;16.8;1;419;9;34.7;1;1432;9;26.8;1;25.8;1;17.9;1;15.1;9;;;0;9;1.6;1;;;5.2;1;310;9;2255;9;9.8;1;310;9;2246;9;;;;;;;8.8;1;310;1;2246;9;;;0;1
75116008;LONGCHAMP;48.854833;2.233667;27;20260531;0.0;1;17.3;1;355;9;23.2;1;1631;9;19.7;1;20.3;1;5.9;1;14.9;9;;;0;9;2.6;1;;;4.9;1;330;1;11;9;9.1;1;310;1;1314;9;;;;;;;8.0;1;310;1;1303;9;;;0;1
75116008;LONGCHAMP;48.854833;2.233667;27;20260601;0.0;1;10.5;1;249;9;26.3;1;1604;9;19.8;1;18.4;1;15.8;1;8.9;9;;;0;9;1.6;1;;;4.1;1;200;1;1456;9;8.0;1;220;1;1452;9;;;;;;;7.3;1;220;1;1453;9;;;0;1
75116008;LONGCHAMP;48.854833;2.233667;27;20260602;14.7;1;15.9;1;1524;9;21.5;1;1249;9;18.0;1;18.7;1;5.6;1;9.3;9;;;0;9;2.9;1;;;6.1;1;290;1;1318;9;18.3;1;320;1;1314;9;;;;;;;16.2;1;320;1;1314;9;;;0;1
75116008;LONGCHAMP;48.854833;2.233667;27;20260603;0.4;1;13.6;1;212;9;21.1;1;1433;9;17.2;1;17.4;1;7.5;1;11.7;9;;;0;9;4.2;1;;;7.6;1;220;1;1230;9;15.0;1;210;1;1634;9;;;;;;;13.8;1;210;1;1540;9;;;0;1
75116008;LONGCHAMP;48.854833;2.233667;27;20260604;3.4;1;14.7;1;610;9;22.7;1;1407;9;16.6;1;18.7;1;8.0;1;13.6;9;;;;;4.2;1;;;7.3;1;230;1;1256;1;15.2;1;270;1;1203;9;;;;;;;14.1;1;270;1;1203;1;;;0;0
75116008;LONGCHAMP;48.854833;2.233667;27;20260605;0.0;1;11.9;1;253;9;20.4;1;1611;9;14.8;1;16.2;1;8.5;1;10.1;9;;;0;9;2.2;1;;;4.7;1;220;1;1341;9;9.5;1;230;1;354;9;;;;;;;8.2;1;230;1;329;9;;;0;1
75116008;LONGCHAMP;48.854833;2.233667;27;20260606;0.4;1;9.8;1;2209;9;22.0;1;1342;9;17.0;1;15.9;1;12.2;1;8.4;9;;;0;9;3.8;1;;;7.5;1;220;1;1507;9;15.3;1;230;1;1458;9;;;;;;;14.0;1;230;1;1458;9;;;0;1
75116008;LONGCHAMP;48.854833;2.233667;27;20260607;0.0;1;9.3;1;336;9;23.3;1;1519;9;16.9;1;16.3;1;14.0;1;7.0;9;;;0;9;1.5;1;;;3.4;1;160;1;1037;9;6.8;1;200;1;909;9;;;;;;;6.0;1;200;1;909;9;;;0;1
75116008;LONGCHAMP;48.854833;2.233667;27;20260608;2.2;1;12.4;1;131;9;23.1;1;1417;9;16.7;1;17.8;1;10.7;1;11.3;9;;;0;9;2.0;1;;;8.6;1;320;1;1608;9;14.1;1;300;1;1604;9;;;;;;;13.2;1;300;1;1605;9;;;0;1
75116008;LONGCHAMP;48.854833;2.233667;27;20260609;1.0;1;10.4;1;416;9;20.7;1;1451;9;14.7;1;15.6;1;10.3;1;9.7;9;;;0;9;2.6;1;;;5.9;1;310;1;1601;9;11.5;1;200;1;1346;9;;;;;;;10.7;1;200;1;1346;9;;;0;1
75116008;LONGCHAMP;48.854833;2.233667;27;20260610;2.0;1;12.3;1;2131;9;18.8;1;1123;9;14.1;1;15.6;1;6.5;1;10.9;9;;;0;9;2.1;1;;;7.7;1;310;1;1751;9;17.2;1;300;1;1742;9;;;;;;;15.0;1;300;1;1742;9;;;0;1
75116008;LONGCHAMP;48.854833;2.233667;27;20260611;0.0;1;8.6;1;18;9;20.0;1;1226;9;15.8;1;14.3;1;11.4;1;6.0;9;;;0;9;2.8;1;;;4.8;1;240;1;1610;9;10.4;1;230;9;2327;9;;;;;;;8.6;1;240;1;1606;9;;;0;1
75116008;LONGCHAMP;48.854833;2.233667;27;20260612;0.0;1;16.8;1;351;9;26.5;1;1619;9;20.9;1;21.7;1;9.7;1;15.4;9;;;0;9;2.9;1;;;5.0;1;290;1;1157;9;10.8;1;260;1;45;9;;;;;;;9.7;1;240;1;840;9;;;0;1
75116008;LONGCHAMP;48.854833;2.233667;27;20260613;0.0;1;16.2;1;339;9;28.6;1;1520;9;21.7;1;22.4;1;12.4;1;14.2;9;;;0;9;3.1;1;;;5.7;1;320;1;1734;9;9.9;1;330;1;1729;9;;;;;;;9.1;1;330;1;1729;9;;;0;1
75116008;LONGCHAMP;48.854833;2.233667;27;20260614;0.0;1;9.3;1;404;9;26.8;1;1611;9;19.5;1;18.1;1;17.5;1;7.7;9;;;0;9;2.2;1;;;4.5;1;340;1;1645;9;8.1;1;330;1;1427;9;;;;;;;7.7;1;330;1;1427;9;;;0;1
75116008;LONGCHAMP;48.854833;2.233667;27;20260615;0.0;1;11.1;1;352;9;30.0;1;1528;9;21.3;1;20.6;1;18.9;1;9.5;9;;;0;9;1.7;1;;;4.3;1;320;1;1834;9;8.7;1;80;1;841;9;;;;;;;8.0;1;330;1;1826;9;;;0;1
75116008;LONGCHAMP;48.854833;2.233667;27;20260616;0.0;1;18.1;1;231;9;29.4;1;1604;9;23.3;1;23.8;1;11.3;1;15.6;9;;;0;9;2.2;1;;;4.7;1;340;1;1823;9;8.6;1;250;1;1421;9;;;;;;;7.8;1;250;1;1421;9;;;0;0
75116008;LONGCHAMP;48.854833;2.233667;27;20260617;0.0;1;13.7;1;351;9;34.0;1;1535;9;25.2;1;23.9;1;20.3;1;11.9;9;;;0;9;1.3;1;;;4.5;1;340;9;2141;9;8.3;1;350;9;2135;9;;;;;;;7.8;1;350;9;2135;9;;;0;0
75116008;LONGCHAMP;48.854833;2.233667;27;20260618;1.6;1;14.4;1;408;9;38.9;1;1452;9;25.8;1;26.7;1;24.5;1;12.4;9;;;0;9;1.8;1;;;7.2;1;210;1;1653;9;14.9;1;210;1;1647;9;;;;;;;12.9;1;220;1;1647;9;;;0;0
75116008;LONGCHAMP;48.854833;2.233667;27;20260619;0.0;1;17.7;1;315;9;38.3;1;1311;9;27.8;1;28.0;1;20.6;1;15.8;9;;;0;9;2.5;1;;;5.6;1;320;1;1738;9;11.0;1;310;1;1732;9;;;;;;;10.1;1;320;1;1732;9;;;0;0
75116008;LONGCHAMP;48.854833;2.233667;27;20260620;0.0;1;17.2;1;326;9;37.8;1;1525;9;28.3;1;27.5;1;20.6;1;15.1;9;;;0;9;1.9;1;;;4.8;1;200;1;1547;9;8.8;1;180;1;1544;9;;;;;;;8.1;1;180;1;1544;9;;;0;0
75116008;LONGCHAMP;48.854833;2.233667;27;20260621;0.0;1;19.9;1;429;9;38.9;1;1538;9;29.6;1;29.4;1;19.0;1;18.3;9;;;;;1.8;1;;;4.0;1;330;1;226;9;8.1;1;40;9;1947;9;;;;;;;7.4;1;30;9;1947;9;;;0;0
75116008;LONGCHAMP;48.854833;2.233667;27;20260622;0.0;1;21.4;1;407;9;38.3;1;1437;9;30.8;1;29.9;1;16.9;1;19.0;9;;;0;9;2.0;1;;;4.4;1;40;1;1719;9;10.6;1;40;1;1517;9;;;;;;;9.3;1;50;1;1517;9;;;0;0
75116008;LONGCHAMP;48.854833;2.233667;27;20260623;0.0;1;20.6;1;309;9;37.9;1;1508;9;30.2;1;29.3;1;17.3;1;18.4;9;;;0;9;1.8;1;;;6.4;1;10;1;838;9;12.6;1;10;1;847;9;;;;;;;11.9;1;20;1;847;9;;;0;0
75116008;LONGCHAMP;48.854833;2.233667;27;20260624;0.0;1;24.3;1;338;9;42.1;1;1628;9;33.7;1;33.2;1;17.8;1;20.5;9;;;0;9;1.3;1;;;3.3;1;100;1;1906;9;6.7;1;140;1;1402;9;;;;;;;6.3;1;150;1;1402;9;;;0;0
75116008;LONGCHAMP;48.854833;2.233667;27;20260625;0.0;1;21.9;1;358;9;40.8;1;1322;9;32.9;1;31.4;1;18.9;1;19.4;9;;;0;9;2.1;1;;;5.1;1;110;1;1030;9;11.2;1;60;1;1246;9;;;;;;;10.5;1;60;1;1246;9;;;0;0
75116008;LONGCHAMP;48.854833;2.233667;27;20260626;0.0;1;22.0;1;140;9;37.2;1;1524;9;30.0;1;29.6;1;15.2;1;19.8;9;;;0;9;2.5;1;;;4.9;1;350;1;1833;9;8.8;1;340;1;841;9;;;;;;;7.9;1;340;1;841;9;;;0;0
75116008;LONGCHAMP;48.854833;2.233667;27;20260627;0.6;1;21.7;1;350;9;38.5;1;1500;9;28.6;1;30.1;1;16.8;1;20.1;9;;;0;9;1.9;1;;;7.8;1;220;9;2022;9;18.9;1;220;1;2018;9;;;;;;;16.0;1;220;9;2018;9;;;0;0
75116008;LONGCHAMP;48.854833;2.233667;27;20260628;0.4;1;17.8;1;337;9;33.9;1;1546;9;24.7;1;25.9;1;16.1;1;15.7;9;;;0;9;2.2;1;;;5.8;1;340;9;2334;9;11.4;1;350;9;2328;9;;;;;;;9.3;1;320;9;2325;9;;;0;0
75116008;LONGCHAMP;48.854833;2.233667;27;20260629;0.0;1;16.7;1;324;9;29.3;1;1438;9;22.0;1;23.0;1;12.6;1;15.2;9;;;0;9;2.7;1;;;5.5;1;340;1;128;9;9.3;1;320;1;109;9;;;;;;;8.8;1;350;1;22;9;;;0;0
75116008;LONGCHAMP;48.854833;2.233667;27;20260630;0.0;1;15.2;1;36;9;29.8;1;1354;9;22.2;1;22.5;1;14.6;1;12.6;9;;;0;9;2.6;1;;;8.0;1;350;1;1516;9;12.1;1;360;1;1511;9;;;;;;;11.0;1;350;1;1513;9;;;0;0
75116008;LONGCHAMP;48.854833;2.233667;27;20260701;0.0;1;15.8;1;353;9;25.9;1;1257;9;21.0;1;20.9;1;10.1;1;13.6;9;;;0;9;3.0;1;;;4.8;1;310;1;1306;9;9.0;1;310;1;1738;9;;;;;;;8.6;1;300;1;1738;9;;;0;0
75116008;LONGCHAMP;48.854833;2.233667;27;20260702;0.0;1;15.1;1;226;9;27.0;1;1528;9;20.3;1;21.1;1;11.9;1;12.2;9;;;0;9;3.1;1;;;6.9;1;350;1;1756;9;11.8;1;340;1;1753;9;;;;;;;10.9;1;340;1;1753;9;;;0;0
75116008;LONGCHAMP;48.854833;2.233667;27;20260703;0.0;1;12.2;1;356;9;29.5;1;1538;9;21.9;1;20.9;1;17.3;1;10.0;9;;;0;9;2.0;1;;;5.0;1;340;1;1914;9;9.8;1;360;1;1242;9;;;;;;;8.7;1;360;1;1242;9;;;0;0
75116008;LONGCHAMP;48.854833;2.233667;27;20260704;0.0;1;10.7;1;345;9;31.4;1;1559;9;23.1;1;21.1;1;20.7;1;8.5;9;;;;;2.8;1;;;5.9;1;330;1;1712;9;9.8;1;350;9;2225;9;;;;;;;9.1;1;320;1;1657;9;;;0;0
75116008;LONGCHAMP;48.854833;2.233667;27;20260705;0.0;1;17.1;1;251;9;30.4;1;1518;9;23.0;1;23.8;1;13.3;1;14.5;9;;;0;9;2.5;1;;;4.9;1;340;1;1453;9;9.0;1;330;1;1202;9;;;;;;;8.4;1;330;1;1202;9;;;0;0
75116008;LONGCHAMP;48.854833;2.233667;27;20260706;0.0;1;14.0;1;410;9;35.5;1;1626;9;24.8;1;24.8;1;21.5;1;11.9;9;;;0;9;1.4;1;;;3.9;1;320;1;1500;9;8.6;1;330;1;1441;9;;;;;;;8.1;1;340;1;1441;9;;;0;0
75116008;LONGCHAMP;48.854833;2.233667;27;20260707;0.0;1;14.7;1;335;9;34.6;1;1330;9;25.7;1;24.7;1;19.9;1;12.5;9;;;0;9;2.1;1;;;5.9;1;350;1;1551;9;9.9;1;360;1;1546;9;;;;;;;8.6;1;340;1;1518;9;;;0;0
75116008;LONGCHAMP;48.854833;2.233667;27;20260708;0.0;1;14.3;1;315;9;34.4;1;1441;9;26.5;1;24.4;1;20.1;1;11.6;9;;;0;9;1.6;1;;;4.8;1;20;1;1402;9;8.7;1;360;1;1426;9;;;;;;;7.7;1;10;1;1426;9;;;0;0
75116008;LONGCHAMP;48.854833;2.233667;27;20260709;0.0;1;18.6;1;418;9;33.3;1;1508;9;27.5;1;26.0;1;14.7;1;16.5;9;;;0;9;2.8;1;;;5.2;1;20;1;1530;9;10.5;1;60;1;1226;9;;;;;;;9.7;1;60;1;1226;9;;;0;0
75116008;LONGCHAMP;48.854833;2.233667;27;20260710;0.0;1;17.9;1;357;9;35.1;1;1551;9;28.3;1;26.5;1;17.2;1;15.6;9;;;0;9;2.7;1;;;5.0;1;30;9;2021;9;10.3;1;60;1;1116;9;;;;;;;9.6;1;50;1;1116;9;;;0;0
75116008;LONGCHAMP;48.854833;2.233667;27;20260711;0.0;1;18.3;1;423;9;35.4;1;1345;9;28.5;1;26.9;1;17.1;1;15.2;9;;;0;9;2.9;1;;;5.9;1;10;1;1441;9;10.7;1;80;1;1341;9;;;;;;;10.2;1;80;1;1342;9;;;0;0
75116008;LONGCHAMP;48.854833;2.233667;27;20260712;0.0;1;19.1;1;339;9;35.2;1;1444;9;28.9;1;27.2;1;16.1;1;16.1;9;;;0;9;3.1;1;;;5.8;1;60;1;1323;9;11.0;1;80;1;1549;9;;;;;;;10.2;1;80;1;1549;9;;;0;0
75116008;LONGCHAMP;48.854833;2.233667;27;20260713;4.6;1;22.2;1;542;9;34.8;1;1256;9;28.0;1;28.5;1;12.6;1;19.1;9;;;0;9;3.6;1;;;6.1;1;30;1;1607;9;11.2;1;20;1;1538;9;;;;;;;10.4;1;20;1;1538;9;;;0;0
75116008;LONGCHAMP;48.854833;2.233667;27;20260714;0.0;1;20.5;1;453;9;35.6;1;1440;9;27.8;1;28.1;1;15.1;1;19.1;9;;;0;9;2.9;1;;;4.8;1;20;1;1609;9;10.1;1;320;1;1523;9;;;;;;;9.1;1;320;1;1523;9;;;0;0
75116008;LONGCHAMP;48.854833;2.233667;27;20260715;0.0;1;22.8;1;459;9;31.5;1;1454;9;27.3;1;27.2;1;8.7;1;20.4;9;;;0;9;3.0;1;;;5.6;1;30;1;1509;9;10.6;1;20;1;1104;9;;;;;;;9.4;1;10;1;1104;9;;;0;0
75116008;LONGCHAMP;48.854833;2.233667;27;20260716;4.2;1;17.3;1;420;9;33.8;1;1337;9;26.4;1;25.6;1;16.5;1;15.0;9;;;0;9;2.4;1;;;;;;;;;10.1;1;;;;;;;;;;;;;;;;;;;;
75116008;LONGCHAMP;48.854833;2.233667;27;20260717;0.0;1;16.9;1;329;9;27.9;1;1555;9;22.4;1;22.4;1;11.0;1;15.2;9;;;0;9;1.9;1;;;4.6;1;20;1;1616;9;7.0;1;30;1;1530;9;;;;;;;6.7;1;30;1;1530;9;;;0;0
75116008;LONGCHAMP;48.854833;2.233667;27;20260718;0.0;1;15.0;1;343;9;30.6;1;1443;9;23.2;1;22.8;1;15.6;1;13.0;9;;;0;9;2.5;1;;;7.8;1;360;1;1728;9;13.2;1;360;1;1725;9;;;;;;;11.6;1;360;1;1725;9;;;0;0
75116008;LONGCHAMP;48.854833;2.233667;27;20260719;0.0;1;14.5;1;445;9;24.3;1;1432;9;19.7;1;19.4;1;9.8;1;12.9;9;;;0;9;3.6;1;;;6.8;1;30;9;2030;9;11.9;1;30;9;2026;9;;;;;;;10.7;1;30;9;2026;9;;;0;0
75116008;LONGCHAMP;48.854833;2.233667;27;20260720;0.0;1;13.5;1;410;9;24.2;1;1551;9;19.1;1;18.9;1;10.7;1;11.5;9;;;0;9;3.9;1;;;6.6;1;20;1;1437;9;11.0;1;20;1;1431;9;;;;;;;10.5;1;10;1;1431;9;;;0;0
75116008;LONGCHAMP;48.854833;2.233667;27;20260721;0.0;1;14.1;1;447;9;26.3;1;1428;9;20.5;1;20.2;1;12.2;1;11.9;9;;;0;9;3.4;1;;;5.7;1;10;9;2154;9;10.4;1;20;1;1553;9;;;;;;;8.8;1;360;9;2148;9;;;0;0
75116008;LONGCHAMP;48.854833;2.233667;27;20260722;0.0;1;13.3;1;357;9;26.0;1;1629;9;20.5;1;19.7;1;12.7;1;10.8;9;;;0;9;3.4;1;;;6.0;1;20;1;1819;9;10.5;1;360;9;1939;9;;;;;;;9.3;1;20;1;1554;9;;;0;0
75116008;LONGCHAMP;48.854833;2.233667;27;20260723;0.0;1;13.4;1;405;9;25.8;1;1600;9;20.0;1;19.6;1;12.4;1;11.1;9;;;0;9;3.1;1;;;6.1;1;10;1;1115;9;10.0;1;20;1;1113;9;;;;;;;9.4;1;10;1;1107;9;;;0;0
75116008;LONGCHAMP;48.854833;2.233667;27;20260724;0.0;1;11.8;1;414;9;28.2;1;1504;9;21.1;1;20.0;1;16.4;1;9.6;9;;;0;9;1.9;1;;;4.9;1;70;1;953;9;9.1;1;20;1;1148;9;;;;;;;8.4;1;50;1;1152;9;;;0;0
75116008;LONGCHAMP;48.854833;2.233667;27;20260725;0.0;1;13.1;1;407;9;30.4;1;1417;9;22.8;1;21.8;1;17.3;1;10.6;9;;;0;9;2.2;1;;;5.3;1;330;1;1842;9;8.9;1;350;1;1323;9;;;;;;;8.1;1;340;1;1323;9;;;0;0
75116008;LONGCHAMP;48.854833;2.233667;27;20260726;0.0;1;15.8;1;431;9;26.9;1;1642;9;20.7;1;21.4;1;11.1;1;13.1;9;;;0;9;3.1;1;;;6.4;1;310;1;1834;9;12.4;1;250;1;1227;9;;;;;;;11.5;1;320;1;1827;9;;;0;0
